Name; Median Time; Min Time; Max Time; Median Frame Index; Min Frame Index; Max Frame Index; Min Depth; Max Depth; Total Time; Mean Time; Time Lower Quartile; Time Upper Quartile; Count Total; Count Median; Count Min; Count Max; Number of frames containing Marker; First Frame Index; Time Min Individual; Time Max Individual; Min Individual Frame; Max Individual Frame; Time at Median Frame
"Unity.RenderPipelines.Core.Runtime.dll!UnityEngine.Rendering::ProfilingScope..ctor()";51.49209;50.28721;270.8477;1372;1147;1446;5;19;15679.9616550179;52.26654;51.07029;51.8856;28896;96;96;192;300;1147;0.0021;44.1331;1251;1446;52.55029
"PlayerLoop";20.3898;19.6544;94.40701;1203;1425;1446;1;1;6232.1365892836;20.77379;20.1887;20.5839;901;3;3;4;300;1147;0.0001;44.6547;1232;1446;20.6867
"UnityEngine.CoreModule.dll!UnityEngine.Rendering::RenderPipelineManager.DoRenderLoop_Internal()";10.7839;10.4818;59.3837;1154;1165;1446;2;2;3287.80688762665;10.95936;10.6974;10.8835;301;1;1;2;300;1147;10.4818;44.1638;1165;1446;11.0198
"UnityEngine.CoreModule.dll!UnityEngine.Rendering::RenderPipeline.InternalRender()";10.767;10.4677;59.3485;1427;1165;1446;3;3;3282.9583940506;10.94319;10.6813;10.8689;301;1;1;2;300;1147;10.4677;44.1427;1165;1446;11.0031
"Unity.RenderPipelines.Universal.Runtime.dll!UnityEngine.Rendering.Universal::UniversalRenderPipeline.Render()";10.7659;10.4663;59.3456;1427;1165;1446;4;4;3282.53478336334;10.94178;10.6799;10.8676;301;1;1;2;300;1147;10.4663;44.1411;1165;1446;11.0014
"Unity.RenderPipelines.Universal.Runtime.dll!UnityEngine.Rendering.Universal::UniversalRenderPipeline.RenderCameraStack()";10.6509;10.3695;59.0742;1166;1165;1446;6;6;3249.6638841629;10.83221;10.5678;10.7568;301;1;1;2;300;1147;10.3695;43.9649;1165;1446;10.8975
"Unity.RenderPipelines.Universal.Runtime.dll!UnityEngine.Rendering.Universal::UniversalRenderPipeline.RenderSingleCamera()";9.1758;8.9132;52.8726;1207;1426;1446;8;8;2797.87809848785;9.326261;9.0882;9.2652;301;1;1;2;300;1147;8.9132;39.2066;1426;1446;9.3738
"EditorLoop";6.408;5.8944;3529.29;1405;1309;1446;1;1;6369.51386767626;21.23171;6.2463;7.0584;901;3;3;4;300;1147;0.5845;2348.821;1446;1446;6.2702
"Unity.RenderPipelines.Universal.Runtime.dll!UnityEngine.Rendering.Universal::ScriptableRenderer.Execute()";5.4074;5.2487;26.9128;1418;1303;1446;10;10;1644.1242980957;5.480414;5.3616;5.4457;301;1;1;2;300;1147;5.2487;19.5345;1303;1446;5.4872
"Unity.RenderPipelines.Universal.Runtime.dll!UnityEngine.Rendering.Universal::ScriptableRenderer.ExecuteBlock()";4.1363;3.9977;22.6759;1370;1312;1446;13;13;1260.2255935967;4.200752;4.1015;4.1717;1204;4;4;8;300;1147;0.2679;9.8887;1196;1446;4.2098
"Unity.RenderPipelines.Universal.Runtime.dll!UnityEngine.Rendering.Universal::ScriptableRenderer.ExecuteRenderPass()";4.0958;3.9574;22.55919;1325;1312;1446;14;14;1247.97539751232;4.159918;4.0614;4.1317;6622;22;22;44;300;1147;0.0528;2.6438;1406;1446;4.1639
"PreLateUpdate.ScriptRunBehaviourLateUpdate";3.8164;3.5935;10.2014;1354;1204;1446;2;2;1152.8469004631;3.842823;3.7656;3.8721;300;1;1;1;300;1147;3.5935;10.2014;1204;1446;3.7176
"LateBehaviourUpdate";3.8152;3.5931;10.1999;1354;1204;1446;3;3;1152.5077958107;3.841693;3.7647;3.8712;300;1;1;1;300;1147;3.5931;10.1999;1204;1446;3.7167
"Crest.dll!Crest::OceanRenderer.LateUpdate()";3.0332;2.8404;8.9053;1323;1221;1446;4;4;917.118599653244;3.057062;2.9915;3.0861;300;1;1;1;300;1147;2.8404;8.9053;1221;1446;2.9569
"Crest.dll!Crest::OceanRenderer.RunUpdate()";3.0299;2.8379;8.8992;1323;1221;1446;5;5;916.238996744156;3.05413;2.9885;3.0829;300;1;1;1;300;1147;2.8379;8.8992;1221;1446;2.9543
"Update.ScriptRunBehaviourUpdate";2.3894;2.2449;3.8144;1431;1444;1446;2;2;720.790401220322;2.402635;2.3519;2.4407;300;1;1;1;300;1147;2.2449;3.8144;1444;1446;2.5695
"BehaviourUpdate";2.3886;2.244;3.8136;1406;1444;1446;3;3;720.517197847366;2.401724;2.3511;2.4393;300;1;1;1;300;1147;2.244;3.8136;1444;1446;2.568
"Unity.RenderPipelines.Core.Runtime.dll!UnityEngine.Rendering::VolumeManager.Update()";2.3339;2.2076;6.663;1400;1390;1446;10;11;710.360297679901;2.367868;2.3078;2.364;602;2;2;4;300;1147;1.1035;2.183;1390;1446;2.3648
"WaitForJobGroupID";2.2238;1.9723;18.0414;1275;1415;1446;4;18;723.018697448773;2.410062;2.1014;2.358599;5798;19;17;41;300;1147;0.0005;14.2584;1167;1446;2.0917
"Crest.dll!Crest::BuildCommandBuffer.BuildAndExecute()";2.127;1.949;7.3965;1418;1414;1446;6;6;643.235198974609;2.144117;2.0953;2.1577;300;1;1;1;300;1147;1.949;7.3965;1414;1446;2.0758
"Semaphore.WaitForSignal";2.0228;1.7671;19.8413;1355;1386;1446;3;20;663.409197769317;2.211364;1.8998;2.1584;8177;27;19;72;300;1147;0;14.2574;1148;1446;1.8996
"Crest.dll!Crest::BuildCommandBuffer.BuildLodData()";1.7641;1.6139;5.7933;1381;1414;1446;7;7;531.512198209763;1.771707;1.744;1.7837;300;1;1;1;300;1147;1.6139;5.7933;1414;1446;1.7406
"PreLateUpdate.ParticleSystemBeginUpdateAll";1.5984;1.4652;14.5855;1292;1375;1446;2;2;539.847398519516;1.799491;1.5513;1.8225;300;1;1;1;300;1147;1.4652;14.5855;1375;1446;1.5602
"ParticleSystem.Update";1.5978;1.465;14.5846;1292;1375;1446;3;3;539.642998218536;1.79881;1.5507;1.8219;300;1;1;1;300;1147;1.465;14.5846;1375;1446;1.5595
"UnityEngine.CoreModule.dll!UnityEngine.Rendering::ScriptableRenderContext.Submit()";1.4414;1.2755;5.1998;1175;1426;1446;10;10;435.331798672676;1.451106;1.3896;1.4806;301;1;1;2;300;1147;1.2755;3.3398;1426;1446;1.4559
"UnityEngine.CoreModule.dll!UnityEngine.Rendering::ScriptableRenderContext.Submit_Internal()";1.44;1.2741;5.1947;1175;1426;1446;11;11;434.849599719048;1.449499;1.3882;1.4791;301;1;1;2;300;1147;1.2741;3.3362;1426;1446;1.4543
"UnityEngine.CoreModule.dll!UnityEngine.Rendering::ScriptableRenderContext.Submit_Internal_Injected()";1.4392;1.2734;5.193;1175;1426;1446;12;12;434.589798569679;1.448633;1.3873;1.4782;301;1;1;2;300;1147;1.2734;3.3353;1426;1446;1.4535
"Crest.dll!Crest::LodDataMgrAnimWaves.BuildCommandBuffer()";1.3427;1.29;2.3807;1242;1200;1446;8;8;404.981998920441;1.34994;1.332;1.355;300;1;1;1;300;1147;1.29;2.3807;1200;1446;1.3274
"UniversalRenderPipeline.RenderSingleCamera: === Main Camera ===";1.268;1.1156;4.7838;1159;1426;1446;13;13;384.335199356079;1.281117;1.2204;1.3083;301;1;1;2;300;1147;1.1156;3.1164;1426;1446;1.2812
"ScriptableRenderer.Execute: _Faoria URP 12.1.15 FWD Renderer";1.2218;1.0736;4.5407;1306;1426;1446;14;14;369.735099196434;1.23245;1.177;1.2573;301;1;1;2;300;1147;1.0736;3.0641;1426;1446;1.2416
"Unity.RenderPipelines.Universal.Runtime.dll!UnityEngine.Rendering.Universal::UniversalRenderPipeline.UpdateVolumeFramework()";1.1886;1.1235;3.3885;1210;1390;1446;8;8;362.039198756218;1.206797;1.1766;1.2051;301;1;1;2;300;1147;1.1235;2.219;1390;1446;1.2037
"Unity.RenderPipelines.Universal.Runtime.dll!UnityEngine.Rendering.Universal::UniversalRenderer.Setup()";1.0131;0.9418;5.4862;1279;1230;1446;11;11;309.051599621773;1.030172;0.9934;1.0332;301;1;1;2;300;1147;0.9418;3.6483;1230;1446;1.0685
"UnityEngine.CoreModule.dll!UnityEngine.Rendering::ScriptableRenderContext.Cull()";0.9983;0.9103;7.8551;1254;1267;1446;10;10;307.918299257755;1.026394;0.982;1.0267;301;1;1;2;300;1147;0.9103;5.5685;1267;1446;1.0412
"UnityEngine.CoreModule.dll!UnityEngine.Rendering::ScriptableRenderContext.Internal_Cull()";0.9971;0.909;7.8516;1254;1267;1446;11;11;307.451998710632;1.02484;0.9808;1.0254;301;1;1;2;300;1147;0.909;5.5663;1267;1446;1.0398
"UnityEngine.CoreModule.dll!UnityEngine.Rendering::ScriptableRenderContext.Internal_Cull_Injected()";0.9965;0.9086;7.8505;1254;1267;1446;12;12;307.297299206257;1.024324;0.9803;1.0249;301;1;1;2;300;1147;0.9086;5.5656;1267;1446;1.0393
"CullScriptable";0.995;0.9072;7.8464;1254;1267;1446;13;13;306.787699282169;1.022626;0.9787;1.0235;301;1;1;2;300;1147;0.9072;5.5636;1267;1446;1.0376
"mscorlib.dll!System::String.memcpy()";0.985211;0.9578108;2.899695;1435;1242;1446;7;24;298.145903477183;0.9938197;0.9787118;0.9951113;597207;1988;1960;3701;300;1147;0.0004;0.0688;1147;1446;0.9779109
"UnityEngine.CoreModule.dll!UnityEngine::Object.CompareBaseObjects()";0.9827973;0.9369972;2.666923;1380;1444;1446;5;25;296.858092631242;0.989527;0.9703965;0.9960971;518626;1723;1636;2731;300;1147;0;0.0802;1147;1151;0.9891967
"Unity.RenderPipelines.Universal.Runtime.dll!UnityEngine.Rendering.Universal::ScriptableRenderer.SetRenderPassAttachments()";0.982;0.95;2.988;1403;1256;1446;17;17;297.046098388731;0.9901537;0.9725999;0.9931001;6622;22;22;44;300;1147;0.0337;0.1288;1395;1382;0.9994999
"Crest.dll!Crest::LodDataMgr.SubmitDrawsFiltered()";0.8912;0.862;1.571;1295;1200;1446;9;9;268.751899268478;0.8958397;0.8827001;0.8993999;4200;14;14;14;300;1147;0.0459;0.2438;1213;1446;0.8926
"Profiler.FlushCounters";0.8314;0.6536;1.0932;1244;1343;1302;1;1;248.82419937849;0.829414;0.8099;0.8495;300;1;1;1;300;1147;0.6536;1.0932;1343;1302;0.7793
"UnityEngine.CoreModule.dll!UnityEngine::Object.op_Equality()";0.8223014;0.7925005;2.27319;1154;1165;1446;5;24;248.665094020034;0.8288836;0.8135008;0.8330002;308080;1025;991;1674;300;1147;0.0002;0.0803;1147;1151;0.8268003
"RenderLoop.ScheduleDraw";0.8052999;0.7366999;1.6259;1300;1245;1446;16;17;243.609499478916;0.8120317;0.7868;0.8235;2709;9;9;18;300;1147;0.0004;0.2969;1277;1371;0.8243001
"Profiler.FlushMemoryCounters";0.7916;0.6215;1.0556;1390;1343;1302;2;2;236.89909940958;0.7896637;0.7716;0.8093;300;1;1;1;300;1147;0.6215;1.0556;1343;1302;0.7448
"Unity.RenderPipelines.Core.Runtime.dll!UnityEngine.Rendering::TextureCurve.Evaluate()";0.7866947;0.7866947;0.7866947;1446;1446;1446;19;19;0.78669997752877;0.7867;0.7866947;0.7866947;1024;1024;1024;1024;1;1446;0.0005;0.0078;1446;1446;0
"UnityEngine.CoreModule.dll!UnityEngine::Object.IsNativeObjectAlive()";0.6923057;0.6605058;1.88576;1391;1360;1446;7;26;209.099397783284;0.696998;0.6819054;0.7022061;429033;1426;1349;2350;300;1147;0.0003;0.0798;1147;1151;0.7022061
"Unity.RenderPipelines.Core.Runtime.dll!UnityEngine.Rendering::VolumeManager.OverrideData()";0.691;0.6643;1.9098;1190;1390;1446;12;12;210.554599493742;0.7018487;0.6855;0.6991;602;2;2;4;300;1147;0.3215;0.6833;1444;1446;0.6946
"Unity.RenderPipelines.Core.Runtime.dll!UnityEngine.Rendering::VolumeComponent.Override()";0.6784;0.6531;1.879;1431;1390;1446;13;13;206.544199496508;0.6884807;0.6728;0.6856;602;2;2;4;300;1147;0.3178;0.6721;1444;1446;0.6795
"mscorlib.dll!System::Buffer.Memcpy()";0.6421936;0.6203937;1.872847;1377;1406;1446;8;25;194.116892600257;0.6470563;0.6349937;0.6483937;598227;1991;1963;3824;300;1147;0.0002;0.0538;1147;1351;0.6437934
"Assembly-CSharp.dll!::EnviroSky.Update()";0.627;0.5934;1.3584;1287;1178;1446;4;4;189.632899403572;0.6321096;0.6166;0.6415;300;1;1;1;300;1147;0.5934;1.3584;1178;1446;0.6912
"AwesomeTechnologies.VegetationStudioPro.Runtime.dll!AwesomeTechnologies.VegetationSystem::VegetationSystemPro.LateUpdate()";0.6109;0.576;1.0375;1401;1290;1446;4;4;184.455399632454;0.6148514;0.5993;0.6252;300;1;1;1;300;1147;0.576;1.0375;1290;1446;0.5867
"UnityEngine.CoreModule.dll!UnityEngine::SystemInfo.SupportsRenderTextureFormat()";0.5671;0.5671;0.5671;1446;1446;1446;16;16;0.567099988460541;0.5671;0.5671;0.5671;3;3;3;3;1;1446;0.176;0.2091;1446;1446;0
"UnityEngine.CoreModule.dll!UnityEngine::SystemInfo.IsValidEnumValue()";0.5588;0.5588;0.5588;1446;1446;1446;17;17;0.558800011873245;0.5588;0.5588;0.5588;3;3;3;3;1;1446;0.1747;0.2042;1446;1446;0
"SceneCulling";0.5319;0.499;3.5957;1255;1352;1446;14;14;163.68429929018;0.5456143;0.5241;0.544;301;1;1;2;300;1147;0.499;2.9196;1352;1446;0.5378
"AwesomeTechnologies.VegetationStudioPro.Runtime.dll!AwesomeTechnologies.VegetationSystem::VegetationSystemPro.Update()";0.5104;0.4392;0.7904;1392;1269;1446;4;4;154.498999834061;0.5149966;0.4972;0.5296;300;1;1;1;300;1147;0.4392;0.7904;1269;1446;0.5379
"Assembly-CSharp.dll!UnityEngine.Rendering.LWRP::EnviroBlitPassShafts.Execute()";0.4864;0.4545;3.159;1221;1398;1446;16;16;149.282599464059;0.4976087;0.4781;0.496;602;2;2;4;300;1147;0.2048;2.0265;1147;1446;0.4935
"UnityEngine.CoreModule.dll!UnityEngine::SystemInfo.IsEnumValueObsolete()";0.4825;0.4825;0.4825;1446;1446;1446;18;18;0.482500001788139;0.4825;0.4825;0.4825;3;3;3;3;1;1446;0.155;0.172;1446;1446;0
"UnityEngine.CoreModule.dll!UnityEngine.Rendering::CommandBuffer.DrawMesh()";0.4801;0.4532;1.4221;1412;1254;1446;18;23;145.912099509966;0.4863737;0.4696001;0.4942;31308;104;104;212;300;1147;0.003;0.0238;1212;1368;0.4658
"UnityEditor.CoreModule.dll!UnityEditor::MaterialEditor.ApplyMaterialPropertyDrawersFromNative()";0.4565;0.4565;0.4565;1446;1446;1446;14;20;0.456499999854714;0.4565;0.4565;0.4565;11;11;11;11;1;1446;0.006;0.1111;1446;1446;0
"UnityEditor.CoreModule.dll!UnityEditor::MaterialEditor.ApplyMaterialPropertyDrawers()";0.4403;0.4403;0.4403;1446;1446;1446;15;21;0.440299998037517;0.4403;0.4403;0.4403;11;11;11;11;1;1446;0.005;0.1093;1446;1446;0
"CullSendEvents";0.4372;0.4173;1.5367;1152;1352;1446;15;15;132.685599774122;0.4422853;0.4311;0.4444;301;1;1;2;300;1147;0.4173;0.9721;1352;1446;0.4472
"UnityEngine.CoreModule.dll!UnityEngine.Rendering::RenderTargetIdentifier.op_Implicit()";0.4243;0.3887008;1.676635;1239;1242;1446;9;21;128.753096795321;0.429177;0.4183002;0.4317;229850;765;751;1631;300;1147;0.0002;0.0456;1147;1181;0.4179
"Assembly-CSharp.dll!UnityEngine.Rendering.LWRP::EnviroBlitPassVolumeClouds.Execute()";0.4214;0.3827;1.4341;1352;1266;1446;16;16;127.810299903154;0.4260343;0.4105;0.4355;301;1;1;2;300;1147;0.3827;0.8292;1266;1446;0.4329
"Assembly-CSharp.dll!UnityEngine.Rendering.LWRP::EnviroDistanceBlurPass.Execute()";0.409;0.3802;1.3013;1200;1255;1446;16;16;124.404899835587;0.414683;0.403;0.4175;301;1;1;2;300;1147;0.3802;0.7714;1255;1446;0.4146
"Crest.dll!Crest::OceanChunkRenderer.OnWillRenderObject()";0.3791;0.364;0.9644998;1393;1230;1446;16;16;114.663799449336;0.3822127;0.3749;0.3852;9015;30;30;45;300;1147;0.0044;0.1283;1446;1446;0.3869001
"Unity.RenderPipelines.Core.Runtime.dll!UnityEngine.Rendering::VolumeManager.ReplaceData()";0.3726;0.344;1.1344;1211;1160;1446;12;12;113.904699742794;0.3796823;0.3647;0.3831;301;1;1;2;300;1147;0.344;0.7777;1160;1446;0.3847
"Unity.RenderPipelines.Universal.Runtime.dll!UnityEngine.Rendering.Universal::ScriptableRenderer.AddRenderPasses()";0.3704;0.3401;1.5527;1276;1151;1446;12;12;112.681099742651;0.3756037;0.3623;0.379;301;1;1;2;300;1147;0.3401;0.9701;1151;1446;0.3935
"UnityEngine.CoreModule.dll!UnityEngine::Graphics.ExecuteCommandBuffer()";0.3526;0.2926;1.5895;1187;1334;1446;7;7;109.295499712229;0.3643183;0.3299;0.3793;300;1;1;1;300;1147;0.2926;1.5895;1334;1446;0.329
"UnityEditor.CoreModule.dll!UnityEditor::MaterialPropertyHandler.GetHandler()";0.3495;0.3495;0.3495;1446;1446;1446;16;16;0.349500000476837;0.3495;0.3495;0.3495;18;18;18;18;1;1446;0.0161;0.0324;1446;1446;0
"mscorlib.dll!System::RuntimeType.GetFields()";0.333;0.333;0.333;1446;1446;1446;19;19;0.332999996840954;0.333;0.333;0.333;3;3;3;3;1;1446;0.0965;0.1195;1446;1446;0
"mscorlib.dll!System::RuntimeType.GetFieldCandidates()";0.3299;0.3299;0.3299;1446;1446;1446;20;20;0.329899996519089;0.3299;0.3299;0.3299;3;3;3;3;1;1446;0.0959;0.1184;1446;1446;0
"UnityEngine.CoreModule.dll!UnityEngine::Object.op_Inequality()";0.3272004;0.2762001;0.8160993;1372;1444;1446;5;22;98.8915976669232;0.3296387;0.3218003;0.3340003;148543;494;441;695;300;1147;0.0002;0.0579;1147;1173;0.3262003
"RenderLoop.Draw";0.3196;0.2945;0.5849001;1353;1245;1446;18;18;96.9711997658014;0.3232373;0.3138;0.3284;903;3;3;6;300;1147;0.0493;0.2837;1426;1371;0.3187
"Unity.RenderPipelines.Universal.Runtime.dll!UnityEngine.Rendering.Universal::RenderingUtils.GetValidColorBufferCount()";0.3168;0.2981;1.0009;1399;1305;1446;18;19;96.1812995141372;0.3206043;0.3098;0.3258;13244;44;44;88;300;1147;0.0062;0.0524;1236;1181;0.3088
"UnityEngine.CoreModule.dll!UnityEngine.Rendering::RenderTargetIdentifier..ctor()";0.307698;0.2802992;1.265217;1285;1365;1446;10;22;93.541899152704;0.3118063;0.3027979;0.3153978;256997;856;835;1842;300;1147;0;0.0187;1147;1302;0.3012979
"UnityEngine.UI.dll!UnityEngine.EventSystems::StandaloneInputModule.ProcessMouseEvent()";0.307;0.2673;0.3852;1356;1344;1171;6;7;91.3609997630119;0.308652;0.2871;0.3256;592;2;2;2;296;1147;0.1333;0.193;1344;1171;0.3646
"UnityEngine.CoreModule.dll!UnityEngine.Rendering::CommandBuffer.DrawProcedural()";0.2954;0.2738;0.5002999;1354;1278;1446;10;13;89.2092987280339;0.2973643;0.2866001;0.3030001;28800;96;96;96;300;1147;0.002;0.0194;1148;1407;0.2743
"FixedUpdate.PhysicsFixedUpdate";0.2938;0.2194;3.3492;1379;1357;1446;2;2;106.719099760056;0.3557303;0.2463;0.4374;449;1;1;16;300;1147;0.167;0.3758;1277;1235;0.2639
"mscorlib.dll!System::Buffer.memcpy4()";0.2931012;0.2798018;0.7861986;1301;1228;1446;9;26;88.5467977062217;0.295156;0.2892013;0.2971011;597879;1990;1962;3775;300;1147;0.0001;0.0484;1147;1305;0.2949016
"UnityEngine.CoreModule.dll!UnityEngine.Rendering::ScriptableRenderContext.ExecuteCommandBuffer()";0.2826;0.2565;18.8027;1386;1252;1446;9;20;103.999999741092;0.3466667;0.2765;0.2915;19264;64;64;128;300;1147;0.0021;6.4783;1303;1446;0.2786
"Crest.dll!Crest::OceanChunkRenderer.BindOceanData()";0.2813;0.2678;0.7143002;1260;1230;1446;17;17;85.1135994376382;0.283712;0.2774;0.2862;9015;30;30;45;300;1147;0.0015;0.1214;1446;1446;0.2855
"Unity.RenderPipelines.Universal.Runtime.dll!UnityEngine.Rendering.Universal::ScriptableRenderer.SetupNativeRenderPassFrameData()";0.2714;0.2597;0.7932;1430;1285;1446;12;12;82.5260997116566;0.275087;0.2676;0.2767;301;1;1;2;300;1147;0.2597;0.5038;1285;1446;0.2685
"Physics.Simulate";0.2712;0.1994;3.1321;1379;1357;1446;3;3;97.8076994866133;0.3260257;0.2232;0.4008;449;1;1;16;300;1147;0.159;0.3469;1237;1235;0.2411
"mscorlib.dll!System.Collections.ObjectModel::ReadOnlyCollection`1.get_Item()";0.2655022;0.2517025;0.7408816;1392;1410;1446;14;14;80.9781971315242;0.2699273;0.2623022;0.2692022;315448;1048;1048;2096;300;1147;0.0002;0.0857;1147;1407;0.2652022
"mscorlib.dll!System::RuntimeType.GetFields_internal()";0.2629;0.2629;0.2629;1446;1446;1446;21;21;0.262899994850159;0.2629;0.2629;0.2629;3;3;3;3;1;1446;0.0764;0.0946;1446;1446;0
"Crest.dll!::WaveBatch.get_Enabled()";0.2597005;0.2489005;0.4612002;1332;1168;1446;10;10;78.3960994852241;0.2613203;0.2566005;0.2630005;67200;224;224;224;300;1147;0.001;0.048;1147;1254;0.2709004
"MainLightShadow";0.2565;0.2094;0.4901;1149;1426;1446;15;15;79.3228998929262;0.2644097;0.2364;0.283;301;1;1;2;300;1147;0.2094;0.3959;1426;1298;0.2494
"CrestLodData";0.2489;0.2031;0.3932;1160;1291;1446;8;8;76.6177999675274;0.2553927;0.2333;0.2662;300;1;1;1;300;1147;0.2031;0.3932;1291;1446;0.2428
"Unity.RenderPipelines.Universal.Runtime.dll!UnityEngine.Rendering.Universal::UniversalRenderer.SetupLights()";0.2458;0.2267;1.217;1367;1281;1446;13;13;75.0300998538733;0.2501003;0.2392;0.2529;301;1;1;2;300;1147;0.2267;0.9771;1281;1446;0.2528
"Assembly-CSharp.dll!::EnviroSky.SetMaterialsVariables()";0.2453;0.2257;0.4473;1308;1174;1446;5;5;74.2336997240782;0.2474457;0.2389;0.2528;300;1;1;1;300;1147;0.2257;0.4473;1174;1446;0.2996
"Unity.RenderPipelines.Universal.Runtime.dll!UnityEngine.Rendering.Universal.Internal::ForwardLights.Setup()";0.2405;0.2219;1.2018;1361;1281;1446;14;14;73.4173999279737;0.2447247;0.2336;0.2475;301;1;1;2;300;1147;0.2219;0.967;1281;1446;0.2477
"Unity.RenderPipelines.Core.Runtime.dll!UnityEngine.Rendering::ProfilingScope.Dispose()";0.2300999;0.2187999;4.120595;1345;1265;1446;6;21;73.3975989917526;0.2446587;0.2256999;0.2345999;57792;192;192;384;300;1147;0.0005;1.7813;1147;1446;0.2344999
"Shadows.ExecuteDrawShadows";0.2293;0.1866;0.4326;1430;1426;1446;16;16;70.7003995589912;0.235668;0.2126;0.2515;1204;4;4;8;300;1147;0.033;0.1784;1425;1315;0.2167
"Unity.RenderPipelines.Core.Runtime.dll!UnityEngine.Rendering::VolumeParameter`1.SetValue()";0.2288011;0.2134009;0.7066034;1321;1390;1446;13;13;70.1579990813043;0.23386;0.2242009;0.2353011;132741;441;441;882;300;1147;0.0003;0.0743;1147;1287;0.244601
"UnityEngine.UI.dll!UnityEngine.EventSystems::EventSystem.Update()";0.227;0.0471;0.3836;1166;1444;1443;4;4;67.9947998300195;0.2266493;0.2165;0.2355;300;1;1;1;300;1147;0.0471;0.3836;1444;1443;0.2598
"StdRender.ApplyShader";0.2261;0.2081;0.4116001;1254;1245;1446;19;19;68.6951996665448;0.228984;0.2215;0.2329;3906;13;13;19;300;1147;0.0076;0.0584;1373;1431;0.2229
"Unity.RenderPipelines.Universal.Runtime.dll!UnityEngine.Rendering.Universal.Internal::MainLightShadowCasterPass.Setup()";0.2255;0.2127;0.948;1267;1230;1446;12;12;69.4450997114182;0.2314837;0.2213;0.2338;301;1;1;2;300;1147;0.2127;0.5198;1230;1446;0.2341
"mscorlib.dll!System.Collections.Generic::Dictionary`2.TryGetValue()";0.2239;0.1979001;0.9131996;1226;1264;1446;6;20;68.1017999933683;0.227006;0.2184;0.2302001;31669;105;97;224;300;1147;0.0003;0.0566;1157;1150;0.2309
"Crest.dll!Crest::LodDataMgr.SubmitDraws()";0.2227;0.1581;1.373;1390;1425;1446;9;9;66.3909996966831;0.2213033;0.2187;0.228;3990;14;7;77;300;1147;0.0073;0.0723;1167;1446;0.2122
"Assembly-CSharp.dll!::EnviroSky.UpdateWeather()";0.2218;0.2074;0.6649;1380;1387;1446;5;5;67.6738998889923;0.2255797;0.2175;0.2275;300;1;1;1;300;1147;0.2074;0.6649;1387;1446;0.2185
"mscorlib.dll!System.Collections.Generic::Dictionary`2.FindEntry()";0.2201;0.1948;0.8617999;1182;1264;1446;7;21;66.9852996338595;0.2232843;0.2148;0.2265;32269;107;99;226;300;1147;0.0001;0.0562;1148;1150;0.2301999
"Crest.dll!Crest::LodDataMgrSeaFloorDepth.BuildCommandBuffer()";0.2195;0.2046;0.3971;1274;1200;1446;8;8;66.3525997549295;0.2211753;0.2149;0.2255;300;1;1;1;300;1147;0.2046;0.3971;1200;1446;0.2151
"Unity.RenderPipelines.Universal.Runtime.dll!UnityEngine.Rendering.Universal::ScriptableRenderer.GetCameraClearFlag()";0.217;0.2037;0.6446;1375;1258;1446;18;18;65.8241996923462;0.219414;0.2134;0.2225;6622;22;22;44;300;1147;0.0076;0.0941;1251;1382;0.2225
"AwesomeTechnologies.VegetationStudioPro.Runtime.dll!AwesomeTechnologies.VegetationSystem::VegetationSystemPro.LoadBillboardCells()";0.2163;0.2033;0.3718;1313;1317;1446;5;5;65.3338998556137;0.2177797;0.2114;0.2215;300;1;1;1;300;1147;0.2033;0.3718;1317;1446;0.2076
"Crest.dll!Crest::OceanRenderer.LateUpdateLods()";0.2156;0.2057;0.3656;1252;1239;1446;6;6;65.2119998037815;0.2173733;0.2122;0.2198;300;1;1;1;300;1147;0.2057;0.3656;1239;1446;0.2229
"Unity.Collections.dll!Unity.Collections::NativeList`1.get_Item()";0.2152004;0.2015003;0.3725999;1202;1300;1446;6;8;64.7930982129183;0.215977;0.2121003;0.2188003;48600;162;162;162;300;1147;0.0011;0.0387;1147;1193;0.2118003
"Load billboard cells";0.2148;0.2017;0.3687;1261;1317;1446;6;6;64.8203998655081;0.216068;0.2099;0.2197;300;1;1;1;300;1147;0.2017;0.3687;1317;1446;0.2061
"UnityEngine.CoreModule.dll!UnityEngine::Texture2D..ctor()";0.2148;0.2148;0.2148;1446;1446;1446;19;20;0.21480000205338;0.2148;0.2148;0.2148;16;16;16;16;1;1446;0.0085;0.0331;1446;1446;0
"GUI.Repaint";0.2146;0.1883;0.3877;1411;1309;1446;2;2;64.8736998438835;0.2162457;0.2063;0.2225;301;1;1;2;300;1147;0.153;0.3457;1446;1152;0.2254
"Shadows.ScheduleRenderJobs";0.2128;0.1723;0.4027;1363;1426;1446;17;17;65.8428996391594;0.2194763;0.1977;0.2345;1204;4;4;8;300;1147;0.0303;0.1743;1425;1315;0.201
"Crest.dll!Crest::LodDataMgrAnimWaves.CombinePassPingPong()";0.2122;0.2018;0.4049;1208;1383;1446;9;9;64.5487997978926;0.2151627;0.209;0.2177;300;1;1;1;300;1147;0.2018;0.4049;1383;1446;0.2104
"Crest.dll!Crest::LodTransform.UpdateTransforms()";0.212;0.2028;0.359;1207;1239;1446;7;7;64.1845997273922;0.2139487;0.2091;0.2157;300;1;1;1;300;1147;0.2028;0.359;1239;1446;0.2197
"Unity.RenderPipelines.Universal.Runtime.dll!UnityEngine.Rendering.Universal.Internal::MainLightShadowCasterPass.Execute()";0.2111;0.1913;0.5841;1360;1199;1446;16;16;64.0744998455048;0.2135817;0.2052;0.2178;301;1;1;2;300;1147;0.1913;0.3642;1199;1446;0.2052
"Unity.RenderPipelines.Universal.Runtime.dll!UnityEngine.Rendering.Universal.Internal::MainLightShadowCasterPass.RenderMainLightCascadeShadowmap()";0.2096;0.19;0.5802;1387;1199;1446;17;17;63.662899851799;0.2122097;0.2038;0.2165;301;1;1;2;300;1147;0.19;0.3619;1199;1446;0.2037
"Crest.dll!Crest::OceanRenderer.LateUpdateTiles()";0.2086;0.1834;0.3786;1281;1398;1446;6;6;63.1612997204065;0.2105377;0.2014;0.2168;300;1;1;1;300;1147;0.1834;0.3786;1398;1446;0.1946
"Unity.RenderPipelines.Universal.Runtime.dll!UnityEngine.Rendering.Universal::DebugHandler.IsActiveForCamera()";0.2068;0.1959;0.6301001;1297;1251;1446;12;21;62.7815996909048;0.209272;0.2033;0.2119001;15351;51;51;102;300;1147;0.0031;0.0207;1203;1175;0.2184
"Unity.RenderPipelines.Universal.Runtime.dll!::BeautifyRenderPass.Execute()";0.2051;0.192;0.6827;1261;1196;1446;16;16;62.3941998928785;0.2079807;0.2007;0.2108;301;1;1;2;300;1147;0.192;0.3859;1196;1446;0.2142
"UnityEngine.CoreModule.dll!UnityEngine::Shader.PropertyToID()";0.2019002;0.1784001;0.3740003;1436;1291;1446;6;21;61.0326990250906;0.2034423;0.1936002;0.2109002;95586;318;318;504;300;1147;0.0001;0.0403;1147;1361;0.2009002
"AwesomeTechnologies.VegetationStudioPro.Runtime.dll!AwesomeTechnologies.VegetationSystem::VegetationSystemPro.RenderBillboardCells()";0.1999;0.1895;0.312;1195;1156;1446;5;5;60.2759997844696;0.20092;0.1951;0.2041;300;1;1;1;300;1147;0.1895;0.312;1156;1446;0.1922
"Draw billboards";0.1989;0.1887;0.31;1322;1239;1446;6;6;59.9837997555733;0.199946;0.1941;0.2032;300;1;1;1;300;1147;0.1887;0.31;1239;1446;0.1909
"mscorlib.dll!System.Collections.Generic::List`1.get_Item()";0.1988027;0.1825024;0.4840817;1425;1158;1446;4;20;60.3269985275256;0.20109;0.1944025;0.2037027;683325;2272;2242;3826;300;1147;0;0.0344;1147;1257;0.1926026
"Crest.dll!Crest::LodDataMgrPersistent.BuildCommandBuffer()";0.1984;0.0796;3.0111;1262;1400;1446;8;8;59.1360999271274;0.1971203;0.1939;0.2052;300;1;1;1;300;1147;0.0796;3.0111;1400;1446;0.195
"Unity.RenderPipelines.Universal.Runtime.dll!UnityEngine.Rendering.Universal.Internal::PostProcessPass.Execute()";0.1913;0.1701;0.6123;1347;1147;1446;16;16;58.2323999106884;0.194108;0.1865;0.1973;301;1;1;2;300;1147;0.1701;0.375;1147;1446;0.1871
"Find billboard cells with quadtree";0.1911;0.1785;0.3346;1346;1204;1446;7;7;57.6556998044252;0.1921857;0.1866;0.1953;300;1;1;1;300;1147;0.1785;0.3346;1204;1446;0.1815
"Unity.RenderPipelines.Universal.Runtime.dll!::BeautifyRenderPass.ExecutePass()";0.1899;0.178;0.6185;1348;1196;1446;17;17;57.8321996480227;0.192774;0.1862;0.1952;301;1;1;2;300;1147;0.178;0.3472;1196;1446;0.1995
"AwesomeTechnologies.VegetationStudioPro.Runtime.dll!AwesomeTechnologies.VegetationSystem::VegetationStudioCamera.ScheduleCullVegetationJob()";0.1898;0.1653;0.3002;1443;1211;1446;5;5;57.2641998082399;0.1908807;0.1846;0.195;300;1;1;1;300;1147;0.1653;0.3002;1211;1446;0.197
"DrawTransparentObjects";0.1892;0.1702;0.3022;1206;1277;1371;15;15;57.3093998655677;0.1910313;0.1855;0.1938;301;1;1;2;300;1147;0.0911;0.3022;1446;1371;0.1888
"Unity.RenderPipelines.Universal.Runtime.dll!UnityEngine.Rendering.Universal::ScriptableRenderer.InternalStartRendering()";0.1892;0.1753;0.6316;1313;1246;1446;12;12;57.616099730134;0.1920537;0.184;0.1957;301;1;1;2;300;1147;0.1753;0.4207;1246;1446;0.1885
"AwesomeTechnologies.VegetationStudioPro.Runtime.dll!AwesomeTechnologies.Utility.Culling::JobCullingGroup.Cull()";0.1875;0.1631;0.2957;1338;1211;1446;6;6;56.5113997794688;0.1883713;0.1822;0.1927;600;2;2;2;300;1147;0.0613;0.194;1211;1446;0.1944
"Unity.RenderPipelines.Universal.Runtime.dll!UnityEngine.Rendering.Universal::DebugHandler.get_AreAnySettingsActive()";0.1862999;0.1768;0.5654001;1304;1258;1446;13;22;56.5344998594373;0.1884483;0.1824999;0.1914;15351;51;51;102;300;1147;0.0028;0.0203;1345;1175;0.1982
"UnityEngine.CoreModule.dll!UnityEngine.Rendering::ScriptableRenderContext.ExecuteCommandBuffer_Internal()";0.1861;0.1652;18.52329;1245;1252;1446;10;21;74.9340999135748;0.2497803;0.1805;0.1967;19264;64;64;128;300;1147;0.001;6.4724;1215;1446;0.1856
"Assembly-CSharp.dll!::EnviroSky.UpdateEffectSystems()";0.1846;0.1743;0.6071;1284;1387;1446;6;6;56.5529998540878;0.18851;0.1815;0.1908;300;1;1;1;300;1147;0.1743;0.6071;1387;1446;0.1821
"Unity.RenderPipelines.Universal.Runtime.dll!UnityEngine.Rendering.Universal::DebugDisplaySettings.get_AreAnySettingsActive()";0.1833;0.1733;0.5474;1394;1251;1446;13;23;55.5268998972606;0.1850897;0.1791;0.1882;15652;52;52;104;300;1147;0.0027;0.0207;1155;1282;0.1957999
"Crest.dll!Crest::OceanRenderer.get_Gravity()";0.1828997;0.1717997;0.3169001;1294;1277;1446;11;11;55.1354986101505;0.183785;0.1796997;0.1865997;67200;224;224;224;300;1147;0.0007;0.0457;1147;1229;0.1876997
"UnityEngine.UI.dll!UnityEngine.EventSystems::StandaloneInputModule.Process()";0.1819;0.0013;0.2212;1411;1445;1171;5;5;54.122799906414;0.1804093;0.1714;0.1913;300;1;1;1;300;1147;0.0013;0.2212;1445;1171;0.2117
"Assembly-CSharp.dll!::EnviroSky.get_instance()";0.1817001;0.1734;0.5771989;1339;1258;1446;6;19;55.0855994708254;0.1836187;0.178;0.1851;57773;192;192;348;300;1147;0.0008;0.0555;1147;1288;0.1969001
"UnityEngine.CoreModule.dll!Unity.Collections::NativeArray`1..ctor()";0.1808999;0.1717;0.5462;1212;1213;1446;13;20;54.9251000229269;0.1830837;0.1779;0.1851999;14749;49;49;98;300;1147;0.0029;0.0368;1172;1337;0.1799999
"Crest.dll!::WaveBatch.Draw()";0.1792;0.1686;0.3167;1215;1278;1446;10;10;54.3359999181703;0.18112;0.1765;0.1829;5400;18;18;18;300;1147;0.0088;0.0373;1150;1380;0.1696
"UnityEngine.CoreModule.dll!UnityEngine.Rendering::ScriptableRenderContext.ExecuteCommandBuffer_Internal_Injected()";0.1717;0.1512;18.4735;1241;1252;1446;11;22;70.4808998739463;0.2349363;0.1658;0.1815;19264;64;64;128;300;1147;0.0008;6.471;1215;1446;0.172
"Unity.RenderPipelines.Universal.Runtime.dll!UnityEngine.Rendering.Universal::ScriptableRenderer.SetRenderTarget()";0.1706;0.1602;0.5078999;1298;1166;1446;18;19;52.0034997086041;0.173345;0.1663;0.1767;10836;36;36;72;300;1147;0.0022;0.0241;1218;1446;0.1758
"Unity.RenderPipelines.Universal.Runtime.dll!UnityEngine.Rendering.Universal::UniversalRenderPipeline.InitializeCameraData()";0.1682;0.1484;2.3724;1437;1182;1446;8;8;53.4101998955011;0.178034;0.1608;0.1754;301;1;1;2;300;1147;0.1484;2.2087;1182;1446;0.1833
"Assembly-CSharp.dll!::EnviroSky.UpdateSkyShaderVariables()";0.1663;0.1499;0.2668;1260;1174;1446;6;6;50.3930998891592;0.167977;0.1603;0.1717;300;1;1;1;300;1147;0.1499;0.2668;1174;1446;0.2214
"Assembly-CSharp.dll!UnityEngine.Rendering.LWRP::EnviroBlitPassVolumeClouds.SetCloudProperties()";0.1663;0.1459;0.5415;1386;1295;1446;17;17;50.4756998866796;0.1682523;0.1589;0.1739;301;1;1;2;300;1147;0.1459;0.3435;1295;1446;0.1764
"Unity.RenderPipelines.Universal.Runtime.dll!UnityEngine.Rendering.Universal.Internal::ForwardLights.SetupShaderLightConstants()";0.1662;0.1504;0.4466;1334;1272;1446;16;16;50.499499887228;0.1683317;0.162;0.1719;301;1;1;2;300;1147;0.1504;0.2814;1272;1446;0.1672
"Unity.RenderPipelines.Universal.Runtime.dll!UnityEngine.Rendering.Universal::UniversalRenderPipeline.InitializeRenderingData()";0.164;0.1465;0.4389;1177;1249;1446;10;10;49.8030997812748;0.1660103;0.1604;0.1695;301;1;1;2;300;1147;0.1465;0.2701;1249;1446;0.1741
"UnityEngine.CoreModule.dll!UnityEngine.Rendering::RenderTargetIdentifier.op_Inequality()";0.1638004;0.1535002;0.5333019;1396;1305;1446;18;20;49.6299990959233;0.1654333;0.1595003;0.1686004;121905;405;405;810;300;1147;0.0002;0.0131;1147;1446;0.1563002
"Prepare VegetationCell culling jobs";0.1635;0.1416;0.2485;1337;1211;1446;7;7;49.2390998825431;0.1641303;0.1576;0.1689;600;2;2;2;300;1147;0.0531;0.161;1211;1446;0.1706
"Unity.RenderPipelines.Universal.Runtime.dll!UnityEngine.Rendering.Universal.Internal::ColorGradingLutPass.Execute()";0.1633;0.1469;1.6241;1203;1279;1446;16;16;50.6970997750759;0.1689903;0.1563;0.1705;301;1;1;2;300;1147;0.1469;1.331;1279;1446;0.1695
"UnityEngine.CoreModule.dll!UnityEngine::RenderTextureDescriptor..ctor()";0.1625;0.1386;0.4442999;1422;1182;1156;11;19;51.8212996982038;0.1727377;0.1546;0.1793;3612;12;12;24;300;1147;0.005;0.0685;1414;1156;0.3082
"UnityEngine.CoreModule.dll!UnityEngine::Matrix4x4.get_identity()";0.1611;0.1541;0.4197003;1290;1156;1446;10;20;49.0733000775799;0.1635777;0.1584;0.1664;27059;90;90;149;300;1147;0.0015;0.0449;1196;1272;0.1628
"Unity.RenderPipelines.Universal.Runtime.dll!UnityEngine.Rendering.Universal.Internal::DrawObjectsPass.Execute()";0.1573;0.1464;2.2827;1289;1385;1446;16;16;49.7009998336434;0.16567;0.1534;0.1621;602;2;2;4;300;1147;0.0725;1.9778;1371;1446;0.1601
"Unity.RenderPipelines.Universal.Runtime.dll!UnityEngine.Rendering.Universal::RenderingUtils.IsMRT()";0.1556;0.1467;0.4762;1367;1405;1446;18;18;47.5616995631717;0.158539;0.152;0.1632;6622;22;22;44;300;1147;0.0064;0.0267;1236;1317;0.1503
"Unity.RenderPipelines.Universal.Runtime.dll!::BeautifyRenderPass.DoBloomAndFlares()";0.1554;0.1457;0.518;1314;1212;1446;18;18;47.404399856925;0.1580147;0.1532;0.1589;301;1;1;2;300;1147;0.1457;0.297;1212;1446;0.1563
"UnityEngine.CoreModule.dll!UnityEngine::Material.SetVector()";0.1549001;0.1411;0.4343001;1245;1147;1446;7;22;47.2298997462494;0.157433;0.1502001;0.1619001;25870;86;86;156;300;1147;0.0009;0.037;1148;1286;0.1621001
"Unity.RenderPipelines.Core.Runtime.dll!UnityEngine.Rendering::VolumeParameter.GetValue()";0.1547007;0.1429005;0.4667991;1177;1339;1446;14;15;47.3991985295143;0.1579973;0.1513007;0.1589007;153209;509;509;1018;300;1147;0.0002;0.0741;1147;1287;0.1550007
"UnityEngine.CoreModule.dll!UnityEngine::Graphics.Blit()";0.1536;0.1317;0.4263;1276;1359;1446;17;20;46.8539997539483;0.15618;0.146;0.1625;3612;12;12;24;300;1147;0.0046;0.0526;1393;1281;0.1613
"Unity.RenderPipelines.Universal.Runtime.dll!UnityEngine.Rendering.Universal::ScriptableRenderer.SortStable()";0.1505;0.1424;0.469;1379;1229;1446;13;13;45.8303998857737;0.152768;0.1479;0.1547;301;1;1;2;300;1147;0.1424;0.3162;1229;1446;0.1615
"Unity.Collections.dll!Unity.Collections::NativeList`1.get_Length()";0.1492;0.1391;0.2725;1437;1180;1446;5;8;45.0239994819858;0.15008;0.1462;0.1523;44700;149;149;149;300;1147;0.0008;0.0137;1147;1287;0.1472
"UnityEngine.CoreModule.dll!UnityEngine.Rendering::GraphicsSettings.HasShaderDefine()";0.1486;0.1303;0.3752;1217;1236;1446;13;21;45.4599997566547;0.1515333;0.1432;0.1555;4515;15;15;30;300;1147;0.0032;0.0734;1154;1350;0.1583
"UnityEditor.CoreModule.dll!UnityEditor::MaterialPropertyHandler.GetPropertyString()";0.1485;0.1485;0.1485;1446;1446;1446;17;17;0.14850000012666;0.1485;0.1485;0.1485;18;18;18;18;1;1446;0.0069;0.0148;1446;1446;0
"Prepare cell loading jobs";0.1444;0.1339;0.2491;1247;1348;1446;5;5;43.6295999288559;0.145432;0.1405;0.149;300;1;1;1;300;1147;0.1339;0.2491;1348;1446;0.1443
"Terrain.UpdateSplatProperties";0.143;0.1073;0.2839;1407;1182;1446;14;14;43.049499951303;0.1434983;0.1306;0.1553;301;1;1;2;300;1147;0.1073;0.1844;1182;1391;0.1529
"Unity.RenderPipelines.Core.Runtime.dll!UnityEngine.Rendering::VolumeStack.GetComponent()";0.1397;0.1292;0.4546;1284;1147;1446;13;19;43.0516996704973;0.1435057;0.1361;0.1466;13846;46;46;92;300;1147;0.0018;0.0582;1158;1150;0.1481
"MeshSkinning.UpdateImmediate";0.1381;0.1381;0.1381;1446;1446;1446;17;17;0.138099998235703;0.1381;0.1381;0.1381;3;3;3;3;1;1446;0.0423;0.0525;1446;1446;0
"UnityEngine.CoreModule.dll!UnityEngine::RenderTexture.GetTemporary()";0.1367;0.1244;0.3901999;1393;1404;1446;15;17;41.5880998116918;0.138627;0.1326;0.1423;3913;13;13;26;300;1147;0.0058;0.0584;1277;1274;0.1363
"Unity.RenderPipelines.Core.Runtime.dll!UnityEngine.Rendering::ProfilingSampler.Begin()";0.1357;0.122;0.3344001;1224;1430;1446;6;20;41.4044997393503;0.138015;0.1314;0.1423;28896;96;96;192;300;1147;0.0005;0.0171;1147;1359;0.1392
"UnityEngine.CoreModule.dll!Unity.Collections::NativeArray`1.Allocate()";0.1343001;0.1263;0.4056999;1225;1239;1446;14;21;40.7965999806765;0.1359887;0.1317;0.1371001;14749;49;49;98;300;1147;0.0021;0.0358;1229;1337;0.1349
"Unity.RenderPipelines.Universal.Runtime.dll!UnityEngine.Rendering.Universal.Internal::PostProcessPass.Render()";0.1341;0.1179;0.404;1158;1147;1446;18;18;40.9445999860764;0.136482;0.1307;0.1393;301;1;1;2;300;1147;0.1179;0.2355;1147;1446;0.1332
"UnityEngine.CoreModule.dll!UnityEngine::Object.op_Implicit()";0.1337999;0.1212998;0.4488001;1356;1173;1446;4;22;40.8625989318389;0.1362087;0.1303998;0.1388999;60808;203;196;354;300;1147;0.0002;0.0138;1147;1282;0.1312999
"DrawOpaqueObjects";0.1314;0.1195;0.3162;1418;1253;1446;15;15;40.2269998937845;0.13409;0.1283;0.136;301;1;1;2;300;1147;0.1195;0.1896;1253;1431;0.1472
"UnityEngine.CoreModule.dll!Unity.Collections::NativeArray`1.get_Item()";0.1308999;0.1247999;0.3636001;1214;1421;1446;8;20;39.8134997287998;0.1327117;0.1279999;0.1345999;23172;77;77;149;300;1147;0.0006;0.0139;1150;1309;0.1284999
"Unity.TextMeshPro.dll!TMPro::TextMeshPro.OnBecameVisible()";0.1301;0.1301;0.1301;1446;1446;1446;17;17;0.130100002745166;0.1301;0.1301;0.1301;3;3;3;3;1;1446;0.001;0.1278;1446;1446;0
"Crest.dll!Crest::OceanRenderer.WritePerFrameMaterialParams()";0.1295;0.12;0.2756;1231;1398;1446;6;6;39.7190999165177;0.132397;0.1261;0.1358;300;1;1;1;300;1147;0.12;0.2756;1398;1446;0.1215
"UnityEngine.CoreModule.dll!UnityEngine::Material..ctor()";0.1293;0.1293;0.1293;1446;1446;1446;18;18;0.129299998283386;0.1293;0.1293;0.1293;5;5;5;5;1;1446;0.0202;0.0393;1446;1446;0
"UnityEngine.UI.dll!UnityEngine.EventSystems::PointerInputModule.GetMousePointerEventData()";0.1292;0.1117;0.1665;1289;1344;1171;8;8;38.5409999042749;0.1302061;0.1202;0.1387;296;1;1;1;296;1147;0.1117;0.1665;1344;1171;0.1468
"Unity.Collections.dll!Unity.Collections.LowLevel.Unsafe::UnsafeList`1.get_Item()";0.1282998;0.1194998;0.2220999;1408;1300;1446;7;9;38.6098988972954;0.1286997;0.1254998;0.1307998;48600;162;162;162;300;1147;0.0006;0.0382;1148;1193;0.1270998
"Unity.RenderPipelines.Universal.Runtime.dll!UnityEngine.Rendering.Universal.Internal::AdditionalLightsShadowCasterPass.Setup()";0.1279;0.1159;0.3355;1405;1238;1446;12;12;38.9894001185894;0.1299647;0.1236;0.133;301;1;1;2;300;1147;0.1159;0.1922;1238;1446;0.142
"Mono.JIT";0.1267;0.1267;0.1267;1446;1446;1446;17;17;0.1266999989748;0.1267;0.1267;0.1267;1;1;1;1;1;1446;0.1267;0.1267;1446;1446;0
"UnityEngine.CoreModule.dll!UnityEngine::Material.CreateWithShader()";0.126;0.126;0.126;1446;1446;1446;19;19;0.125999998301268;0.126;0.126;0.126;5;5;5;5;1;1446;0.0197;0.0385;1446;1446;0
"mscorlib.dll!System.Reflection::FieldInfo.GetFieldFromHandle()";0.124;0.124;0.124;1446;1446;1446;22;22;0.123999998322688;0.124;0.124;0.124;84;84;84;84;1;1446;0.0011;0.0051;1446;1446;0
"Graphics.Blit";0.1236;0.1084;0.3284;1243;1210;1446;16;22;37.5172998253256;0.1250577;0.1179;0.1299;3913;13;13;26;300;1147;0.0038;0.0484;1446;1281;0.131
"UnityEngine.CoreModule.dll!UnityEngine::Object.GetCachedPtr()";0.1224014;0.1143013;0.3476932;1428;1229;1446;8;27;37.1888991020896;0.123963;0.1197014;0.1265014;429033;1426;1349;2350;300;1147;0;0.0566;1147;1173;0.1254013
"mscorlib.dll!System::IntPtr.op_Inequality()";0.1208014;0.1084012;0.3466933;1383;1443;1446;8;27;36.6231991059685;0.1220773;0.1183013;0.1237014;439268;1460;1383;2419;300;1147;0;0.0117;1147;1362;0.1221014
"Unity.RenderPipelines.Universal.Runtime.dll!Beautify.Universal::BeautifyRendererFeature.AddRenderPasses()";0.1201;0.106;0.8729;1305;1340;1446;14;14;36.8984999656677;0.122995;0.1155;0.125;301;1;1;2;300;1147;0.106;0.7014;1340;1446;0.1313
"UnityEngine.CoreModule.dll!UnityEngine::Graphics.Internal_BlitMaterial5()";0.1187;0.1037;0.3225;1180;1210;1446;18;21;36.0448998310603;0.1201497;0.1126;0.125;3311;11;11;22;300;1147;0.0043;0.0513;1446;1281;0.1258
"Unity.RenderPipelines.Universal.Runtime.dll!UnityEngine.Rendering.Universal.Internal::ForwardLights.SetupAdditionalLightConstants()";0.118;0.1087;0.3302;1209;1272;1446;17;17;36.1574999019504;0.120525;0.1154;0.123;301;1;1;2;300;1147;0.1087;0.2106;1272;1446;0.1199
"UnityEngine.CoreModule.dll!UnityEngine::AnimationCurve.get_length()";0.1161012;0.1161012;0.1161012;1446;1446;1446;20;20;0.116099997001584;0.1161;0.1161012;0.1161012;1024;1024;1024;1024;1;1446;0.0001;0.0006;1446;1446;0
"Assembly-CSharp.dll!::EnviroSkyMgr.get_instance()";0.1158;0.1114;0.262;1290;1320;1446;5;17;35.2307997845346;0.117436;0.1137;0.1195;36365;121;121;169;300;1147;0.0008;0.0161;1147;1189;0.119
"Crest.dll!Crest::ShapeFFT.CrestUpdate()";0.1137;0.1044;0.1987;1247;1200;1446;9;9;34.8700998798013;0.1162337;0.111;0.1204;300;1;1;1;300;1147;0.1044;0.1987;1200;1446;0.1096
"UpdateRendererBoundingVolumes";0.111;0.07610001;0.1968;1442;1296;1253;3;10;33.6144998495583;0.1120483;0.1015;0.1201;864;3;2;7;300;1147;0.0001;0.1329;1214;1253;0.1032
"UnityEngine.CoreModule.dll!Unity.Collections.LowLevel.Unsafe::AtomicSafetyHandle.CheckReadAndThrow()";0.1107002;0.1033002;0.2119008;1338;1270;1446;6;22;33.4504988773988;0.1115017;0.1083002;0.1139003;119173;397;397;470;300;1147;0.0002;0.01;1147;1264;0.1090003
"Unity.RenderPipelines.Universal.Runtime.dll!UnityEngine.Rendering.Universal::ScriptableRenderPass.CreateDrawingSettings()";0.1094;0.1047;0.3043;1361;1269;1446;18;19;33.8747998187318;0.112916;0.1076;0.115;2107;7;7;14;300;1147;0.0108;0.0895;1206;1241;0.1132
"UnityEngine.IMGUIModule.dll!UnityEngine::GUIUtility.BeginGUI()";0.1074;0.0968;0.2118;1337;1309;1446;3;3;32.5852998560295;0.1086177;0.1037;0.112;1800;6;6;6;300;1147;0.0063;0.0786;1252;1446;0.1053
"Assembly-CSharp.dll!UnityEngine.Rendering.LWRP::EnviroDistanceBlurPass.CustomBlit()";0.1073;0.1009;0.3827;1277;1205;1446;17;17;32.6129997484386;0.10871;0.1044;0.1098;3010;10;10;20;300;1147;0.009;0.0625;1363;1446;0.1065
"Unity.RenderPipelines.Universal.Runtime.dll!UnityEngine.Rendering.Universal::ShadowUtils.ExtractDirectionalLightMatrix()";0.1068;0.1025;0.3144;1324;1238;1446;14;14;32.7472998220474;0.1091577;0.1057;0.1082;1204;4;4;8;300;1147;0.0229;0.069;1393;1343;0.1122
"Unity.RenderPipelines.Universal.Runtime.dll!::BeautifyRenderPass.FullScreenBlit()";0.1064;0.0988;0.3704;1347;1212;1446;19;20;32.4845997942612;0.108282;0.1048;0.1091;4214;14;14;28;300;1147;0.0066;0.0763;1223;1446;0.1056
"UnityEngine.CoreModule.dll!UnityEngine.Rendering::CommandBuffer.SetRenderTarget()";0.1064;0.09439997;0.3731999;1306;1166;1446;9;21;32.2250997498049;0.107417;0.1041;0.1091;30150;101;94;224;300;1147;0.0006;0.0135;1147;1216;0.114
"UnityEngine.CoreModule.dll!UnityEngine.Rendering::RenderTargetIdentifier.Equals()";0.1060002;0.09740033;0.3418985;1218;1258;1446;17;21;32.2834988807153;0.1076117;0.1032002;0.1098002;146587;487;487;974;300;1147;0;0.0128;1147;1446;0.1033002
"PostLateUpdate.PlayerUpdateCanvases";0.1048;0.0873;0.1828;1322;1334;1400;2;2;32.3130998909473;0.1077103;0.0988;0.1134;300;1;1;1;300;1147;0.0873;0.1828;1334;1400;0.1053
"VegetationCell culling";0.1028;0.0705;0.2055;1300;1269;1226;5;5;31.3053998947144;0.1043513;0.0944;0.113;300;1;1;1;300;1147;0.0705;0.2055;1269;1226;0.1079
"UnityEngine.CoreModule.dll!Unity.Jobs::JobHandle.Complete()";0.1027;0.0706;0.2041;1231;1269;1226;5;8;31.1861999098328;0.103954;0.0939;0.1128;1500;5;5;5;300;1147;0.0002;0.2028;1148;1226;0.1068
"MeshSkinning.SkinOnGPU";0.1011;0.1011;0.1011;1446;1446;1446;18;18;0.101099999621511;0.1011;0.1011;0.1011;3;3;3;3;1;1446;0.0309;0.0368;1446;1446;0
"UnityEngine.CoreModule.dll!Unity.Jobs::JobHandle.ScheduleBatchedJobsAndComplete()";0.1002;0.0685;0.2012;1229;1269;1226;7;7;30.4234998896718;0.1014117;0.0913;0.1103;300;1;1;1;300;1147;0.0685;0.2012;1269;1226;0.0992
"Assembly-CSharp.dll!UnityEngine.Rendering.LWRP::EnviroFogLWRP.AddRenderPasses()";0.0998;0.0908;0.2817;1313;1151;1446;14;14;30.5454999133945;0.1018183;0.0972;0.1031;301;1;1;2;300;1147;0.0908;0.1706;1151;1446;0.1041
"PreUpdate.NewInputUpdate";0.0995;0.0779;0.2864;1330;1292;1214;2;2;39.1956999078393;0.1306523;0.0876;0.1843;300;1;1;1;300;1147;0.0779;0.2864;1292;1214;0.2069
"JobHandle.Complete";0.0988;0.0677;0.1984;1267;1269;1226;8;8;29.9771998748183;0.099924;0.0902;0.1091;300;1;1;1;300;1147;0.0677;0.1984;1269;1226;0.0979
"Crest.dll!Crest.EditorHelpers::EditorHelpers.GetActiveSceneViewCamera()";0.097;0.0241;0.1543;1207;1444;1280;7;9;29.2560998541303;0.09752034;0.09529999;0.1001;2100;7;7;7;300;1147;0.0026;0.0729;1444;1280;0.09630001
"mscorlib.dll!System::Int32.ToString()";0.09620002;0.09620002;0.09620002;1446;1446;1446;16;18;0.0961999989813194;0.0962;0.09620002;0.09620002;51;51;51;51;1;1446;0.0015;0.0048;1446;1446;0
"PreLateUpdate.DirectorUpdateAnimationBegin";0.095;0.0767;0.172;1380;1193;1329;2;2;29.2396999448538;0.09746566;0.0912;0.1013;300;1;1;1;300;1147;0.0767;0.172;1193;1329;0.1066
"PostLateUpdate.UpdateAllRenderers";0.0943;0.061;0.1561;1294;1296;1446;2;2;28.6319999136031;0.09544;0.0861;0.1043;300;1;1;1;300;1147;0.061;0.1561;1296;1446;0.1095
"Crest.dll!Crest::OceanRenderer.get_ViewCamera()";0.0929;0.0299;0.1532;1396;1445;1280;6;8;28.1133998809382;0.09371133;0.0909;0.09619999;1800;6;6;6;300;1147;0.0039;0.0744;1445;1280;0.0931
"Unity.RenderPipelines.Universal.Runtime.dll!::ScreenSpaceAmbientOcclusionPass.OnCameraSetup()";0.0926;0.0866;0.295;1428;1256;1446;14;14;28.4959998428822;0.09498667;0.0911;0.0968;301;1;1;2;300;1147;0.0866;0.1881;1256;1446;0.0924
"Director.ProcessFrame";0.0924;0.07700001;0.172;1380;1274;1329;3;3;28.3779998497121;0.09459333;0.08940001;0.0974;2398;7;7;37;300;1147;0;0.1269;1147;1329;0.0957
"Shadows.Draw";0.0922;0.0819;0.1795;1411;1426;1446;18;18;28.4891998292878;0.094964;0.0876;0.0999;1204;4;4;8;300;1147;0.0129;0.0659;1394;1232;0.08930001
"Crest.dll!Crest::LodTransform.SetViewProjectionMatrices()";0.09199998;0.0658;0.5268999;1374;1414;1446;10;10;27.5191000611521;0.09173033;0.08919998;0.09499998;8190;28;21;91;300;1147;0.0028;0.0199;1157;1271;0.09029997
"Crest.dll!Crest::LodTransform.CalculateWorldToCameraMatrixRHS()";0.0919;0.0864;0.1601;1203;1210;1446;8;8;27.8565998598933;0.09285533;0.0904;0.0939;2100;7;7;7;300;1147;0.0117;0.0696;1150;1351;0.0865
"Unity.RenderPipelines.Core.Runtime.dll!UnityEngine.Rendering::CommandBufferPool.Release()";0.09170002;0.08620003;0.2509;1326;1230;1446;9;18;27.9214997639647;0.09307167;0.08920001;0.09470002;14448;48;48;96;300;1147;0.0011;0.0555;1193;1210;0.09750002
"Crest.dll!Crest::RegisterSeaFloorDepthInput.Draw()";0.0917;0.08440001;0.1682;1408;1225;1446;10;10;27.9436997584999;0.09314567;0.0897;0.09500001;2100;7;7;7;300;1147;0.0091;0.0488;1240;1192;0.0863
"UnityEngine.CoreModule.dll!UnityEngine::Shader.SetGlobalFloat()";0.09109999;0.08439998;0.1681;1186;1230;1446;5;16;27.938499839569;0.09312833;0.0885;0.09579998;27001;90;90;91;300;1147;0.0003;0.0128;1148;1414;0.09039998
"Animators.Update";0.0902;0.0752;0.1697;1292;1274;1329;4;4;27.6994998715818;0.09233166;0.0873;0.0948;600;2;2;2;300;1147;0.0345;0.1259;1387;1329;0.0937
"Unity.RenderPipelines.Universal.Runtime.dll!::BeautifyRenderPass.UpdateMaterialProperties()";0.0893;0.078;0.2108;1197;1158;1446;15;15;27.0400998666883;0.09013367;0.0856;0.0928;301;1;1;2;300;1147;0.078;0.1319;1158;1261;0.0919
"UnityEngine.CoreModule.dll!UnityEngine::Mesh.SetVertices()";0.0887;0.0887;0.0887;1446;1446;1446;19;23;0.0887000001966953;0.0887;0.0887;0.0887;6;6;6;6;1;1446;0.0137;0.0161;1446;1446;0
"DepthNormalPrepass";0.0886;0.0807;0.2283;1213;1275;1446;15;15;26.9993999302387;0.089998;0.0843;0.0919;301;1;1;2;300;1147;0.0807;0.1492;1275;1306;0.0851
"Unity.RenderPipelines.Universal.Runtime.dll!UnityEngine.Rendering.Universal::UniversalRenderPipeline.get_maxVisibleAdditionalLights()";0.08839999;0.0784;0.2229;1338;1236;1446;12;19;26.9615998407826;0.089872;0.0852;0.0925;2107;7;7;14;300;1147;0.0049;0.0793;1154;1350;0.0925
"Unity.RenderPipelines.Core.Runtime.dll!UnityEngine.Rendering::TextureCurve.get_length()";0.08820086;0.08820086;0.08820086;1446;1446;1446;20;20;0.0881999979465036;0.0882;0.08820086;0.08820086;1024;1024;1024;1024;1;1446;0;0.0066;1446;1446;0
"Assembly-CSharp.dll!::EnviroAudioSource.Update()";0.0861;0.0805;0.1478;1222;1168;1446;4;4;26.1605998715386;0.087202;0.0841;0.08880001;1800;6;6;6;300;1147;0.0117;0.0443;1168;1299;0.09199999
"Unity.RenderPipelines.Core.Runtime.dll!UnityEngine.Rendering::VolumeComponent.get_parameters()";0.08600082;0.07800075;0.2403025;1423;1233;1446;14;14;26.4743993560332;0.088248;0.08400083;0.08970084;316050;1050;1050;2100;300;1147;0;0.0671;1147;1257;0.08960082
"Beautify";0.0841;0.0767;0.2817;1166;1387;1446;15;15;25.8757999166846;0.08625267;0.0828;0.0869;301;1;1;2;300;1147;0.0767;0.1907;1387;1446;0.0871
"Unity.RenderPipelines.Core.Runtime.dll!UnityEngine.Rendering::CoreUtils.IsSceneFilteringEnabled()";0.08399999;0.0794;0.2637;1304;1213;1446;18;18;25.6309998636134;0.08543666;0.0819;0.08620001;6622;22;22;44;300;1147;0.003;0.0205;1152;1284;0.08880001
"Unity.RenderPipelines.Core.Runtime.dll!UnityEngine.Rendering::TextureCurve.set_length()";0.08380079;0.08380079;0.08380079;1446;1446;1446;20;20;0.0837999979266897;0.0838;0.08380079;0.08380079;1024;1024;1024;1024;1;1446;0;0.0022;1446;1446;0
"mscorlib.dll!System.Reflection::RuntimeFieldInfo.GetCustomAttributes()";0.08310001;0.08310001;0.08310001;1446;1446;1446;19;19;0.0831000003963709;0.0831;0.08310001;0.08310001;3;3;3;3;1;1446;0.0173;0.0414;1446;1446;0
"Unity.Collections.dll!Unity.Collections.LowLevel.Unsafe::UnsafeList`1.get_Length()";0.08280016;0.0773001;0.1605003;1219;1300;1446;6;10;25.0950991596037;0.08365033;0.08120014;0.08500014;96900;323;323;323;300;1147;0.0002;0.013;1147;1287;0.08390012
"Unity.RenderPipelines.Universal.Runtime.dll!UnityEngine.Rendering.Universal::ScriptableRenderer.SetPerCameraShaderVariables()";0.0828;0.0774;0.2523;1412;1185;1446;13;13;25.6018999069929;0.08533967;0.0812;0.0872;301;1;1;2;300;1147;0.0774;0.1651;1185;1446;0.0867
"mscorlib.dll!System::MonoCustomAttrs.GetCustomAttributes()";0.0822;0.0822;0.0822;1446;1446;1446;20;20;0.08220000192523;0.08220001;0.0822;0.0822;3;3;3;3;1;1446;0.0171;0.041;1446;1446;0
"UnityEngine.CoreModule.dll!UnityEngine::Texture2D.Internal_Create()";0.0817;0.0817;0.0817;1446;1446;1446;21;21;0.0816999990493059;0.0817;0.0817;0.0817;8;8;8;8;1;1446;0.0063;0.0265;1446;1446;0
"UnityEngine.CoreModule.dll!UnityEngine::Mathf.Abs()";0.08150005;0.07550004;0.1393002;1336;1444;1446;5;22;24.6919991134637;0.08230666;0.07960008;0.0839001;90786;301;292;318;300;1147;0.0002;0.01;1147;1188;0.09220006
"Crest.dll!Crest::RegisterLodDataInputBase.Draw()";0.0808;0.0739;0.1518;1338;1225;1446;11;11;24.5936998296529;0.081979;0.0789;0.0834;2100;7;7;7;300;1147;0.0078;0.0459;1443;1192;0.0753
"Unity.RenderPipelines.Universal.Runtime.dll!::RenderBlocks..ctor()";0.0806;0.0755;0.2288;1331;1275;1446;12;12;24.6897998824716;0.08229933;0.0786;0.0837;301;1;1;2;300;1147;0.0755;0.1482;1275;1446;0.085
"Assembly-CSharp.dll!::UIShortcuts.Update()";0.0806;0.0711;0.1215;1421;1387;1325;4;4;24.5542998760939;0.08184767;0.0775;0.0847;300;1;1;1;300;1147;0.0711;0.1215;1387;1325;0.0885
"Unity.RenderPipelines.Core.Runtime.dll!UnityEngine.Rendering::ObjectPool`1.Release()";0.08040001;0.07570001;0.2216001;1252;1230;1446;10;19;24.5751996880863;0.08191733;0.07840001;0.08330002;14448;48;48;96;300;1147;0.001;0.0552;1147;1210;0.0816
"UnityEngine.CoreModule.dll!UnityEngine::Material.SetColorImpl()";0.08000001;0.07330001;0.2503;1428;1255;1446;8;23;24.6667998724442;0.08222266;0.07750001;0.0843;30676;102;102;178;300;1147;0.0004;0.0573;1147;1167;0.1358
"Crest.dll!Crest::SampleHeightHelper.Sample()";0.0799;0.0723;0.1355;1179;1204;1338;5;7;24.4882999397814;0.08162767;0.0767;0.0847;600;2;2;2;300;1147;0.019;0.1149;1176;1338;0.0776
"UnityEngine.CoreModule.dll!UnityEngine::Texture2D.Internal_CreateImpl()";0.0799;0.0799;0.0799;1446;1446;1446;22;22;0.079900000244379;0.0799;0.0799;0.0799;8;8;8;8;1;1446;0.0062;0.026;1446;1446;0
"AwesomeTechnologies.VegetationStudioPro.Runtime.dll!AwesomeTechnologies.VegetationSystem::VegetationSystemPro.UpdateWind()";0.0797;0.0696;0.139;1398;1193;1446;5;5;24.5580998510122;0.08186033;0.0765;0.0854;300;1;1;1;300;1147;0.0696;0.139;1193;1446;0.0766
"Unity.RenderPipelines.Universal.Runtime.dll!UnityEngine.Rendering.Universal.Internal::ForwardLights.InitializeLightConstants()";0.0796;0.0732;0.2094;1344;1272;1446;18;18;24.3854998797178;0.081285;0.07780001;0.0826;602;2;2;4;300;1147;0.0358;0.0788;1225;1228;0.079
"Update wind";0.0777;0.068;0.1361;1209;1193;1446;6;6;23.9005999416113;0.07966866;0.0745;0.0829;300;1;1;1;300;1147;0.068;0.1361;1193;1446;0.0745
"Unity.RenderPipelines.Universal.Runtime.dll!UnityEngine.Rendering.Universal::ScriptableRenderer.InternalFinishRendering()";0.0772;0.0685;0.216;1399;1217;1446;12;12;23.79249997437;0.07930833;0.0742;0.0829;301;1;1;2;300;1147;0.0685;0.1386;1217;1446;0.0755
"Shadows.DrawSRPBatcher";0.0769;0.0647;0.1487;1286;1426;1446;18;18;24.0611998811364;0.080204;0.072;0.0852;903;3;3;6;300;1147;0.0155;0.0633;1295;1297;0.0737
"Assembly-CSharp.dll!::Utils.InvokeMany()";0.0767;0.0671;0.1177;1148;1389;1325;5;5;23.3477999195457;0.077826;0.0738;0.0808;300;1;1;1;300;1147;0.0671;0.1177;1389;1325;0.0843
"Crest.dll!Crest::FFTCompute.GenerateDisplacements()";0.0759;0.0694;0.1321;1254;1322;1446;10;10;23.2099999263883;0.07736667;0.0736;0.0798;300;1;1;1;300;1147;0.0694;0.1321;1322;1446;0.0709
"Unity.RenderPipelines.Universal.Runtime.dll!UnityEngine.Rendering.Universal::DebugDisplaySettingsRendering.get_AreAnySettingsActive()";0.0753;0.07170001;0.2195;1295;1164;1446;14;24;23.0063996892422;0.076688;0.07390001;0.07770001;15652;52;52;104;300;1147;0.0011;0.0118;1154;1428;0.07780001
"UnityEngine.CoreModule.dll!UnityEngine.Rendering::ScriptableRenderContext.Validate()";0.07520001;0.07069997;0.2228999;1354;1253;1446;4;21;22.9572996990173;0.07652433;0.07349999;0.07749999;24080;80;80;160;300;1147;0.0006;0.0586;1430;1362;0.07279998
"Assembly-CSharp.dll!::EnviroCore.UpdateSunAndMoonPosition()";0.0751;0.0699;0.1336;1297;1340;1412;5;5;23.0316999033093;0.07677233;0.0729;0.0795;300;1;1;1;300;1147;0.0699;0.1336;1340;1412;0.0797
"Unity.RenderPipelines.Core.Runtime.dll!UnityEngine.Rendering::CommandBufferPool.Get()";0.07490001;0.06970001;0.2152001;1247;1405;1446;9;18;22.7767997190822;0.07592267;0.07240001;0.07710002;14448;48;48;96;300;1147;0.001;0.0151;1149;1306;0.07380001
"mscorlib.dll!System::Enum.IsDefined()";0.0745;0.0745;0.0745;1446;1446;1446;18;18;0.0745000019669533;0.0745;0.0745;0.0745;3;3;3;3;1;1446;0.0193;0.0313;1446;1446;0
"Crest.dll!Crest::QueryBase.UpdateQueries()";0.074;0.0568;0.1429;1159;1407;1365;6;6;23.1126999147236;0.07704233;0.0666;0.0839;300;1;1;1;300;1147;0.0568;0.1429;1407;1365;0.0679
"Unity.RenderPipelines.Core.Runtime.dll!UnityEngine.Rendering::ProfilingSampler.End()";0.0736;0.0695;1.0168;1336;1199;1446;8;22;23.2762998168182;0.07758766;0.0719;0.0763;28896;96;96;192;300;1147;0.0002;0.805;1238;1446;0.07189999
"UnityEngine.CoreModule.dll!UnityEngine::RenderTexture..ctor()";0.0736;0.0736;0.0736;1446;1446;1446;17;18;0.0735999997705221;0.0736;0.0736;0.0736;6;6;6;6;1;1446;0.0081;0.0198;1446;1446;0
"mscorlib.dll!System::RuntimeType.IsEnumDefined()";0.0731;0.0731;0.0731;1446;1446;1446;19;19;0.0730999987572432;0.0731;0.0731;0.0731;3;3;3;3;1;1446;0.019;0.0306;1446;1446;0
"Crest.dll!Crest::QueryBase.Query()";0.0726;0.0659;0.1269;1179;1291;1338;6;8;22.2758998535573;0.074253;0.0699;0.0773;600;2;2;2;300;1147;0.0159;0.1101;1176;1338;0.0704
"UnityEngine.CoreModule.dll!UnityEngine::Material.SetTexture()";0.07179999;0.06299999;0.2549;1330;1317;1446;7;22;22.0769999045879;0.07359;0.06810001;0.0763;14420;48;48;68;300;1147;0.0004;0.0229;1147;1446;0.06819999
"UnityEngine.CoreModule.dll!UnityEngine::Material.SetFloat()";0.07159999;0.0631;0.1779;1411;1255;1446;7;21;21.9811998156074;0.07327066;0.0687;0.07580002;16225;54;54;79;300;1147;0.0003;0.0614;1148;1228;0.07359999
"UIEvents.WillRenderCanvases";0.0712;0.056;0.1121;1354;1407;1311;3;3;22.1504999436438;0.073835;0.0668;0.0784;300;1;1;1;300;1147;0.056;0.1121;1407;1311;0.0679
"UnityEngine.UI.dll!UnityEngine.EventSystems::EventSystem.RaycastAll()";0.0712;0.0579;0.1095;1409;1344;1171;9;9;21.8451998978853;0.07380135;0.0638;0.0836;296;1;1;1;296;1147;0.0579;0.1095;1344;1171;0.0862
"UGUI.Rendering.UpdateBatches";0.0711;0.056;0.1119;1354;1407;1311;4;4;22.0917000062764;0.073639;0.0664;0.0782;300;1;1;1;300;1147;0.056;0.1119;1407;1311;0.0677
"Profiler.ParseThreadData";0.0711;0.0711;0.0711;1397;1397;1397;10;10;0.0710999965667725;0.0711;0.0711;0.0711;1;1;1;1;1;1397;0.0711;0.0711;1397;1397;0
"mscorlib.dll!System::IntPtr.op_Explicit()";0.07080044;0.0611004;0.2073019;1199;1445;1446;3;24;21.4650994303811;0.07155033;0.06910045;0.07270052;214413;714;665;1347;300;1147;0;0.0106;1147;1217;0.06830044
"Assembly-CSharp.dll!UnityEngine.Rendering.LWRP::EnviroBlitPassShafts.DrawBorder()";0.0686;0.0561;0.1576;1342;1297;1446;17;17;20.9786999095231;0.069929;0.0655;0.0733;602;2;2;4;300;1147;0.0215;0.0891;1196;1325;0.0662
"Assembly-CSharp.dll!Lux_SRP_GrassDisplacement::GrassDisplacementPass.Execute()";0.0683;0.061;0.1848;1222;1259;1446;16;16;21.0954999625683;0.07031833;0.0653;0.0736;301;1;1;2;300;1147;0.061;0.1226;1259;1286;0.0701
"Unity.RenderPipelines.Universal.Runtime.dll!::ScreenSpaceAmbientOcclusionPass.Execute()";0.0682;0.0626;1.9474;1213;1404;1446;16;16;22.7591998949647;0.075864;0.0659;0.0717;301;1;1;2;300;1147;0.0626;1.8822;1404;1446;0.079
"mscorlib.dll!System::Action`2.invoke_void_T1_T2()";0.0677;0.0572;0.1545;1326;1415;1446;9;12;21.1657998616865;0.07055267;0.0639;0.074;2106;7;7;13;300;1147;0.0004;0.0378;1150;1221;0.0689
"Shadows.PrepareDrawShadows";0.0671;0.0519;0.1797;1330;1212;1446;13;13;20.9792998563498;0.069931;0.0621;0.0735;602;2;2;4;300;1147;0.0162;0.1213;1217;1319;0.0759
"Crest.dll!Crest::FFTCompute.GenerateDisplacementsInternal()";0.0666;0.0607;0.1144;1427;1322;1446;11;11;20.3678999915719;0.067893;0.0644;0.0695;300;1;1;1;300;1147;0.0607;0.1144;1322;1446;0.0614
"UnityEngine.IMGUIModule.dll!UnityEngine::GUILayoutUtility.Begin()";0.0662;0.0569;0.139;1333;1309;1446;4;4;20.2458998973016;0.06748633;0.0633;0.07040001;1800;6;6;6;300;1147;0.002;0.0615;1169;1446;0.0654
"Crest.dll!Crest::RegisterLodDataInputBase.GetRegistrar()";0.0657;0.0482;0.382;1178;1150;1446;9;10;19.7463001774158;0.065821;0.0634;0.06789999;8490;29;22;92;300;1147;0.0018;0.0198;1147;1182;0.06349999
"Unity.RenderPipelines.Universal.Runtime.dll!UnityEngine.Rendering.Universal::ScriptableRenderPass.ConfigureTarget()";0.06500001;0.06059999;0.2313999;1240;1325;1446;15;19;20.0708998949267;0.066903;0.0627;0.0684;5117;17;17;34;300;1147;0.0026;0.028;1255;1302;0.0678
"UnityEngine.PhysicsModule.dll!UnityEngine::Physics.get_gravity()";0.06480007;0.06080007;0.1154;1243;1277;1446;12;12;19.7558991789119;0.065853;0.06350008;0.06740008;67200;224;224;224;300;1147;0.0002;0.0087;1147;1426;0.06170008
"Crest.dll!Crest::RegisterLodDataInputBase.LateUpdate()";0.0647;0.0579;0.1227;1369;1204;1338;4;4;19.9361000098288;0.06645367;0.062;0.0691;300;1;1;1;300;1147;0.0579;0.1227;1204;1338;0.0636
"mscorlib.dll!::Enumerator.MoveNext()";0.06440013;0.05840011;0.1596005;1344;1173;1446;5;17;19.6903994744061;0.06563467;0.06200015;0.06750014;126930;423;416;540;300;1147;0;0.0431;1147;1269;0.06900019
"Assembly-CSharp.dll!MagicLightProbes::MLPLight.Update()";0.0642;0.05840001;0.1171;1150;1180;1446;4;4;19.4676999719813;0.06489234;0.0615;0.0661;3900;13;13;13;300;1147;0.0036;0.0193;1148;1411;0.0628
"UnityEngine.CoreModule.dll!UnityEngine.Rendering::CommandBuffer.SetGlobalVector()";0.0642;0.0603;0.1716001;1248;1256;1446;12;21;19.7891995755635;0.065964;0.0627;0.06750001;34608;115;115;223;300;1147;0.0002;0.0156;1147;1246;0.06340002
"Crest.dll!Crest::OceanChunkRenderer.Update()";0.06360006;0.05870006;0.1194999;1321;1164;1252;4;4;19.4907996201655;0.06496933;0.06230005;0.06550001;26400;88;88;88;300;1147;0.0002;0.0879;1147;1252;0.06270005
"Unity.RenderPipelines.Core.Runtime.dll!UnityEngine.Rendering::DebugUpdater.Update()";0.0633;0.0575;0.0937;1388;1269;1446;4;4;19.7061999551952;0.06568734;0.0614;0.07;300;1;1;1;300;1147;0.0575;0.0937;1269;1446;0.0646
"SRPBShadow.ApplyShader";0.0629;0.0547;0.1215;1349;1439;1446;19;19;19.52579990495;0.065086;0.0591;0.0681;903;3;3;6;300;1147;0.014;0.0505;1294;1297;0.0599
"UnityEngine.IMGUIModule.dll!UnityEngine::GUIUtility.EndGUI()";0.0623;0.0564;0.127;1364;1309;1152;3;3;19.1233998662792;0.06374466;0.0598;0.0659;1800;6;6;6;300;1147;0.0023;0.0629;1147;1152;0.0695
"StdShadow.ApplyShader";0.0611;0.0553;0.1184;1266;1426;1446;19;19;18.881199865602;0.06293733;0.0585;0.0657;1505;5;5;10;300;1147;0.0076;0.0363;1377;1253;0.0596
"UnityEngine.CoreModule.dll!UnityEngine::Object.GetInstanceID()";0.06089997;0.05499998;0.2562999;1244;1425;1446;6;24;18.553700026765;0.06184567;0.05919999;0.06289998;33223;111;104;277;300;1147;0.0004;0.0078;1147;1294;0.05979999
"Unity.RenderPipelines.Universal.Runtime.dll!UnityEngine.Rendering.Universal::ShadowUtils.GetTemporaryShadowTexture()";0.0607;0.0537;0.365;1161;1276;1446;14;15;19.2557998746634;0.064186;0.0588;0.0669;602;2;2;4;300;1147;0.02;0.2398;1198;1446;0.0644
"UnityEngine.InputModule.dll!UnityEngineInternal.Input::NativeInputSystem.NotifyBeforeUpdate()";0.0607;0.0528;0.1028;1212;1292;1446;3;3;18.4317999370396;0.06143933;0.0579;0.0646;300;1;1;1;300;1147;0.0528;0.1028;1292;1446;0.066
"Unity.RenderPipelines.Universal.Runtime.dll!UnityEngine.Rendering.Universal::ShadowUtils.RenderShadowSlice()";0.0607;0.0536;0.1806;1160;1185;1446;19;19;18.8205998875201;0.06273533;0.058;0.065;1204;4;4;8;300;1147;0.0111;0.0422;1269;1239;0.0584
"UnityEditor.CoreModule.dll!UnityEditor::MaterialEditor.GetMaterialPropertyNames()";0.06060001;0.06060001;0.06060001;1446;1446;1446;16;22;0.0605999997351319;0.0606;0.06060001;0.06060001;11;11;11;11;1;1446;0.0029;0.0139;1446;1446;0
"UnityEngine.CoreModule.dll!UnityEngine::RenderTexture.GetTemporary_Internal()";0.0603;0.05029999;0.1922;1244;1210;1446;16;18;18.5289998927619;0.06176333;0.0572;0.0643;3913;13;13;26;300;1147;0.001;0.0222;1413;1446;0.0582
"UnityEngine.CoreModule.dll!UnityEngine::Shader.SetGlobalVector()";0.0601;0.0548;0.1235;1386;1342;1446;5;16;18.3436998132674;0.06114567;0.0576;0.06280001;13812;46;46;58;300;1147;0.0004;0.0382;1148;1281;0.06439999
"Unity.InputSystem.dll!::<>c__DisplayClass10_0.<set_onBeforeUpdate>b__0()";0.0598;0.052;0.1017;1199;1255;1446;4;4;18.1427999436855;0.060476;0.057;0.0636;300;1;1;1;300;1147;0.052;0.1017;1255;1446;0.0653
"UnityEngine.CoreModule.dll!UnityEngine::Material.SetColorImpl_Injected()";0.05970002;0.05380002;0.1923;1280;1255;1446;9;24;18.5735997071606;0.061912;0.05760001;0.06410003;30676;102;102;178;300;1147;0.0002;0.0569;1147;1167;0.116
"Unity.RenderPipelines.Universal.Runtime.dll!UnityEngine.Rendering.Universal::UniversalRenderer.CreateCameraRenderTarget()";0.0596;0.0545;1.9807;1218;1276;1446;12;12;20.044899918139;0.06681633;0.0578;0.062;301;1;1;2;300;1147;0.0545;1.9185;1276;1446;0.067
"Boxophobic.TheVegetationEngine.Runtime.dll!TheVegetationEngine::TVEGlobalControl.Update()";0.0595;0.0545;0.1181;1198;1193;1446;4;4;18.6238999590278;0.06207967;0.0579;0.066;300;1;1;1;300;1147;0.0545;0.1181;1193;1446;0.0645
"Unity.InputSystem.dll!UnityEngine.InputSystem::InputManager.OnBeforeUpdate()";0.0592;0.0513;0.1008;1279;1255;1446;5;5;17.9353999644518;0.05978467;0.0563;0.063;300;1;1;1;300;1147;0.0513;0.1008;1255;1446;0.0645
"Unity.RenderPipelines.Universal.Runtime.dll!::BeautifyRenderPass.BlurThis()";0.0592;0.05469999;0.1682;1394;1377;1446;19;19;17.8921000193805;0.05964033;0.0574;0.0601;903;3;3;6;300;1147;0.0174;0.0392;1323;1446;0.0596
"RenderLoop.DrawSRPBatcher";0.0592;0.0553;0.1833;1400;1245;1446;18;18;18.2685998938978;0.06089533;0.0579;0.0617;604;2;2;6;300;1147;0.0169;0.0497;1446;1167;0.0727
"mscorlib.dll!Mono::SafeGPtrArrayHandle.get_Item()";0.05919999;0.05919999;0.05919999;1446;1446;1446;22;22;0.0591999987373129;0.0592;0.05919999;0.05919999;84;84;84;84;1;1446;0.0005;0.0033;1446;1446;0
"Boxophobic.TheVegetationEngine.Runtime.dll!TheVegetationEngine::TVEGlobalControl.SetGlobalShaderProperties()";0.0589;0.0541;0.1173;1432;1193;1446;5;5;18.4542999900877;0.06151433;0.0574;0.0651;300;1;1;1;300;1147;0.0541;0.1173;1193;1446;0.0639
"Unity.RenderPipelines.Universal.Runtime.dll!UnityEngine.Rendering.Universal::ScriptableRenderer.InitializeRenderPassDescriptor()";0.0588;0.05430001;0.1594;1326;1398;1446;14;14;18.1385998832993;0.060462;0.05790001;0.0608;6622;22;22;44;300;1147;0.0021;0.0935;1147;1228;0.06020001
"Unity.RenderPipelines.Universal.Runtime.dll!UnityEngine.Rendering.Universal::UniversalRenderPipeline.CreateRenderTextureDescriptor()";0.0587;0.0499;0.1506;1256;1182;1446;10;10;18.4518999494612;0.06150633;0.0553;0.0653;301;1;1;2;300;1147;0.0499;0.1192;1182;1188;0.0841
"mscorlib.dll!System.Collections.Generic::KeyValuePair`2.get_Value()";0.05800039;0.05400032;0.1139005;1419;1247;1446;6;13;17.7406995706333;0.05913566;0.05630037;0.06110043;218133;727;727;760;300;1147;0;0.0145;1147;1443;0.05590037
"UnityEngine.UIModule.dll!::<Module>.invoke_void()";0.0576;0.0459;0.096;1378;1407;1311;6;6;17.949599917978;0.059832;0.0537;0.0631;600;2;2;2;300;1147;0.0214;0.0612;1334;1325;0.0542
"mscorlib.dll!System::RuntimeType.GetHashCode()";0.05729999;0.04859999;0.2775001;1348;1310;1446;10;22;17.5453999502352;0.05848467;0.05629999;0.05939999;16314;55;48;142;300;1147;0.0008;0.0485;1147;1150;0.06119999
"Unity.InputSystem.dll!UnityEngine.InputSystem.LowLevel::InputState.Change()";0.0571;0.0471;0.0876;1362;1292;1446;8;9;17.8881999240257;0.05962733;0.0517;0.0661;1293;4;4;5;300;1147;0.0066;0.0313;1255;1169;0.0733
"UnityEngine.CoreModule.dll!UnityEngine::RenderTexture.GetTemporary_Internal_Injected()";0.0571;0.0469;0.1845;1389;1210;1446;17;19;17.5812999202171;0.05860433;0.0542;0.061;3913;13;13;26;300;1147;0.0009;0.0217;1413;1446;0.0553
"UnityEngine.CoreModule.dll!UnityEngine::RenderTextureDescriptor.set_graphicsFormat()";0.0569;0.0535;0.1676;1355;1418;1446;11;20;17.6391999146435;0.05879733;0.0556;0.0594;6022;20;20;42;300;1147;0.0018;0.0538;1156;1156;0.0679
"UnityEditor.CoreModule.dll!UnityEditor::ShaderGUIUtility.ValidateMaterial()";0.0569;0.0569;0.0569;1446;1446;1446;14;14;0.0569000001996756;0.0569;0.0569;0.0569;6;6;6;6;1;1446;0.0078;0.0162;1446;1446;0
"CullResults.CreateSharedRendererScene";0.0568;0.0489;2.4502;1239;1438;1446;14;14;19.7302999384701;0.06576767;0.0545;0.0595;301;1;1;2;300;1147;0.0489;2.1285;1438;1446;0.0581
"Assembly-CSharp.dll!UnityEngine.Rendering.LWRP::EnviroFogLWRP.RenderFog()";0.0561;0.0507;0.1561;1405;1360;1446;15;15;17.3338999263942;0.05777967;0.0547;0.0585;301;1;1;2;300;1147;0.0507;0.1133;1360;1361;0.0614
"Assembly-CSharp.dll!::EnviroSky.RenderCloudMaps()";0.0558;0.0463;0.1838;1387;1266;1446;17;17;17.4218999072909;0.058073;0.0537;0.0616;301;1;1;2;300;1147;0.0463;0.0967;1266;1446;0.0592
"UnityEngine.CoreModule.dll!UnityEngine::Matrix4x4.get_inverse()";0.0555;0.0515;0.1323;1160;1246;1446;9;18;16.8113999029156;0.056038;0.0533;0.0573;4508;15;15;23;300;1147;0.0031;0.0186;1147;1446;0.05280001
"Unity.RenderPipelines.Core.Runtime.dll!UnityEngine.Rendering::VolumeManager.CheckStack()";0.0555;0.0486;0.1791;1235;1415;1446;12;12;17.3711999133229;0.057904;0.0523;0.06;301;1;1;2;300;1147;0.0486;0.1351;1415;1151;0.0609
"Unity.RenderPipelines.Universal.Runtime.dll!UnityEngine.Rendering.Universal::UniversalRenderPipeline.InitializeLightConstants_Common()";0.0549;0.0504;0.142;1196;1398;1446;19;19;16.7425999063998;0.05580867;0.0528;0.0563;602;2;2;4;300;1147;0.0237;0.0645;1398;1228;0.0545
"Distance Blur";0.0548;0.0464;0.1728;1175;1426;1446;15;15;16.7355999611318;0.05578533;0.0532;0.057;301;1;1;2;300;1147;0.0464;0.1136;1426;1446;0.0558
"Assembly-CSharp.dll!::EnviroSky.RenderWeatherMap()";0.0547;0.0452;0.1718;1279;1266;1446;18;18;17.0651999227703;0.056884;0.0525;0.0604;301;1;1;2;300;1147;0.0452;0.0948;1266;1446;0.0581
"UnityEngine.CoreModule.dll!UnityEngine::Matrix4x4.op_Multiply()";0.0544;0.0507;0.1404;1331;1286;1446;9;16;16.5137999964645;0.055046;0.0522;0.05559999;8418;28;28;46;300;1147;0.0016;0.0436;1184;1343;0.0587
"EarlyUpdate.UpdateAsyncReadbackManager";0.0544;0.0439;0.0812;1420;1416;1250;2;2;16.5484999641776;0.05516167;0.0504;0.0593;300;1;1;1;300;1147;0.0439;0.0812;1416;1250;0.0606
"AwesomeTechnologies.VegetationStudioPro.Runtime.dll!AwesomeTechnologies.VegetationSystem::VegetationSystemPro.RenderInstancedIndirectVegetation()";0.0543;0.0453;0.1014;1157;1295;1446;5;5;16.6915999427438;0.05563867;0.0513;0.0583;300;1;1;1;300;1147;0.0453;0.1014;1295;1446;0.0541
"UnityEngine.CoreModule.dll!UnityEngine.Rendering::CommandBuffer.SetGlobalTexture()";0.05370002;0.05110002;0.1631;1438;1224;1446;14;21;16.5991997000383;0.05533066;0.05290002;0.05600003;24383;81;81;164;300;1147;0.0002;0.0136;1147;1228;0.06000002
"AwesomeTechnologies.VegetationStudioPro.Runtime.dll!AwesomeTechnologies.VegetationSystem::VegetationSystemPro.DrawCellsIndirectComputeShader()";0.0536;0.0449;0.1008;1151;1295;1446;6;6;16.483699940145;0.05494567;0.0506;0.0576;300;1;1;1;300;1147;0.0449;0.1008;1295;1446;0.0535
"mscorlib.dll!System::Number.FormatInt32()";0.05339998;0.05339998;0.05339998;1446;1446;1446;17;19;0.0533999993931502;0.0534;0.05339998;0.05339998;51;51;51;51;1;1446;0.0007;0.0037;1446;1446;0
"Unity.RenderPipelines.Universal.Runtime.dll!UnityEngine.Rendering.Universal.Internal::MainLightShadowCasterPass.Clear()";0.0532;0.0497;0.2563;1177;1202;1446;14;14;16.378799892962;0.054596;0.0516;0.0548;301;1;1;2;300;1147;0.0497;0.2051;1202;1446;0.0541
"UnityEngine.UI.dll!UnityEngine.UI::GraphicRaycaster.Raycast()";0.053;0.0432;0.1162;1327;1344;1171;10;11;18.8546998715028;0.06369831;0.048;0.0819;1605;5;5;6;296;1147;0.0041;0.0553;1384;1171;0.086
"Draw instanced indirect vegetation";0.0526;0.044;0.0999;1423;1295;1446;7;7;16.1774999201298;0.053925;0.0496;0.0566;300;1;1;1;300;1147;0.044;0.0999;1295;1446;0.0526
"Unity.Collections.dll!Unity.Collections::CollectionHelper.AssumePositive()";0.05240032;0.04780024;0.09410039;1443;1185;1446;6;11;15.8582996133773;0.052861;0.05080029;0.05420035;190200;634;634;634;300;1147;0;0.0069;1147;1154;0.04960026
"mscorlib.dll!System.Collections.Generic::List`1.get_Count()";0.0523003;0.04830023;0.132301;1235;1239;1446;4;27;15.9359996104176;0.05312;0.05090028;0.05440027;182517;606;593;976;300;1147;0;0.0173;1147;1163;0.05470034
"UnityEngine.CoreModule.dll!UnityEngine::GeometryUtility.CalculateFrustumPlanes()";0.0523;0.0463;0.0928;1243;1211;1257;8;9;16.105899902992;0.05368633;0.0504;0.0548;1200;4;4;4;300;1147;0.003;0.0443;1178;1446;0.0533
"Unity.RenderPipelines.Universal.Runtime.dll!UnityEngine.Rendering.Universal::ScriptableRenderPass.op_LessThan()";0.05229996;0.04769997;0.1695004;1337;1323;1446;14;14;16.0346997702436;0.053449;0.05039996;0.05459996;35819;119;119;238;300;1147;0.0003;0.043;1147;1209;0.06039996
"Unity.RenderPipelines.Universal.Runtime.dll!UnityEngine.Rendering.Universal::ShadowUtils.GetShadowTransform()";0.0518;0.0484;0.1481;1364;1209;1446;15;15;15.7728998791426;0.05257633;0.05;0.0529;1204;4;4;8;300;1147;0.0114;0.0537;1205;1343;0.0573
"Assembly-CSharp.dll!UnityEngine.Rendering.LWRP::EnviroBlitPassVolumeClouds.CustomBlit()";0.0518;0.0496;0.1895;1375;1347;1446;17;17;16.1381998835132;0.053794;0.051;0.0544;1205;4;4;9;300;1147;0.0107;0.04;1159;1446;0.0511
"Assembly-CSharp.dll!UnityEngine.Rendering.LWRP::EnviroBlitPassShafts.CustomBlit()";0.0514;0.0494;0.2131;1413;1165;1446;17;17;15.8701999215409;0.05290067;0.0506;0.0536;1204;4;4;8;300;1147;0.0104;0.0459;1170;1446;0.0569
"Unity.RenderPipelines.Universal.Runtime.dll!UnityEngine.Rendering.Universal::ScriptableRenderer.SetCameraMatrices()";0.0514;0.0492;0.16;1428;1185;1446;15;15;15.9065999388695;0.053022;0.0507;0.0539;301;1;1;2;300;1147;0.0492;0.1052;1185;1446;0.0552
"UnityEngine.CoreModule.dll!UnityEngine::Texture2D.SetPixels()";0.0509;0.0509;0.0509;1446;1446;1446;19;20;0.0509000001475215;0.0509;0.0509;0.0509;16;16;16;16;1;1446;0.0016;0.0098;1446;1446;0
"UnityEngine.CoreModule.dll!UnityEngine::RenderTexture.ValidateRenderTextureDesc()";0.0499;0.0472;0.1531;1332;1358;1446;16;19;15.373700021999;0.05124567;0.0488;0.052;3919;13;13;32;300;1147;0.0028;0.0174;1434;1281;0.0535
"ParticleSystem.UpdateJob";0.0498;0.0453;0.2825;1211;1349;1446;5;5;16.4266999289393;0.05475567;0.0481;0.0563;300;1;1;1;300;1147;0.0453;0.2825;1349;1446;0.0484
"Unity.RenderPipelines.Universal.Runtime.dll!::ScreenSpaceShadowsPass.Execute()";0.0493;0.0442;0.2095;1381;1184;1446;16;16;15.243499930948;0.05081167;0.0481;0.0507;301;1;1;2;300;1147;0.0442;0.1254;1184;1446;0.0466
"SRPBRender.ApplyShader";0.0492;0.046;0.1432;1198;1334;1446;19;19;15.1843999312259;0.05061467;0.0482;0.0512;606;2;2;8;300;1147;0.0046;0.044;1446;1284;0.063
"Unity.RenderPipelines.Universal.Runtime.dll!UnityEngine.Rendering.Universal::ShadowUtils.SetupShadowCasterConstantBuffer()";0.0492;0.0457;0.1298;1274;1269;1446;19;19;15.1567998910323;0.05052267;0.0478;0.0513;1204;4;4;8;300;1147;0.0102;0.0363;1423;1354;0.0489
"mscorlib.dll!System.Reflection::MethodBase.Invoke()";0.0487;0.0425;0.0879;1390;1387;1325;6;6;14.9335999265313;0.04977867;0.0467;0.0516;300;1;1;1;300;1147;0.0425;0.0879;1387;1325;0.0531
"UnityEngine.CoreModule.dll!UnityEngine::ComputeBuffer.SetData()";0.0483;0.0399;0.0892;1373;1295;1446;7;8;14.9730999274179;0.04991033;0.0449;0.0535;1500;5;5;5;300;1147;0.0038;0.0428;1193;1192;0.0435
"Unity.RenderPipelines.Universal.Runtime.dll!UnityEngine.Rendering.Universal::UniversalRenderPipeline.InitializeStackedCameraData()";0.0482;0.0431;0.1108;1258;1283;1446;10;10;14.9881999082863;0.04996067;0.0459;0.0509;301;1;1;2;300;1147;0.0431;0.0928;1283;1269;0.0453
"UnityEngine.CoreModule.dll!UnityEngine::Material.SetTextureImpl()";0.04809999;0.04139999;0.1979;1189;1317;1446;8;23;14.842699837056;0.04947567;0.04529999;0.0512;14420;48;48;68;300;1147;0.0002;0.017;1211;1190;0.04659999
"Unity.RenderPipelines.Universal.Runtime.dll!UnityEngine.Rendering.Universal::UniversalRenderPipeline.InitializeShadowData()";0.048;0.0414;0.1351;1207;1249;1446;12;12;14.5767998993397;0.04858933;0.0461;0.0498;301;1;1;2;300;1147;0.0414;0.0838;1249;1446;0.0483
"mscorlib.dll!System.Reflection::RuntimeMethodInfo.Invoke()";0.048;0.0418;0.0871;1323;1387;1325;7;7;14.7043999098241;0.04901467;0.046;0.0508;300;1;1;1;300;1147;0.0418;0.0871;1387;1325;0.0524
"UnityEngine.CoreModule.dll!UnityEngine::RenderTextureDescriptor.set_colorFormat()";0.0477;0.0451;0.1518;1297;1401;1446;13;18;14.740999947302;0.04913666;0.0467;0.0501;3010;10;10;20;300;1147;0.0032;0.0211;1218;1442;0.06
"Assembly-CSharp.dll!::UILatency.Update()";0.0474;0.0405;0.0688;1300;1255;1446;4;4;14.4404999427497;0.048135;0.0453;0.0496;300;1;1;1;300;1147;0.0405;0.0688;1255;1446;0.0489
"Crest.dll!Crest::OceanRenderer.get_Instance()";0.0470002;0.04260014;0.1452008;1379;1188;1446;6;18;14.3083996477944;0.04769466;0.04590019;0.04870019;173898;581;560;914;300;1147;0;0.0112;1147;1189;0.0466002
"UnityEditor.CoreModule.dll!UnityEditor::ShaderUtil.GetCurrentCustomEditor()";0.047;0.047;0.047;1446;1446;1446;15;15;0.0470000002533197;0.047;0.047;0.047;6;6;6;6;1;1446;0.0064;0.0135;1446;1446;0
"Unity.RenderPipelines.Universal.Runtime.dll!UnityEngine.Rendering.Universal.Internal::CopyDepthPass.Execute()";0.0467;0.0434;0.1267;1427;1404;1446;16;16;14.636299919337;0.04878766;0.0453;0.0501;301;1;1;2;300;1147;0.0434;0.1001;1404;1210;0.0598
"Crest.dll!Crest::RenderPipelineHelper.get_IsLegacy()";0.0466;0.0437;0.1162;1379;1205;1446;17;17;14.1294997136574;0.04709833;0.0456;0.0479;9015;30;30;45;300;1147;0.0013;0.0108;1147;1282;0.0502
"UnityEngine.CoreModule.dll!UnityEngine::RenderTextureDescriptor.set_depthBufferBits()";0.04650001;0.044;0.1426;1212;1305;1446;11;21;14.4089999974822;0.04803;0.0457;0.0487;11743;39;39;82;300;1147;0.0008;0.0493;1147;1156;0.0473
"Crest.dll!Crest::OceanRenderer.get_FrameCount()";0.0461;0.03959999;0.1954999;1170;1414;1446;6;12;14.0813002214709;0.04693767;0.0444;0.04810001;24195;81;74;207;300;1147;0.0004;0.0074;1147;1162;0.0471
"Unity.RenderPipelines.Core.Runtime.dll!UnityEngine.Rendering::DebugManager.UpdateActions()";0.0461;0.0428;0.0718;1209;1184;1446;5;5;14.5800998955965;0.04860033;0.0451;0.0518;300;1;1;1;300;1147;0.0428;0.0718;1184;1446;0.0479
"Unity.RenderPipelines.Universal.Runtime.dll!UnityEngine.Rendering.Universal::LightCookieManager.Setup()";0.0461;0.0405;0.1131;1311;1213;1446;16;16;14.1867999173701;0.04728933;0.0436;0.0482;301;1;1;2;300;1147;0.0405;0.0699;1213;1166;0.0459
"UnityEditor.CoreModule.dll!UnityEditor::ShaderUtil.GetCustomEditorForRenderPipeline()";0.0459;0.0459;0.0459;1446;1446;1446;16;17;0.0458999993279576;0.0459;0.0459;0.0459;12;12;12;12;1;1446;0.0019;0.01;1446;1446;0
"Crest.dll!Crest::OceanRenderer.LateUpdateViewerHeight()";0.0456;0.0359;0.0692;1206;1444;1382;6;6;14.334799926728;0.04778267;0.0446;0.051;300;1;1;1;300;1147;0.0359;0.0692;1444;1382;0.0477
"Mesh.CreateMesh";0.0456;0.0456;0.0456;1446;1446;1446;17;24;0.0456000003032386;0.0456;0.0456;0.0456;10;10;10;10;1;1446;0.0019;0.0141;1446;1446;0
"PreUpdate.SendMouseEvents";0.0455;0.0338;0.1131;1362;1278;1235;2;2;18.0719999112189;0.06024;0.0406;0.0827;300;1;1;1;300;1147;0.0338;0.1131;1278;1235;0.0964
"Unity.RenderPipelines.Universal.Runtime.dll!UnityEngine.Rendering.Universal.Internal::ForwardLights.SetupPerObjectLightIndices()";0.0455;0.0428;0.1295;1362;1272;1446;18;18;14.1994999237359;0.04733166;0.0447;0.0478;301;1;1;2;300;1147;0.0428;0.0827;1272;1446;0.0493
"Monobehaviour.OnMouse_";0.0453;0.0337;0.1128;1362;1278;1235;3;3;18.0113999322057;0.060038;0.0403;0.0825;300;1;1;1;300;1147;0.0337;0.1128;1278;1235;0.0961
"Unity.RenderPipelines.Universal.Runtime.dll!UnityEngine.Rendering.Universal.Internal::DepthNormalOnlyPass.Execute()";0.0452;0.0424;0.1313;1187;1179;1446;16;16;14.0807999186218;0.046936;0.0443;0.0479;301;1;1;2;300;1147;0.0424;0.0861;1179;1446;0.0449
"Unity.RenderPipelines.Universal.Runtime.dll!UnityEngine.Rendering.Universal.Internal::ForwardLights.SetupMainLightConstants()";0.0451;0.04;0.1121;1382;1281;1446;17;17;13.7961999177933;0.04598733;0.043;0.0469;301;1;1;2;300;1147;0.04;0.0681;1281;1446;0.0456
"Crest.dll!Crest::FFTCompute.DispatchFFT()";0.045;0.0406;0.0776;1223;1180;1446;12;12;13.598599921912;0.04532867;0.0425;0.046;300;1;1;1;300;1147;0.0406;0.0776;1180;1446;0.0415
"Unity.RenderPipelines.Universal.Runtime.dll!UnityEngine.Rendering.Universal::UniversalRenderPipeline.InitializeLightData()";0.045;0.0379;0.1064;1232;1376;1446;12;12;13.685699917376;0.045619;0.0423;0.0478;301;1;1;2;300;1147;0.0379;0.0619;1376;1446;0.0472
"UnityEngine.CoreModule.dll!UnityEngine::Transform.get_position()";0.04479998;0.04229998;0.09889999;1191;1271;1446;5;18;13.7521997920121;0.04584067;0.04389998;0.04669998;24925;83;83;102;300;1147;0.0003;0.0111;1147;1319;0.04659998
"Unity.RenderPipelines.Core.Runtime.dll!UnityEngine.Rendering::VolumeParameter.get_overrideState()";0.04440014;0.03840008;0.1241011;1322;1421;1446;14;14;13.6056996681946;0.04535233;0.04280015;0.04670022;167958;558;558;1116;300;1147;0;0.0103;1147;1244;0.05140025
"Director.PrepareFrame";0.0444;0.0303;0.0755;1306;1372;1161;3;3;13.5080999095153;0.045027;0.04190001;0.0474;2398;7;7;37;300;1147;0;0.0742;1147;1161;0.04830001
"UnityEngine.CoreModule.dll!UnityEngine::Mathf.Pow()";0.0444;0.03909999;0.1243999;1354;1433;1446;7;21;13.6553996718576;0.045518;0.0432;0.0466;32492;109;102;174;300;1147;0.0002;0.0341;1147;1308;0.0438
"Assembly-CSharp.dll!UnityEngine.Rendering.LWRP::EnviroBlitPass.Execute()";0.0442;0.0424;0.1691;1421;1151;1446;16;16;13.8691999576986;0.04623067;0.0437;0.0466;301;1;1;2;300;1147;0.0424;0.1001;1151;1446;0.0495
"BatchRenderer.Flush";0.0441;0.0398;0.0971;1308;1275;1306;19;19;13.6512999563711;0.04550433;0.0422;0.0475;3310;11;11;21;300;1147;0.0008;0.0581;1334;1306;0.0426
"Crest.dll!Crest::OceanRenderer.LateUpdatePosition()";0.0441;0.0216;0.0677;1437;1444;1375;6;6;13.5380999147892;0.045127;0.0433;0.0463;300;1;1;1;300;1147;0.0216;0.0677;1444;1375;0.0402
"Crest.dll!Crest::LodTransform.WriteCascadeParams()";0.044;0.0422;0.0895;1381;1205;1446;7;7;13.5783999189734;0.04526133;0.0434;0.0461;300;1;1;1;300;1147;0.0422;0.0895;1205;1446;0.0428
"EndRenderQueueExtraction";0.0439;0.0382;0.38;1288;1438;1446;14;15;13.8337999279611;0.04611267;0.0421;0.0466;602;2;2;4;300;1147;0.0054;0.2858;1425;1446;0.0441
"CullingGroupSendEvents";0.0439;0.0202;0.0954;1309;1255;1270;14;14;13.1818999517709;0.04393966;0.0391;0.0476;301;1;1;2;300;1147;0;0.0954;1446;1270;0.0509
"Unity.RenderPipelines.Universal.Runtime.dll!UnityEngine.Rendering.Universal::UniversalRenderer.SetupCullingParameters()";0.0437;0.0377;0.1028;1264;1216;1446;11;11;13.8232999555767;0.04607766;0.0413;0.0489;301;1;1;2;300;1147;0.0377;0.097;1216;1350;0.0491
"mscorlib.dll!System::Array.CreateInstance()";0.0431;0.0431;0.0431;1446;1446;1446;21;22;0.0430999994277954;0.0431;0.0431;0.0431;6;6;6;6;1;1446;0.0036;0.0128;1446;1446;0
"Crest.dll!Crest::QueryBase.DataArrived()";0.0431;0.0349;0.0661;1375;1199;1250;3;3;13.1226999275386;0.04374233;0.0397;0.0472;300;1;1;1;300;1147;0.0349;0.0661;1199;1250;0.0488
"Profiler.CollectEditorStats";0.043;0.0277;0.2052;1247;1367;1378;1;1;12.8013999257237;0.04267133;0.0352;0.0468;300;1;1;1;300;1147;0.0277;0.2052;1367;1378;0.0434
"Crest.dll!Crest::QueryBase.RetrieveResults()";0.043;0.0385;0.0693;1430;1417;1178;7;9;13.257099927403;0.04419033;0.0407;0.046;600;2;2;2;300;1147;0.0091;0.0554;1390;1178;0.0416
"UnityEngine.CoreModule.dll!UnityEngine::Mesh.SetUVs()";0.0429;0.0429;0.0429;1446;1446;1446;19;23;0.0428999993018806;0.0429;0.0429;0.0429;6;6;6;6;1;1446;0.0061;0.0085;1446;1446;0
"Unity.RenderPipelines.Universal.Runtime.dll!UnityEngine.Rendering.Universal::UniversalRenderPipeline.SetupPerFrameShaderConstants()";0.0426;0.0358;0.1229;1196;1415;1446;6;6;13.3914999328554;0.04463833;0.0403;0.0465;301;1;1;2;300;1147;0.0358;0.0833;1415;1446;0.0413
"UnityEngine.IMGUIModule.dll!UnityEngine::GUILayoutUtility.Layout()";0.0426;0.0381;0.0871;1261;1309;1243;4;4;13.2119999295101;0.04404;0.0408;0.0456;900;3;3;3;300;1147;0.0089;0.0525;1320;1243;0.0413
"Unity.Collections.dll!Unity.Jobs::JobParallelIndexListExtensions.ScheduleAppend()";0.0426;0.0376;0.0613;1429;1211;1375;8;8;13.2411999329925;0.04413733;0.0414;0.046;1800;6;6;6;300;1147;0.0048;0.0266;1269;1227;0.043
"Crest.dll!Crest::OceanRenderer.WritePerCascadeInstanceData()";0.0424;0.038;0.1008;1409;1193;1446;7;7;13.0942999310791;0.04364767;0.0402;0.0445;300;1;1;1;300;1147;0.038;0.1008;1193;1446;0.0405
"UnityEngine.InputLegacyModule.dll!UnityEngine::SendMouseEvents.DoSendMouseEvents()";0.0423;0.0316;0.1095;1312;1278;1235;4;4;17.1797998920083;0.057266;0.0377;0.0797;300;1;1;1;300;1147;0.0316;0.1095;1278;1235;0.0936
"UnityEditor.CoreModule.dll!UnityEditor::ShaderUtil.GetMaterialPropertyNames()";0.042;0.042;0.042;1446;1446;1446;17;23;0.0419999994337559;0.042;0.042;0.042;11;11;11;11;1;1446;0.0014;0.011;1446;1446;0
"Unity.RenderPipelines.Universal.Runtime.dll!UnityEngine.Rendering.Universal::UniversalRenderPipeline.InitializeAdditionalCameraData()";0.0416;0.0374;0.1004;1183;1228;1446;10;10;13.0209999345243;0.04340333;0.0394;0.0441;301;1;1;2;300;1147;0.0374;0.0941;1228;1336;0.0386
"FinalizeUpdateRendererBoundingVolumes";0.0416;0.0277;0.1424;1321;1382;1251;3;16;12.8232999140819;0.04274433;0.0375;0.046;1803;6;6;9;300;1147;0.0001;0.1034;1148;1195;0.0521
"Material.SetPassFast";0.0413;0.0362;0.09489999;1286;1376;1446;4;19;12.7385999477701;0.042462;0.04;0.0438;2108;7;7;15;300;1147;0.0014;0.024;1147;1363;0.041
"Terrain.Heightmap.RenderStep3";0.0412;0.0393;0.1038;1340;1241;1354;14;14;12.9247999077197;0.04308267;0.0405;0.0445;602;2;2;4;300;1147;0.0018;0.1003;1203;1354;0.0408
"mscorlib.dll!System::Number.UInt32ToDecStr()";0.0411;0.0411;0.0411;1446;1446;1446;18;20;0.0410999988089316;0.0411;0.0411;0.0411;51;51;51;51;1;1446;0.0006;0.0018;1446;1446;0
"PreLateUpdate.DirectorUpdateAnimationEnd";0.0409;0.0353;0.1037;1279;1387;1316;2;2;12.514599930495;0.04171533;0.0392;0.0425;300;1;1;1;300;1147;0.0353;0.1037;1387;1316;0.0368
"UnityEditor.CoreModule.dll!UnityEditor::EditorWindow.get_focusedWindow()";0.0409;0.0071;0.0552;1339;1444;1382;8;10;12.4694998998311;0.041565;0.0401;0.0432;8316;28;7;28;300;1147;0.0007;0.0139;1443;1258;0.03979999
"mscorlib.dll!System::String.memset()";0.04069998;0.03649998;0.09580029;1213;1443;1446;4;20;12.3584996381542;0.041195;0.04019998;0.04139998;53977;179;159;330;300;1147;0.0001;0.0122;1147;1225;0.04389999
"Assembly-CSharp.dll!UnityEngine.Rendering.LWRP::EnviroBlitPassVolumeClouds.CreateCloudsRenderTextures()";0.0404;0.0404;0.0404;1446;1446;1446;17;17;0.0403999984264374;0.0404;0.0404;0.0404;1;1;1;1;1;1446;0.0404;0.0404;1446;1446;0
"AwesomeTechnologies.VegetationStudioPro.Runtime.dll!AwesomeTechnologies.VegetationSystem::VegetationSystemPro.SetFrustumCullingPlanes()";0.0403;0.0322;0.0742;1153;1295;1446;8;8;12.3290999382734;0.041097;0.0368;0.0435;300;1;1;1;300;1147;0.0322;0.0742;1295;1446;0.0406
"Unity.RenderPipelines.Core.Runtime.dll!UnityEngine.Rendering::DebugManager.SampleAction()";0.0401;0.0372;0.0652;1428;1271;1446;6;6;12.6562999549787;0.04218766;0.0395;0.044;2700;9;9;9;300;1147;0.0034;0.0234;1165;1243;0.0399
"mscorlib.dll!System::String.Equals()";0.0399;0.0181;0.1772;1312;1445;1446;7;20;12.3665999524019;0.041222;0.0392;0.04160001;6862;23;9;27;300;1147;0;0.0619;1147;1280;0.04350001
"mscorlib.dll!Mono::RuntimeGPtrArrayHandle.get_Item()";0.03989998;0.03989998;0.03989998;1446;1446;1446;23;23;0.0398999995086342;0.0399;0.03989998;0.03989998;84;84;84;84;1;1446;0.0003;0.003;1446;1446;0
"Profiler.CollectUIStats";0.0396;0.026;0.0911;1174;1367;1216;2;2;11.7951999381185;0.03931733;0.0332;0.0434;300;1;1;1;300;1147;0.026;0.0911;1367;1216;0.0397
"Crest.dll!Crest::QueryBase.ExecuteQueries()";0.0395;0.0297;0.1071;1373;1407;1365;7;7;12.5112998951226;0.04170433;0.034;0.0465;300;1;1;1;300;1147;0.0297;0.1071;1407;1365;0.0354
"UnityEngine.CoreModule.dll!UnityEngine::Object.EnsureRunningOnMainThread()";0.03930001;0.0361;0.1615001;1334;1297;1446;7;25;12.1221996378736;0.04040733;0.03849999;0.04130001;33223;111;104;277;300;1147;0.0002;0.0076;1147;1294;0.04000001
"Unity.RenderPipelines.Universal.Runtime.dll!UnityEngine.Rendering.Universal::RenderingUtils.RenderObjectsWithError()";0.0393;0.0373;0.102;1282;1196;1446;18;18;12.3188999593258;0.041063;0.0383;0.0431;602;2;2;4;300;1147;0.0178;0.0321;1159;1194;0.0424
"Assembly-CSharp.dll!UnityEngine.Rendering.LWRP::EnviroBlitPassVolumeClouds.UpdateMatrix()";0.0393;0.0349;0.123;1388;1209;1446;17;17;12.2093999348581;0.040698;0.0385;0.0413;301;1;1;2;300;1147;0.0349;0.0814;1209;1446;0.0369
"Boxophobic.TheVegetationEngine.Runtime.dll!TheVegetationEngine::TVEGlobalMotion.Update()";0.0389;0.0341;0.0646;1288;1371;1446;4;4;12.0402999594808;0.04013433;0.0375;0.0416;300;1;1;1;300;1147;0.0341;0.0646;1371;1446;0.04
"Unity.Collections.dll!Unity.Collections::NativeList`1.op_Implicit()";0.0387;0.03420001;0.06240001;1259;1424;1446;6;8;11.9893999085762;0.03996466;0.037;0.0416;3600;12;12;12;300;1147;0.0019;0.0195;1357;1418;0.0403
"UnityEditor.CoreModule.dll!UnityEditor::ShaderUtil.GetMaterialPropertyNamesImpl()";0.0386;0.0386;0.0386;1446;1446;1446;18;24;0.0385999998543411;0.0386;0.0386;0.0386;11;11;11;11;1;1446;0.0012;0.0105;1446;1446;0
"Unity.RenderPipelines.Universal.Runtime.dll!::RenderBlocks.FillBlockRanges()";0.0385;0.037;0.1164;1291;1264;1446;13;13;11.8780999146402;0.03959367;0.0381;0.0404;301;1;1;2;300;1147;0.037;0.0782;1264;1446;0.0384
"mscorlib.dll!System::IntPtr.op_Equality()";0.03830007;0.0341;0.143301;1291;1421;1446;6;23;11.7902997158671;0.039301;0.03680005;0.04010011;136724;454;454;978;300;1147;0;0.0124;1147;1446;0.03660005
"Unity.RenderPipelines.Core.Runtime.dll!UnityEngine.Rendering::VolumeParameter.set_overrideState()";0.03830007;0.03450001;0.1232009;1194;1427;1446;13;14;11.6922997163419;0.03897433;0.03680005;0.0398001;142674;474;474;948;300;1147;0;0.008;1147;1335;0.03760006
"AwesomeTechnologies.VegetationStudioPro.Runtime.dll!AwesomeTechnologies.VegetationSystem::VegetationStudioCamera.get_Enabled()";0.0379;0.0326;0.0758;1385;1246;1446;5;8;11.6382999399211;0.03879433;0.036;0.041;2700;9;9;9;300;1147;0.0027;0.0172;1184;1365;0.0383
"AwesomeTechnologies.VegetationStudioPro.Runtime.dll!AwesomeTechnologies.VegetationSystem::VegetationStudioCamera.GetBoundingSphereInfo()";0.03789999;0.0345;0.06610001;1224;1429;1446;6;6;11.4314998727059;0.038105;0.036;0.0393;6900;23;23;23;300;1147;0.0013;0.0187;1214;1149;0.0393
"UnityEngine.CoreModule.dll!UnityEngine::Mesh.SetListForChannel()";0.0376;0.0376;0.0376;1446;1446;1446;22;25;0.037599999923259;0.0376;0.0376;0.0376;4;4;4;4;1;1446;0.0049;0.0144;1446;1446;0
"UnityEngine.IMGUIModule.dll!UnityEngine::GUIUtility.ResetGlobalState()";0.0376;0.0349;0.0675;1296;1252;1446;4;4;11.4997999523766;0.03833267;0.0366;0.039;1800;6;6;6;300;1147;0.004;0.0262;1151;1400;0.037
"mscorlib.dll!System.Reflection::RuntimeFieldInfo.GetValue()";0.0375;0.0375;0.0375;1446;1446;1446;19;19;0.0374999991618097;0.0375;0.0375;0.0375;24;24;24;24;1;1446;0.0011;0.0044;1446;1446;0
"QuadTreeBatchNode.Render";0.0373;0.0342;0.09079999;1149;1275;1306;20;20;11.6516999471933;0.038839;0.0358;0.0409;2709;9;9;18;300;1147;0.0026;0.058;1446;1306;0.0363
"mscorlib.dll!System::Object.virt_stelemref_class_small_idepth()";0.03720007;0.03229999;0.1174008;1418;1372;1446;10;22;11.68189978187;0.03893967;0.03590004;0.0403001;75727;251;251;678;300;1147;0;0.0501;1147;1210;0.03580004
"Terrain.Heightmap.RenderStep1";0.037;0.0296;0.0958;1279;1275;1446;14;14;11.6317999188905;0.03877266;0.0334;0.0421;602;2;2;4;300;1147;0.0004;0.0733;1180;1446;0.0494
"Unity.RenderPipelines.Core.Runtime.dll!UnityEngine.Rendering::ObjectPool`1.Get()";0.03690001;0.03490001;0.1143;1340;1213;1446;10;19;11.4243996773148;0.03808133;0.03620001;0.03900002;14448;48;48;96;300;1147;0.0005;0.0132;1153;1306;0.03740001
"Unity.RenderPipelines.Universal.Runtime.dll!UnityEngine.Rendering.Universal.Internal::CopyColorPass.Execute()";0.0367;0.0341;0.1165;1370;1255;1446;16;16;11.5332999117672;0.03844433;0.0358;0.0395;301;1;1;2;300;1147;0.0341;0.0704;1255;1446;0.0384
"UnityEngine.CoreModule.dll!UnityEngine::Mesh.SetIndices()";0.0367;0.0367;0.0367;1446;1446;1446;19;23;0.036699999589473;0.0367;0.0367;0.0367;6;6;6;6;1;1446;0.0047;0.0075;1446;1446;0
"Crest.dll!Crest::OceanRenderer.CalculateSettingsHash()";0.0364;0.0312;0.0729;1430;1193;1446;6;6;11.1710999310017;0.037237;0.0342;0.0385;300;1;1;1;300;1147;0.0312;0.0729;1193;1446;0.0342
"Crest.dll!::FilterWavelength.Filter()";0.03609999;0.03369998;0.1108999;1287;1410;1201;10;10;11.1806995867373;0.037269;0.03529999;0.03839999;33600;112;112;112;300;1147;0.0002;0.0723;1147;1201;0.0396
"Unity.RenderPipelines.Universal.Runtime.dll!UnityEngine.Rendering.Universal::UniversalAdditionalCameraData.get_scriptableRenderer()";0.036;0.0325;0.1064;1393;1342;1446;7;14;11.1304999655113;0.03710167;0.0338;0.0381;2106;7;7;13;300;1147;0.0039;0.0269;1151;1172;0.0341
"Unity.RenderPipelines.Core.Runtime.dll!UnityEngine.Rendering::CoreUtils.SetRenderTarget()";0.0358;0.0334;0.107;1419;1355;1446;20;20;11.0779999279184;0.03692667;0.035;0.0378;5418;18;18;36;300;1147;0.0012;0.0183;1149;1288;0.03719999
"Crest.dll!Crest::LodDataMgrFoam.SetAdditionalSimParams()";0.0357;0.0332;0.5793;1385;1278;1446;9;9;11.8365999627858;0.03945533;0.0345;0.0381;315;1;1;10;300;1147;0.0278;0.0965;1302;1446;0.0341
"AwesomeTechnologies.VegetationStudioPro.Runtime.dll!AwesomeTechnologies.VegetationSystem::VegetationStudioCamera.IsEnabled()";0.0356;0.0305;0.071;1398;1246;1446;6;9;10.9146999428049;0.03638233;0.0336;0.0386;2700;9;9;9;300;1147;0.0025;0.0169;1398;1365;0.0358
"Unity.RenderPipelines.Core.Runtime.dll!UnityEngine.Rendering::CoreUtils.SetKeyword()";0.0354;0.0331;0.09449998;1287;1431;1446;15;19;11.1114999318961;0.03703833;0.0346;0.0376;8729;29;29;58;300;1147;0.0004;0.05;1155;1219;0.05
"Unity.Collections.dll!Unity.Collections::NativeList`1.AsArray()";0.0354;0.0314;0.0586;1425;1424;1446;7;9;11.0525000072084;0.03684167;0.0341;0.0382;3600;12;12;12;300;1147;0.0018;0.0163;1149;1155;0.0375
"UnityEngine.CoreModule.dll!Unity.Collections::NativeArray`1.CheckElementReadAccess()";0.03539998;0.03379998;0.102;1395;1305;1446;9;21;11.0102998556977;0.036701;0.03489998;0.03759998;23172;77;77;149;300;1147;0.0003;0.0101;1148;1264;0.03489998
"EarlyUpdate.PollPlayerConnection";0.0353;0.0213;0.0621;1389;1211;1296;2;2;10.9017999395728;0.03633933;0.0298;0.0425;300;1;1;1;300;1147;0.0213;0.0621;1211;1296;0.0278
"UnityEngine.CoreModule.dll!UnityEngine::Mathf.Approximately()";0.0353;0.0301;0.0607;1428;1445;1446;5;15;10.757399893133;0.035858;0.0339;0.03689999;6419;21;18;25;300;1147;0.0013;0.0086;1148;1299;0.03639999
"Unity.RenderPipelines.Universal.Runtime.dll!::ScreenSpaceAmbientOcclusionPass.Render()";0.0352;0.0338;0.1158;1240;1166;1446;18;19;10.9394999472424;0.036465;0.0348;0.0374;1204;4;4;8;300;1147;0.0079;0.0272;1233;1302;0.0346
"mscorlib.dll!System::String.EqualsHelper()";0.0352;0.0155;0.1691;1253;1445;1446;8;21;10.9754999226425;0.036585;0.0347;0.037;2690;9;2;20;300;1147;0.0023;0.0617;1262;1280;0.0388
"UnityEngine.CoreModule.dll!UnityEngine::Transform.get_forward()";0.0349;0.0312;0.0834;1183;1242;1446;6;18;10.8076999777113;0.03602567;0.0333;0.0378;7504;25;25;29;300;1147;0.0008;0.045;1147;1286;0.0347
"UnityEngine.CoreModule.dll!UnityEngine::Component.get_transform()";0.03479999;0.03089998;0.0637;1334;1253;1446;5;18;10.6799997842172;0.0356;0.03349999;0.03699999;23413;78;78;91;300;1147;0.0001;0.0122;1147;1260;0.03569999
"Unity.RenderPipelines.Universal.Runtime.dll!UnityEngine.Rendering.Universal::ShadowSliceData.Clear()";0.0347;0.0332;0.2076;1293;1202;1446;15;15;10.8423998840153;0.03614133;0.0343;0.0355;1204;4;4;8;300;1147;0.0081;0.114;1230;1446;0.0369
"Crest.dll!Crest::LodTransform.MaxWavelength()";0.0345;0.0249;0.2074001;1179;1157;1446;8;9;10.4899997570319;0.03496667;0.0339;0.0367;8190;28;21;91;300;1147;0.001;0.0166;1232;1294;0.0333
"Assembly-CSharp.dll!UnityEngine.Rendering.LWRP::EnviroMoonShaftsLWRP.AddRenderPasses()";0.0344;0.0316;0.0862;1229;1249;1446;14;14;10.6035999171436;0.03534533;0.0336;0.0361;301;1;1;2;300;1147;0.0316;0.05;1249;1446;0.0384
"UnityEngine.CoreModule.dll!UnityEngine.Rendering::CommandBuffer.SetRenderTargetSingle_Internal()";0.0344;0.03209999;0.09289994;1242;1294;1446;10;22;10.6003997721273;0.03533467;0.0335;0.0364;25250;84;84;134;300;1147;0.0002;0.0127;1150;1302;0.034
"Unity.RenderPipelines.Core.Runtime.dll!UnityEngine.Rendering::VolumeParameter`1.Interp()";0.034;0.0324;0.1083;1326;1292;1446;14;15;10.5826998898629;0.03527567;0.0335;0.0361;15652;52;52;104;300;1147;0;0.011;1147;1278;0.0362
"Assembly-CSharp.dll!::EnviroSkyMgr.get_LightShaftsSettings()";0.034;0.0324;0.119;1374;1173;1446;15;17;10.557000062312;0.03519;0.0334;0.0365;9331;31;31;62;300;1147;0.001;0.0079;1147;1313;0.0371
"UnityEngine.CoreModule.dll!UnityEngine::Component.get_gameObject()";0.03379999;0.03029999;0.05840001;1274;1147;1446;5;20;10.5039998049397;0.03501333;0.03259999;0.03649998;22211;74;74;85;300;1147;0.0001;0.017;1147;1226;0.03419998
"UnityEngine.CoreModule.dll!UnityEngine.Rendering::CommandBuffer.DisableShaderKeyword()";0.03360001;0.0313;0.08929998;1166;1151;1446;13;20;10.6200999007997;0.03540033;0.0329;0.0362;10836;36;36;72;300;1147;0.0002;0.0495;1147;1219;0.0342
"CullAllVisibleLights";0.0335;0.0281;1.918;1379;1245;1446;15;15;12.1625998802483;0.040542;0.0317;0.0366;301;1;1;2;300;1147;0.0281;1.8811;1245;1446;0.0339
"UnityEngine.IMGUIModule.dll!UnityEngine::GUILayoutGroup..ctor()";0.0334;0.0298;0.0757;1387;1309;1446;5;7;10.3605999613646;0.03453533;0.0324;0.0359;1802;6;6;8;300;1147;0.0033;0.0241;1235;1205;0.0323
"UnityEngine.CoreModule.dll!UnityEngine.Rendering::GraphicsSettings.get_currentRenderPipeline()";0.03339999;0.03049999;0.09119994;1165;1345;1446;7;20;10.3063998333237;0.03435466;0.03269998;0.03479999;20454;68;68;122;300;1147;0.0003;0.0128;1147;1365;0.03359998
"UnityEngine.CoreModule.dll!UnityEngine::Color.op_Implicit()";0.03309998;0.03099997;0.093;1168;1165;1446;6;23;10.199499631155;0.03399833;0.03219998;0.03509999;34589;115;115;204;300;1147;0.0002;0.0139;1147;1184;0.03319998
"Crest.dll!Crest::OceanChunkRenderer.UpdateMeshBounds()";0.033;0.0302;0.052;1364;1270;1446;5;5;10.2901999652386;0.03430067;0.032;0.0351;300;1;1;1;300;1147;0.0302;0.052;1270;1446;0.0344
"Unity.RenderPipelines.Core.Runtime.dll!UnityEngine.Rendering::VolumeParameter`1.get_value()";0.03289998;0.02959996;0.1110008;1352;1393;1446;14;21;10.210399749114;0.03403467;0.03209997;0.03500002;109865;365;365;730;300;1147;0;0.0075;1147;1289;0.03199997
"SkinnedMeshFinalizeUpdate";0.0328;0.021;0.06910001;1301;1382;1151;4;17;9.98519994614617;0.033284;0.0286;0.03650001;1503;5;5;8;300;1147;0;0.0682;1219;1292;0.0434
"Crest.dll!Crest::OceanRenderer.get_Viewpoint()";0.0325;0.0108;0.0463;1326;1445;1375;7;7;9.66259994078428;0.03220867;0.0299;0.0334;300;1;1;1;300;1147;0.0108;0.0463;1445;1375;0.0293
"mscorlib.dll!System::String.op_Equality()";0.0324;0.0072;0.09159999;1256;1445;1280;7;10;9.97649986758188;0.033255;0.0318;0.03419999;6544;22;8;22;300;1147;0.0002;0.0622;1147;1280;0.0352
"Camera.RenderSkybox";0.0323;0.0268;0.0792;1230;1426;1446;15;15;9.94479991495609;0.03314933;0.0308;0.0346;301;1;1;2;300;1147;0.0268;0.0462;1426;1343;0.031
"CollectGPUSamples";0.0322;0.0228;0.0797;1415;1305;1413;1;1;9.95639996230602;0.033188;0.0293;0.0346;300;1;1;1;300;1147;0.0228;0.0797;1305;1413;0.0284
"Texture.AwakeFromLoad";0.0322;0.0322;0.0322;1446;1446;1446;23;23;0.0321999997831881;0.0322;0.0322;0.0322;8;8;8;8;1;1446;0.0018;0.0106;1446;1446;0
"UnityEngine.CoreModule.dll!UnityEngine::Mesh.SetSizedArrayForChannel()";0.0322;0.0322;0.0322;1446;1446;1446;23;26;0.0321999997831881;0.0322;0.0322;0.0322;4;4;4;4;1;1446;0.0039;0.0128;1446;1446;0
"Assembly-CSharp.dll!Lux_SRP_GrassDisplacement::GrassDisplacementPass.Configure()";0.0316;0.0299;0.1078;1266;1420;1446;17;17;9.891999932006;0.03297333;0.0311;0.0338;301;1;1;2;300;1147;0.0299;0.0624;1420;1446;0.0357
"Assembly-CSharp.dll!::EnviroZone.LateUpdate()";0.0315;0.0271;0.055;1252;1181;1446;4;4;9.72769995778799;0.03242567;0.0304;0.0334;300;1;1;1;300;1147;0.0271;0.055;1181;1446;0.0373
"UGUI.Rendering.EmitWorldScreenspaceCameraGeometry";0.0314;0.0257;0.0854;1320;1415;1354;2;3;9.83789994957624;0.032793;0.0294;0.0335;601;2;2;3;300;1147;0.0007;0.0845;1324;1354;0.0327
"UnityEngine.UIModule.dll!UnityEngine::Canvas.SendPreWillRenderCanvases()";0.0314;0.0249;0.0622;1199;1407;1325;5;5;9.90819995850325;0.03302733;0.0287;0.0355;300;1;1;1;300;1147;0.0249;0.0622;1407;1325;0.0289
"Unity.InputSystem.dll!UnityEngine.InputSystem::FastMouse.UnityEngine.InputSystem.LowLevel.IInputStateCallbackReceiver.OnNextUpdate()";0.0313;0.0265;0.0505;1168;1292;1446;6;6;9.50369993783534;0.031679;0.029;0.0337;300;1;1;1;300;1147;0.0265;0.0505;1292;1446;0.0339
"mscorlib.dll!System.Collections.Generic::List`1.set_Item()";0.03129998;0.02859998;0.09610012;1369;1196;1446;14;14;9.66359964992444;0.032212;0.03059997;0.03309998;36722;122;122;244;300;1147;0.0002;0.0114;1147;1301;0.03309998
"mscorlib.dll!System::Number.FormatSingle()";0.0312;0.0253;0.054;1241;1255;1285;6;7;9.50279998965561;0.031676;0.0285;0.0338;600;2;2;2;300;1147;0.008;0.0334;1147;1247;0.0315
"EnviroVolumeCloudsLWRP";0.031;0.0268;0.0966;1259;1426;1446;15;15;9.52369998022914;0.03174566;0.0302;0.0319;301;1;1;2;300;1147;0.0268;0.0498;1426;1446;0.0313
"UIEvents.UpdateCanvasRectTransform";0.031;0.0279;0.0898;1302;1334;1400;3;3;9.74129995517433;0.032471;0.0302;0.0332;300;1;1;1;300;1147;0.0279;0.0898;1334;1400;0.0363
"Unity.InputSystem.dll!UnityEngine.InputSystem::FastMouse.OnNextUpdate()";0.0308;0.0262;0.0496;1287;1292;1446;7;7;9.3788999542594;0.031263;0.0286;0.0334;300;1;1;1;300;1147;0.0262;0.0496;1292;1446;0.0335
"UnityEngine.CoreModule.dll!UnityEngine.Rendering::CommandBuffer.GetTemporaryRT()";0.0308;0.0294;0.09620002;1300;1173;1446;14;20;9.61370009777602;0.03204567;0.0304;0.033;7826;26;26;52;300;1147;0.0009;0.0098;1147;1224;0.0312
"UnityEngine.CoreModule.dll!Unity.Collections.LowLevel.Unsafe::UnsafeUtility.IsArrayBlittable()";0.0307;0.0258;0.0573;1220;1345;1200;8;9;9.58899994683452;0.03196333;0.029;0.0337;1500;5;5;5;300;1147;0.0023;0.0254;1151;1175;0.0287
"mscorlib.dll!::Enumerator.get_Current()";0.03059996;0.02709996;0.05960019;1297;1180;1446;5;13;9.38029976950929;0.03126767;0.02989996;0.03199997;109538;365;365;403;300;1147;0;0.0128;1147;1357;0.03139996
"UnityEngine.CoreModule.dll!UnityEngine::Texture2D.Apply()";0.0305;0.0305;0.0305;1446;1446;1446;19;19;0.0305000001098961;0.0305;0.0305;0.0305;8;8;8;8;1;1446;0.0032;0.005;1446;1446;0
"Assembly-CSharp.dll!UnityEngine.Rendering.LWRP::EnviroFogLWRP.UpdateMatrix()";0.0304;0.0274;0.0872;1375;1158;1446;15;15;9.36129994131625;0.03120433;0.0292;0.0321;301;1;1;2;300;1147;0.0274;0.0554;1158;1446;0.0308
"Unity.RenderPipelines.Universal.Runtime.dll!UnityEngine.Rendering.Universal::XRPass.get_enabled()";0.03039998;0.02809997;0.09260005;1394;1305;1446;8;22;9.42779967914976;0.031426;0.02979998;0.03249998;34013;113;113;226;300;1147;0.0002;0.0113;1147;1388;0.03259997
"Animators.ProcessGraphJob";0.0302;0.0204;0.1039;1149;1274;1329;5;5;9.50739994086325;0.03169133;0.0287;0.0342;300;1;1;1;300;1147;0.0204;0.1039;1274;1329;0.0367
"mscorlib.dll!System.Collections.Generic::ObjectEqualityComparer`1.Equals()";0.03019998;0.02439999;0.0909;1279;1444;1446;9;22;9.28879980879719;0.03096267;0.02919999;0.03159999;17503;59;52;144;300;1147;0.0002;0.0199;1147;1282;0.03549999
"Crest.dll!::RenderData.Validate()";0.03010001;0.02430001;0.2214999;1367;1297;1446;9;10;9.27979969448643;0.03093266;0.02960001;0.03160001;12495;42;35;168;300;1147;0.0006;0.0091;1147;1294;0.03270001
"UnityEditor.CoreModule.dll!UnityEditor::SceneView.get_isUsingSceneFiltering()";0.03000001;0.0287;0.09020001;1183;1305;1446;19;19;9.26299977558665;0.03087667;0.02950001;0.0313;13244;44;44;88;300;1147;0.0005;0.0115;1147;1355;0.02980001
"Crest.dll!Crest::LodDataMgrAnimWaves.Bind()";0.03;0.0272;0.1346;1174;1319;1446;9;10;9.36859996896237;0.03122867;0.0285;0.0315;2715;9;9;18;300;1147;0.0022;0.0485;1147;1236;0.0281
"UnityEngine.CoreModule.dll!UnityEngine::GameObject.TryGetComponent()";0.0299;0.0258;0.07040001;1209;1426;1446;8;20;9.30469995143358;0.03101567;0.0288;0.0319;2708;9;9;17;300;1147;0.0008;0.0192;1148;1269;0.0368
"Unity.RenderPipelines.Universal.Runtime.dll!UnityEngine.Rendering.Universal::UniversalRenderer.get_actualRenderingMode()";0.0299;0.0271;0.08499999;1236;1430;1446;12;14;9.33149997587316;0.031105;0.029;0.0315;2107;7;7;14;300;1147;0.0025;0.0208;1153;1180;0.0302
"EarlyUpdate.UpdateCanvasRectTransform";0.0299;0.0284;0.0415;1411;1230;1446;2;2;9.13259995169938;0.030442;0.0294;0.031;300;1;1;1;300;1147;0.0284;0.0415;1230;1446;0.0325
"UnityEngine.CoreModule.dll!UnityEngine::Renderer.set_enabled()";0.02989998;0.01959999;0.05600001;1416;1225;1446;6;7;9.30779975225596;0.031026;0.02529998;0.03570001;26700;89;89;89;300;1147;0.0001;0.0142;1147;1314;0.02469999
"mscorlib.dll!System.Reflection::FieldInfo.internal_from_handle_type()";0.02969998;0.02969998;0.02969998;1446;1446;1446;23;23;0.0296999993443023;0.0297;0.02969998;0.02969998;84;84;84;84;1;1446;0.0002;0.0022;1446;1446;0
"Unity.RenderPipelines.Universal.Runtime.dll!UnityEngine.Rendering.Universal::DebugHandler.Setup()";0.0296;0.0256;0.1082;1316;1151;1446;12;12;9.11589997448027;0.03038633;0.0286;0.031;301;1;1;2;300;1147;0.0256;0.0772;1151;1446;0.0351
"mscorlib.dll!System::SpanHelpers.SequenceEqual()";0.0293;0.0137;0.1563;1223;1445;1446;9;22;9.10969999106601;0.03036567;0.0287;0.0303;2690;9;2;20;300;1147;0.0019;0.0608;1149;1280;0.03
"UnityEngine.CoreModule.dll!UnityEngine.Rendering::CommandBuffer.ValidateAgainstExecutionFlags()";0.02929997;0.02649997;0.08510023;1251;1394;1446;10;24;8.90899976941728;0.02969667;0.02849997;0.03019997;58994;197;190;364;300;1147;0.0001;0.0058;1147;1337;0.02969996
"Unity.RenderPipelines.Universal.Runtime.dll!UnityEngine.Rendering.Universal::ShadowUtils.ApplySliceTransform()";0.0292;0.0274;0.0922;1369;1207;1446;15;15;9.0156999276951;0.03005233;0.0282;0.031;1204;4;4;8;300;1147;0.0066;0.0182;1176;1446;0.0285
"UIEvents.UIElementsRegisterRenderers";0.0292;0.0238;0.08369999;1169;1415;1354;3;4;9.17659995330905;0.03058867;0.0273;0.0311;601;2;2;3;300;1147;0.0001;0.0834;1155;1354;0.0306
"mscorlib.dll!System::MonoCustomAttrs.GetCustomAttributesBase()";0.0292;0.0292;0.0292;1446;1446;1446;21;21;0.0291999997571111;0.0292;0.0292;0.0292;3;3;3;3;1;1446;0.0056;0.0152;1446;1446;0
"Unity.RenderPipelines.Core.Runtime.dll!UnityEngine.Rendering::ProfilingSampler.get_inlineSampler()";0.02869998;0.02309998;0.2465007;1363;1177;1446;7;23;9.06399980014248;0.03021333;0.02559998;0.03189997;57792;192;192;384;300;1147;0;0.1764;1147;1446;0.03720003
"UnityEngine.IMGUIModule.dll!UnityEngine::GUI.DoSetSkin()";0.0286;0.0257;0.0519;1192;1354;1446;3;6;8.90979995648377;0.02969933;0.0278;0.0311;2100;7;7;7;300;1147;0.0021;0.0174;1444;1168;0.0278
"mscorlib.dll!System::Enum.ToUInt64()";0.0286;0.0286;0.0286;1446;1446;1446;20;20;0.0285999998450279;0.0286;0.0286;0.0286;3;3;3;3;1;1446;0.0076;0.0115;1446;1446;0
"Terrain.Heightmap.RenderStep2";0.0285;0.0268;0.0688;1294;1230;1446;14;14;8.73749996550032;0.029125;0.0282;0.0289;602;2;2;4;300;1147;0.0001;0.0457;1153;1331;0.0288
"UnityEngine.CoreModule.dll!UnityEngine::Shader.SetGlobalVectorImpl()";0.02849999;0.02709999;0.06330001;1347;1385;1446;6;17;8.81300006859237;0.02937667;0.02809999;0.03039999;16213;54;54;67;300;1147;0.0002;0.014;1148;1428;0.03119999
"UnityEngine.CoreModule.dll!Unity.Collections.LowLevel.Unsafe::AtomicSafetyHandle.CheckExistsAndThrow()";0.02849998;0.02619998;0.08320002;1402;1405;1446;5;22;8.76199966971762;0.02920667;0.02769998;0.03049998;29498;98;98;196;300;1147;0.0002;0.0054;1147;1187;0.02719999
"UGUI.Rendering.RenderOverlays";0.0284;0.0233;0.0629;1227;1309;1446;2;2;8.66019996069372;0.02886733;0.0277;0.0292;301;1;1;2;300;1147;0.0233;0.0441;1309;1173;0.0296
"Boxophobic.TheVegetationEngine.Runtime.dll!TheVegetationEngine::TVEGlobalDetails.Update()";0.0283;0.0265;0.0571;1427;1166;1446;4;4;8.812499942258;0.029375;0.0278;0.0291;300;1;1;1;300;1147;0.0265;0.0571;1166;1446;0.0285
"Profiler.CollectLegacyStats";0.0282;0.0225;0.0464;1282;1234;1391;2;2;8.77239995263517;0.02924133;0.0274;0.0305;300;1;1;1;300;1147;0.0225;0.0464;1234;1391;0.0256
"UnityEngine.IMGUIModule.dll!::LayoutCache..ctor()";0.0282;0.0282;0.0282;1446;1446;1446;6;6;0.0282000005245209;0.0282;0.0282;0.0282;1;1;1;1;1;1446;0.0282;0.0282;1446;1446;0
"UnityEngine.UI.dll!UnityEngine.EventSystems::BaseInputModule.get_input()";0.0281;0.007799999;0.033;1256;1444;1439;6;10;8.43099978449754;0.02810333;0.0277;0.0285;6536;22;6;22;300;1147;0.0011;0.0063;1148;1282;0.02929999
"UnityEngine.UI.dll!UnityEngine.UI::CanvasScaler.Canvas_preWillRenderCanvases()";0.028;0.0231;0.05889999;1423;1407;1325;7;7;8.91129995789379;0.02970433;0.0257;0.0321;1500;5;5;5;300;1147;0.002;0.0391;1244;1325;0.0258
"UnityEngine.CoreModule.dll!Unity.Collections::NativeArray`1.set_Item()";0.0279;0.02600001;0.07599998;1162;1272;1446;8;19;8.72859983489616;0.02909533;0.0273;0.03040001;8717;29;29;46;300;1147;0.0006;0.0114;1280;1409;0.0315
"Assembly-CSharp.dll!::EnviroSkyMgr.SetEmissionRate()";0.0279;0.0256;0.3721;1378;1387;1446;7;7;9.01259998593014;0.030042;0.0273;0.0297;3600;12;12;12;300;1147;0.0015;0.3378;1166;1446;0.0272
"RenderLoop.CleanupNodeQueue";0.02789999;0.02399999;0.0605;1339;1277;1446;3;16;8.59109982293739;0.028637;0.02679999;0.02949999;20768;69;69;137;300;1147;0.0001;0.0138;1147;1415;0.0282
"Boxophobic.TheVegetationEngine.Runtime.dll!TheVegetationEngine::TVEGlobalDetails.SetGlobalShaderProperties()";0.0278;0.026;0.0563;1332;1166;1446;5;5;8.65699996612966;0.02885667;0.0274;0.0285;300;1;1;1;300;1147;0.026;0.0563;1166;1446;0.0281
"UnityEngine.CoreModule.dll!UnityEngine::Renderer.GetPropertyBlock()";0.0277;0.0238;0.0546;1338;1434;1446;18;18;8.52289986558026;0.02840967;0.02670001;0.02950001;9000;30;30;30;300;1147;0.0005;0.0106;1148;1336;0.02640001
"Unity.RenderPipelines.Universal.Runtime.dll!UnityEngine.Rendering.Universal::RenderingUtils.get_fullscreenMesh()";0.0275;0.0263;0.1685;1443;1212;1446;18;20;8.57170005171793;0.02857233;0.0271;0.0284;8128;27;27;55;300;1147;0.0008;0.0776;1149;1446;0.0294
"Unity.RenderPipelines.Universal.Runtime.dll!UnityEngine.Rendering.Universal::ScriptableRenderPass.get_renderPassEvent()";0.02739996;0.02329997;0.09260061;1351;1328;1446;13;18;8.50719980341091;0.02835733;0.02569997;0.02969996;89696;298;298;594;300;1147;0;0.0142;1147;1194;0.0332
"Crest.dll!Crest::OceanDepthCache.Update()";0.0273;0.0229;0.0422;1385;1293;1446;4;4;8.33139996416867;0.02777133;0.0255;0.0292;300;1;1;1;300;1147;0.0229;0.0422;1293;1446;0.0307
"UnityEngine.CoreModule.dll!UnityEngine::Transform.get_position_Injected()";0.02729999;0.02539999;0.05969999;1439;1385;1446;6;19;8.4144998206466;0.02804833;0.02659999;0.02839998;24925;83;83;102;300;1147;0.0001;0.0075;1147;1262;0.02829999
"Unity.RenderPipelines.Universal.Runtime.dll!::ScreenSpaceAmbientOcclusionPass.RenderAndSetBaseMap()";0.0272;0.0261;0.0839;1370;1385;1446;18;18;8.4563999818638;0.028188;0.0269;0.0286;903;3;3;6;300;1147;0.0085;0.0278;1162;1302;0.0269
"Crest.dll!::FilterNoLodPreference.Filter()";0.02719998;0.02499998;0.04769998;1313;1371;1333;10;10;8.46549970970955;0.02821833;0.02669998;0.02929998;33600;112;112;112;300;1147;0.0002;0.016;1147;1333;0.02599997
"Unity.RenderPipelines.Universal.Runtime.dll!UnityEngine.Rendering.Universal.Internal::MainLightShadowCasterPass.SetupMainLightShadowReceiverConstants()";0.0271;0.0254;0.077;1197;1429;1446;19;19;8.59969995170832;0.02866567;0.0266;0.029;301;1;1;2;300;1147;0.0254;0.0477;1429;1446;0.0275
"UnityEngine.UI.dll!UnityEngine.EventSystems::StandaloneInputModule.ShouldActivateModule()";0.0271;0.0241;0.0472;1317;1266;1446;5;5;8.35779995284975;0.02785933;0.0261;0.0288;300;1;1;1;300;1147;0.0241;0.0472;1266;1446;0.0293
"UnityEngine.CoreModule.dll!UnityEngine.Rendering::RenderTargetIdentifier.op_Equality()";0.02709998;0.02569998;0.08799998;1240;1405;1446;16;20;8.30789983904106;0.027693;0.02669998;0.02759999;24682;82;82;164;300;1147;0.0002;0.0071;1147;1443;0.02939999
"UnityEngine.UIModule.dll!UnityEngine::Canvas.SendWillRenderCanvases()";0.027;0.0218;0.0468;1199;1334;1311;5;5;8.54849997907877;0.028495;0.0256;0.0298;300;1;1;1;300;1147;0.0218;0.0468;1334;1311;0.0271
"Assembly-CSharp.dll!::EnviroMicroSplatIntegration.Update()";0.027;0.0247;0.0452;1289;1311;1446;4;4;8.42889996431768;0.02809633;0.0262;0.0284;300;1;1;1;300;1147;0.0247;0.0452;1311;1446;0.0316
"UnityEngine.CoreModule.dll!UnityEngine::GeometryUtility.Internal_ExtractPlanes()";0.0268;0.0201;0.051;1178;1173;1257;10;11;8.08189993491396;0.02693967;0.0243;0.0286;900;3;3;3;300;1147;0.0023;0.0233;1151;1370;0.0294
"Assembly-CSharp.dll!UnityEngine.Rendering.LWRP::EnviroSunShaftsLWRP.AddRenderPasses()";0.0268;0.0255;0.0784;1318;1360;1446;14;14;8.26159995235503;0.02753867;0.0264;0.0274;301;1;1;2;300;1147;0.0255;0.0481;1360;1446;0.0272
"Unity.RenderPipelines.Universal.Runtime.dll!UnityEngine.Rendering.Universal::ScriptableRenderPass.FrameCleanup()";0.0268;0.024;0.07450001;1399;1239;1446;14;14;8.44919993657095;0.028164;0.0254;0.0294;5117;17;17;34;300;1147;0.0002;0.0369;1147;1402;0.0257
"UnityEngine.CoreModule.dll!UnityEngine::Mesh..ctor()";0.0267;0.0267;0.0267;1446;1446;1446;19;21;0.0266999993473291;0.0267;0.0267;0.0267;2;2;2;2;1;1446;0.0122;0.0145;1446;1446;0
"Crest.dll!Crest::PropertyWrapperMPB.SetTexture()";0.0263;0.02410001;0.0523;1417;1256;1446;18;18;8.04159982240526;0.02680533;0.02580001;0.0275;9000;30;30;30;300;1147;0.0007;0.007;1147;1202;0.02850001
"UnityEngine.CoreModule.dll!UnityEngine::RenderTexture.GetDepthStencilFormatLegacy()";0.0263;0.0245;0.0826;1203;1285;1446;12;22;8.22469995333813;0.02741567;0.0258;0.02729999;12646;42;42;88;300;1147;0.0004;0.0454;1147;1418;0.0272
"mscorlib.dll!System::Math.Abs()";0.02629996;0.02389997;0.04730008;1267;1442;1446;6;23;8.10219979863905;0.02700733;0.02549997;0.02779996;92290;306;297;327;300;1147;0;0.0071;1147;1357;0.02569997
"Assembly-CSharp.dll!UnityEngine.Rendering.LWRP::EnviroDistanceBlurPass.UpdateMatrix()";0.0262;0.0235;0.0657;1287;1205;1446;17;17;8.25109995156527;0.02750367;0.0251;0.0284;301;1;1;2;300;1147;0.0235;0.0423;1205;1373;0.029
"UnityEngine.CoreModule.dll!UnityEngine::Texture2D.ApplyImpl()";0.0262;0.0262;0.0262;1446;1446;1446;20;20;0.0261999999638647;0.0262;0.0262;0.0262;8;8;8;8;1;1446;0.0027;0.0041;1446;1446;0
"UnityEngine.UIElementsNativeModule.dll!UnityEngine.UIElements.UIR::Utility.RaiseRegisterIntermediateRenderers()";0.0261;0.0211;0.0807;1203;1415;1354;4;4;8.23989995568991;0.02746633;0.0244;0.0277;301;1;1;2;300;1147;0.0211;0.0807;1415;1354;0.027
"Crest.dll!Crest::OceanChunkRenderer.ExpandBoundsForDisplacements()";0.026;0.024;0.0416;1236;1270;1380;6;6;8.18079997599125;0.02726933;0.0253;0.0281;300;1;1;1;300;1147;0.024;0.0416;1270;1380;0.0272
"UnityEngine.IMGUIModule.dll!UnityEngine::GUI.set_skin()";0.0258;0.0241;0.048;1291;1311;1446;5;5;7.88779997453094;0.02629267;0.0252;0.0266;1800;6;6;6;300;1147;0.0027;0.0189;1173;1441;0.0254
"UnityEngine.CoreModule.dll!UnityEngine::GeometryUtility.Internal_ExtractPlanes_Injected()";0.0258;0.0192;0.0499;1177;1173;1257;11;12;7.77879996527918;0.02592933;0.0233;0.0275;900;3;3;3;300;1147;0.002;0.023;1178;1370;0.0283
"UnityEngine.UI.dll!UnityEngine.UI::CanvasScaler.Handle()";0.0258;0.021;0.0562;1199;1177;1325;8;8;8.18379997718148;0.02727933;0.0233;0.0295;1500;5;5;5;300;1147;0.0018;0.0382;1177;1325;0.0236
"Assembly-CSharp.dll!::Utils.GetMethodsByPrefix()";0.0258;0.0222;0.0422;1298;1415;1282;6;6;7.96239995770156;0.02654133;0.0246;0.0277;300;1;1;1;300;1147;0.0222;0.0422;1415;1282;0.0297
"UnityEngine.IMGUIModule.dll!UnityEngine::GUILayoutEntry..ctor()";0.0257;0.0231;0.0567;1393;1216;1446;6;8;7.98309996025637;0.02661033;0.025;0.0277;1802;6;6;8;300;1147;0.0026;0.0201;1186;1266;0.0252
"SSAO";0.0257;0.022;0.0552;1414;1245;1446;15;15;8.03089994192123;0.02676967;0.0247;0.0275;301;1;1;2;300;1147;0.022;0.0476;1245;1155;0.0277
"Crest.dll!Crest::PropertyWrapperMaterial.SetTexture()";0.0255;0.022;0.0427;1257;1317;1446;10;11;8.01629992359085;0.026721;0.0244;0.0282;6300;21;21;21;300;1147;0.0007;0.0132;1171;1405;0.0247
"ExecuteRenderQueueJob";0.0255;0.0212;0.0796;1417;1385;1446;17;17;7.8435999751091;0.02632081;0.0244;0.027;299;1;1;2;298;1147;0.0212;0.0566;1385;1446;0.0243
"Unity.RenderPipelines.Universal.Runtime.dll!UnityEngine.Rendering.Universal::DebugDisplaySettingsMaterial.get_AreAnySettingsActive()";0.02549999;0.02419999;0.0813;1333;1149;1446;14;24;7.97970004982199;0.026599;0.02499999;0.02759999;15652;52;52;104;300;1147;0.0003;0.0134;1149;1151;0.02549999
"Assembly-CSharp.dll!::EnviroCore.CalculateSunPosition()";0.0254;0.0236;0.0781;1263;1314;1412;6;6;7.9842999689281;0.02661433;0.0248;0.0263;300;1;1;1;300;1147;0.0236;0.0781;1314;1412;0.0289
"Unity.RenderPipelines.Universal.Runtime.dll!UnityEngine.Rendering.Universal::DebugDisplaySettingsLighting.get_AreAnySettingsActive()";0.02539999;0.0242;0.0737;1223;1345;1446;14;24;7.87260006094584;0.026242;0.02499999;0.02649999;15652;52;52;104;300;1147;0.0003;0.0056;1150;1358;0.02879998
"UnityEngine.PhysicsModule.dll!UnityEngine::Physics.get_gravity_Injected()";0.02529997;0.02399997;0.04310004;1193;1214;1446;13;13;7.73499980819906;0.02578333;0.02489997;0.02599996;67200;224;224;224;300;1147;0;0.0059;1275;1275;0.02499996
"UnityEngine.CoreModule.dll!Unity.Collections.LowLevel.Unsafe::DisposeSentinel.Create()";0.02519999;0.02369999;0.0778;1309;1280;1446;15;22;7.86600007524248;0.02622;0.02479999;0.02709999;14749;49;49;98;300;1147;0.0004;0.0333;1147;1337;0.02509999
"mscorlib.dll!System.Collections.Generic::List`1.Add()";0.0251;0.0216;0.06740002;1244;1242;1446;7;21;7.97679987025185;0.02658933;0.0241;0.02830001;11150;37;37;87;300;1147;0;0.0156;1149;1374;0.0242
"UnityEngine.CoreModule.dll!UnityEngine::Mesh.Internal_Create()";0.0251;0.0251;0.0251;1446;1446;1446;20;22;0.0251000002026558;0.0251;0.0251;0.0251;2;2;2;2;1;1446;0.0114;0.0137;1446;1446;0
"Light Shafts";0.025;0.0227;0.0667;1289;1343;1446;15;15;7.68819995690137;0.02562733;0.0244;0.0257;602;2;2;4;300;1147;0.0091;0.0248;1343;1216;0.0372
"mscorlib.dll!System::Single.ToString()";0.0249;0.0205;0.0372;1205;1255;1247;5;5;7.61709997244179;0.02539033;0.0233;0.0265;300;1;1;1;300;1147;0.0205;0.0372;1255;1247;0.0254
"Unity.RenderPipelines.Core.Runtime.dll!UnityEngine.Rendering::ClampedFloatParameter.get_value()";0.02489997;0.02269997;0.07790052;1226;1394;1446;14;22;7.70059981080703;0.02566867;0.02409997;0.02629997;92106;306;306;612;300;1147;0;0.037;1147;1224;0.02509996
"UnityEngine.CoreModule.dll!UnityEngine::Material.SetFloatImpl()";0.02479999;0.0222;0.07589998;1205;1255;1446;8;22;7.73209984546702;0.02577367;0.02399999;0.02619999;18926;63;63;89;300;1147;0.0001;0.0125;1165;1445;0.02559999
"Unity.RenderPipelines.Universal.Runtime.dll!UnityEngine.Rendering.Universal::UniversalRenderPipeline.get_asset()";0.0246;0.0233;0.07410002;1153;1393;1446;6;19;7.69239998754347;0.02564133;0.0241;0.0264;10833;36;36;69;300;1147;0.0004;0.013;1169;1365;0.0243
"Crest.dll!Crest::OceanChunkRenderer.get_Rend()";0.02459997;0.02199997;0.0607002;1324;1232;1414;7;18;7.66099981830484;0.02553667;0.02379997;0.02649997;88815;296;296;311;300;1147;0;0.0365;1147;1414;0.02559997
"Assembly-CSharp.dll!UnityEngine.Rendering.LWRP::EnviroBlitPass.CustomBlit()";0.0244;0.0234;0.1144;1316;1151;1446;17;17;7.60309996455908;0.02534367;0.0241;0.0248;602;2;2;4;300;1147;0.0109;0.0361;1195;1446;0.0283
"UnityEngine.UIElementsModule.dll!UnityEngine.UIElements.UIR::RenderChain.OnRegisterIntermediateRenderers()";0.0244;0.0198;0.0793;1376;1415;1354;5;5;7.75419997796416;0.02584733;0.0229;0.026;301;1;1;2;300;1147;0.0198;0.0793;1415;1354;0.0255
"UnityEngine.CoreModule.dll!Unity.Collections.LowLevel.Unsafe::UnsafeUtility.ReadArrayElement()";0.0244;0.0229;0.06560007;1308;1238;1446;9;21;7.59589978313306;0.02531967;0.024;0.0263;23172;77;77;149;300;1147;0;0.0078;1147;1315;0.0241
"UnityEngine.CoreModule.dll!UnityEngine::Material.SetColor()";0.0243;0.0224;0.08130001;1315;1240;1167;7;19;7.75369993818458;0.02584567;0.0237;0.0268;4806;16;16;22;300;1147;0.0008;0.0583;1148;1167;0.08130001
"UnityEngine.CoreModule.dll!UnityEngine.Rendering::CommandBuffer.Internal_DrawMesh()";0.02429999;0.02209999;0.06939998;1154;1290;1446;20;24;7.64459992203047;0.025482;0.02339999;0.02639999;12342;41;41;83;300;1147;0.0003;0.0155;1147;1368;0.02289999
"mscorlib.dll!::ListBuilder`1.Add()";0.02429999;0.02429999;0.02429999;1446;1446;1446;21;21;0.0242999992187833;0.0243;0.02429999;0.02429999;84;84;84;84;1;1446;0.0001;0.0017;1446;1446;0
"Unity.RenderPipelines.Universal.Runtime.dll!UnityEngine.Rendering.Universal.Internal::AdditionalLightsShadowCasterPass.SetupForEmptyRendering()";0.0241;0.0225;0.0713;1412;1248;1446;14;14;7.5692999754101;0.025231;0.0238;0.025;301;1;1;2;300;1147;0.0225;0.0421;1248;1277;0.0252
"mscorlib.dll!Mono::RuntimeGPtrArrayHandle.Lookup()";0.02399999;0.02399999;0.02399999;1446;1446;1446;24;24;0.0239999993646052;0.024;0.02399999;0.02399999;84;84;84;84;1;1446;0.0002;0.0027;1446;1446;0
"Unity.RenderPipelines.Core.Runtime.dll!UnityEngine.Rendering::ProfilingSampler.Get()";0.0239;0.0215;0.0645;1259;1159;1446;5;19;7.52819999027997;0.025094;0.0232;0.026;3010;10;10;20;300;1147;0.0014;0.0149;1150;1166;0.025
"UnityEngine.CoreModule.dll!UnityEngine::GameObject.TryGetComponentFastPath()";0.0239;0.0204;0.05489999;1182;1426;1446;9;21;7.48949997598538;0.024965;0.0229;0.0256;2708;9;9;17;300;1147;0.0004;0.0184;1148;1269;0.0299
"Unity.InputSystem.dll!UnityEngine.InputSystem::FastMouse.UnityEngine.InputSystem.LowLevel.IEventMerger.MergeForward()";0.0239;0.0085;0.0362;1275;1221;1214;7;7;1.639200004749;0.02023704;0.0144;0.0246;254;4;1;6;81;1153;0.0049;0.0127;1209;1398;0.0099
"UnityEngine.CoreModule.dll!Unity.Collections::NativeArray`1.CheckAllocateArguments()";0.0238;0.0222;0.06999996;1352;1213;1446;15;22;7.50379990405054;0.02501267;0.0233;0.02609999;14749;49;49;98;300;1147;0.0003;0.0122;1150;1230;0.02629999
"Unity.RenderPipelines.Universal.Runtime.dll!UnityEngine.Rendering.Universal::ScriptableRenderer.EnqueuePass()";0.0235;0.0209;0.06169999;1155;1415;1446;12;15;7.39579992016661;0.02465267;0.0228;0.0247;6622;22;22;44;300;1147;0.0003;0.0159;1196;1332;0.0233
"Canvas.RenderOverlays";0.0235;0.0201;0.057;1215;1309;1446;3;3;7.17229996321839;0.02390767;0.0228;0.0241;1505;5;5;10;300;1147;0.0002;0.0324;1149;1363;0.0245
"UnityEngine.CoreModule.dll!UnityEngine::Vector4..ctor()";0.02349997;0.02139997;0.06520032;1216;1334;1446;6;22;7.28629982365237;0.02428767;0.02279997;0.02509997;78206;260;260;460;300;1147;0;0.0108;1147;1149;0.02379997
"Assembly-CSharp.dll!UnityEngine.Rendering.LWRP::EnviroBlitPassVolumeClouds.SetBlitmaterialProperties()";0.0234;0.0223;0.0726;1229;1291;1446;17;17;7.56869996711612;0.025229;0.023;0.0255;301;1;1;2;300;1147;0.0223;0.0463;1291;1215;0.027
"MeshSkinning.CalcMatrices";0.0233;0.0233;0.0233;1446;1446;1446;18;18;0.0232999990694225;0.0233;0.0233;0.0233;3;3;3;3;1;1446;0.007;0.0084;1446;1446;0
"UnityEngine.CoreModule.dll!Unity.Collections::NativeArray`1.Dispose()";0.0232;0.0212;0.0606;1254;1217;1446;11;19;7.26269996841438;0.024209;0.0225;0.0242;1505;5;5;10;300;1147;0.0021;0.0299;1159;1390;0.0246
"mscorlib.dll!System::IntPtr.ToInt64()";0.02319999;0.02169999;0.08109995;1243;1196;1362;5;22;7.26639973500278;0.02422133;0.02269999;0.02499999;24080;80;80;160;300;1147;0.0002;0.0575;1147;1362;0.02379999
"UnityEngine.CoreModule.dll!UnityEngine::Time.get_frameCount()";0.02319997;0.02069998;0.06820012;1371;1420;1446;5;14;7.14569983085676;0.023819;0.02259997;0.02449997;52997;177;170;305;300;1147;0;0.0047;1402;1400;0.02569997
"Unity.RenderPipelines.Universal.Runtime.dll!UnityEngine.Rendering.Universal::UniversalRenderer.GetRenderPassInputs()";0.0231;0.0211;0.0673;1312;1163;1446;12;12;7.27739998139441;0.024258;0.0221;0.0253;301;1;1;2;300;1147;0.0211;0.0452;1163;1446;0.0266
"UnityEngine.CoreModule.dll!UnityEngine::Mesh.SetArrayForChannelImpl()";0.0231;0.0231;0.0231;1446;1446;1446;24;27;0.0230999998748302;0.0231;0.0231;0.0231;4;4;4;4;1;1446;0.0033;0.0094;1446;1446;0
"mscorlib.dll!System::Math.Pow()";0.02299998;0.02029999;0.05550004;1368;1204;1308;8;22;7.19839982499252;0.02399467;0.02219998;0.02449998;32492;109;102;174;300;1147;0;0.0339;1152;1308;0.02389998
"UnityEngine.CoreModule.dll!UnityEngine::Shader.SetGlobalTexture()";0.0229;0.0202;0.0485;1216;1245;1446;6;16;7.26869995234301;0.024229;0.0221;0.0245;3903;13;13;16;300;1147;0.0005;0.0143;1148;1191;0.0233
"UnityEngine.InputModule.dll!UnityEngineInternal.Input::NativeInputSystem.NotifyUpdate()";0.0229;0.0184;0.2074;1306;1408;1443;3;3;17.4327999129891;0.05810933;0.0204;0.1104;300;1;1;1;300;1147;0.0184;0.2074;1408;1443;0.1196
"Unity.InputSystem.dll!UnityEngine.InputSystem::FastMouse.MergeForward()";0.0229;0.0079;0.0346;1275;1221;1214;8;8;1.56109999725595;0.01927284;0.0137;0.0234;254;4;1;6;81;1153;0.0048;0.0121;1155;1398;0.0092
"Unity.RenderPipelines.Core.Runtime.dll!::<>c.<.cctor>b__4_0()";0.0229;0.0213;0.0658;1383;1272;1446;11;20;7.1524999125977;0.02384167;0.0225;0.0237;14448;48;48;96;300;1147;0.0003;0.0426;1147;1275;0.0224
"Crest.dll!Crest::LodDataMgrAnimWaves.get_Settings()";0.0226;0.0206;0.046;1163;1156;1446;8;11;6.94029996532481;0.02313433;0.0215;0.0243;6900;23;23;23;300;1147;0.0008;0.0085;1147;1208;0.0211
"Unity.RenderPipelines.Universal.Runtime.dll!UnityEngine.Rendering.Universal.Internal::DepthNormalOnlyPass.Setup()";0.0226;0.021;0.0719;1193;1248;1446;12;12;7.15009995736182;0.02383367;0.0221;0.0233;301;1;1;2;300;1147;0.021;0.0672;1248;1259;0.0232
"Assembly-CSharp.dll!::EnviroCore.CalculateDirectLight()";0.0224;0.021;0.0335;1330;1174;1319;5;5;6.89379996806383;0.02297933;0.0219;0.0228;300;1;1;1;300;1147;0.021;0.0335;1174;1319;0.0333
"NetworkLoop";0.0223;0.0187;0.0789;1226;1429;1366;2;2;7.04219996184111;0.023474;0.0208;0.0244;600;2;2;2;300;1147;0.0079;0.0693;1334;1366;0.0207
"UnityEngine.CoreModule.dll!UnityEngine::Renderer.Internal_GetPropertyBlock()";0.0222;0.0187;0.0412;1393;1434;1446;19;19;6.84759989017039;0.02282533;0.0213;0.0236;9000;30;30;30;300;1147;0.0003;0.0105;1279;1336;0.0207
"UnityEngine.CoreModule.dll!UnityEngine::Shader.SetGlobalFloatImpl()";0.02219998;0.02059998;0.03999999;1229;1317;1446;6;17;6.79949983885308;0.022665;0.02179998;0.02269998;27301;91;91;92;300;1147;0.0001;0.0059;1147;1298;0.02199998
"Boxophobic.TheVegetationEngine.Runtime.dll!TheVegetationEngine::TVEGlobalMotion.SetGlobalShaderProperties()";0.0221;0.0194;0.0384;1288;1172;1446;5;5;6.90499994345009;0.02301667;0.0212;0.0239;300;1;1;1;300;1147;0.0194;0.0384;1172;1446;0.0229
"UnityEngine.CoreModule.dll!Unity.Collections::NativeArray`1.IsUnmanagedAndThrow()";0.02199999;0.01989999;0.05290002;1314;1427;1446;7;23;6.86309981145314;0.022877;0.02129999;0.02369999;19043;63;63;113;300;1147;0.0002;0.0116;1147;1230;0.02279999
"Crest.dll!Crest::OceanDepthCache.InitCacheQuad()";0.0219;0.0181;0.0356;1324;1293;1282;5;5;6.67539995349944;0.02225133;0.0204;0.0235;300;1;1;1;300;1147;0.0181;0.0356;1293;1282;0.025
"UnityEngine.UI.dll!UnityEngine.UI::CanvasUpdateRegistry.PerformUpdate()";0.0219;0.0178;0.0407;1335;1407;1418;7;7;6.99289996176958;0.02330967;0.0209;0.0241;300;1;1;1;300;1147;0.0178;0.0407;1407;1418;0.0222
"Assembly-CSharp.dll!::EnviroCore.UpdateWeatherVariables()";0.0219;0.0201;0.0363;1441;1240;1196;7;7;6.97589996270835;0.023253;0.0213;0.0243;300;1;1;1;300;1147;0.0201;0.0363;1240;1196;0.0215
"UnityEngine.CoreModule.dll!Unity.Collections::NativeArray`1.Copy()";0.0218;0.0184;0.0458;1368;1254;1320;5;6;7.03149995021522;0.02343833;0.0203;0.0252;600;2;2;2;300;1147;0.0075;0.0257;1254;1320;0.0265
"Crest.dll!Crest::Helpers.IsMSAAEnabled()";0.0217;0.0185;0.0467;1188;1295;1446;6;6;6.92179995775223;0.02307267;0.0208;0.0239;300;1;1;1;300;1147;0.0185;0.0467;1295;1446;0.032
"AwesomeTechnologies.VegetationStudioPro.Runtime.dll!AwesomeTechnologies.VegetationSystem::GeometryUtilityAllocFree.CalculateFrustrumPlanes()";0.0217;0.0162;0.0386;1270;1295;1446;9;9;6.50989996828139;0.02169967;0.0186;0.0234;300;1;1;1;300;1147;0.0162;0.0386;1295;1446;0.0234
"mscorlib.dll!System::RuntimeType.get_IsEnum()";0.0217;0.0217;0.0217;1446;1446;1446;20;25;0.0217000000411645;0.0217;0.0217;0.0217;9;9;9;9;1;1446;0.0017;0.0052;1446;1446;0
"UnityEngine.CoreModule.dll!UnityEngine::Mathf.Lerp()";0.0217;0.02029999;0.04099998;1286;1407;1446;5;19;6.63639975330443;0.02212133;0.0213;0.0221;22802;76;76;78;300;1147;0.0002;0.006;1147;1361;0.0222
"UnityEngine.CoreModule.dll!UnityEngine.Rendering::ScriptableRenderContext.DrawRenderers()";0.0215;0.0202;0.0725;1374;1166;1446;18;19;6.81839994876646;0.022728;0.0211;0.0236;1806;6;6;12;300;1147;0.0022;0.0186;1149;1446;0.0245
"mscorlib.dll!System::Convert.ToInt64()";0.0215;0.0215;0.0215;1446;1446;1446;21;25;0.0214999994859681;0.0215;0.0215;0.0215;9;9;9;9;1;1446;0.0001;0.0064;1446;1446;0
"UnityEditor.CoreModule.dll!UnityEditor::SceneView.UseSceneFiltering()";0.0215;0.0203;0.0663;1205;1213;1446;20;20;6.63019994771457;0.02210067;0.0211;0.022;13244;44;44;88;300;1147;0.0003;0.0107;1147;1320;0.0214
"Unity.RenderPipelines.Universal.Runtime.dll!UnityEngine.Rendering.Universal::DebugHandler.get_IsActiveModeUnsupportedForDeferred()";0.0214;0.0191;0.05990001;1257;1429;1446;13;15;6.66059996734839;0.022202;0.0206;0.0224;2107;7;7;14;300;1147;0.0017;0.0199;1361;1180;0.0218
"UnityEngine.CoreModule.dll!UnityEngine::Renderer.get_sharedMaterial()";0.0214;0.0181;0.0384;1431;1278;1446;6;18;6.66209999064449;0.022207;0.0206;0.0231;9300;31;31;31;300;1147;0.0003;0.011;1165;1271;0.0222
"Assembly-CSharp.dll!::EnviroSkyMgr.GetEmissionRate()";0.0213;0.019;0.06660001;1282;1429;1233;7;7;6.69909994443879;0.02233033;0.0205;0.0233;3600;12;12;12;300;1147;0.0011;0.0457;1150;1233;0.0213
"UnityEngine.IMGUIModule.dll!UnityEngine::GUILayoutEntry.set_style()";0.0212;0.0191;0.0464;1155;1216;1446;7;9;6.59009996568784;0.021967;0.0206;0.0225;1802;6;6;8;300;1147;0.0021;0.0177;1151;1213;0.0208
"Director.PrepareFrameJob";0.0212;0.0145;0.037;1207;1199;1392;5;5;6.33749994914979;0.021125;0.0192;0.023;300;1;1;1;300;1147;0.0145;0.037;1199;1392;0.0185
"Assembly-CSharp.dll!MagicLightProbes::MLPLight.SetLightType()";0.0212;0.0193;0.0428;1320;1314;1446;5;5;6.68789994425606;0.022293;0.0206;0.0233;3900;13;13;13;300;1147;0.0012;0.0119;1147;1233;0.0215
"UnityEngine.CoreModule.dll!UnityEngine.Rendering::VisibleLight.get_localToWorldMatrix()";0.021;0.0201;0.06309999;1314;1185;1446;20;20;6.52790001954418;0.02175967;0.0207;0.0216;3612;12;12;24;300;1147;0.0016;0.0087;1147;1188;0.0211
"Unity.InputSystem.dll!::<>c__DisplayClass7_0.<set_onUpdate>b__0()";0.021;0.0169;0.2057;1420;1266;1443;4;4;16.903099950403;0.05634367;0.0188;0.1088;300;1;1;1;300;1147;0.0169;0.2057;1266;1443;0.1176
"UnityEngine.CoreModule.dll!UnityEngine.Rendering::CommandBuffer.ClearRenderTarget()";0.021;0.0193;0.04989999;1445;1433;1446;9;22;6.44079988692829;0.02146933;0.0206;0.0215;9905;33;33;38;300;1147;0.0002;0.007;1309;1429;0.0209
"mscorlib.dll!System.Collections.Generic::List`1.GetEnumerator()";0.021;0.0171;0.0724;1222;1340;1446;5;17;6.55309985589702;0.02184367;0.01999999;0.02269999;15889;53;46;129;300;1147;0.0002;0.0124;1147;1297;0.0317
"Unity.RenderPipelines.Universal.Runtime.dll!UnityEngine.Rendering.Universal::ScriptableRenderer.SetShaderTimeValues()";0.0209;0.0195;0.0549;1395;1213;1446;12;13;6.72459996119142;0.02241533;0.0204;0.0233;602;2;2;4;300;1147;0.0085;0.0253;1244;1287;0.0206
"UnityEngine.CoreModule.dll!UnityEngine::GameObject.SetActive()";0.0209;0.0178;0.0367;1247;1387;1283;5;10;6.48559992805531;0.02161867;0.0199;0.0228;12900;43;43;43;300;1147;0.0001;0.0126;1150;1285;0.0211
"Unity.RenderPipelines.Universal.Runtime.dll!UnityEngine.Rendering.Universal::ScriptableRenderPass.GetActiveDebugHandler()";0.0208;0.02;0.0682;1279;1172;1446;17;20;6.38489997014403;0.021283;0.0206;0.0211;1204;4;4;8;300;1147;0.0044;0.0121;1159;1446;0.0208
"Unity.InputSystem.dll!UnityEngine.InputSystem::InputAction.ReadValue()";0.0207;0.0188;0.0396;1397;1271;1446;7;7;6.53060000832193;0.02176867;0.0203;0.0219;2700;9;9;9;300;1147;0.0015;0.016;1147;1287;0.0208
"UnityEngine.CoreModule.dll!UnityEngine.Rendering::CullingResults.ComputeDirectionalShadowMatricesAndCullingPrimitives()";0.0207;0.0189;0.0532;1335;1331;1446;15;16;6.4134999307571;0.02137833;0.0204;0.0213;2408;8;8;16;300;1147;0.0011;0.0144;1148;1348;0.0212
"UnityEngine.CoreModule.dll!Unity.Collections.LowLevel.Unsafe::UnsafeUtility.AlignOf()";0.0207;0.0196;0.06349997;1201;1207;1446;15;22;6.51409986068029;0.02171367;0.0204;0.02289999;14749;49;49;98;300;1147;0.0003;0.0092;1147;1364;0.02179999
"Crest.dll!Crest::BufferedData`1.get_Current()";0.02059997;0.01839998;0.06250017;1378;1317;1446;7;12;6.39569984420814;0.021319;0.02009997;0.02119997;74820;250;243;331;300;1147;0;0.04;1147;1348;0.01979997
"Animators.ProcessAnimationsJob";0.0205;0.0169;0.0685;1168;1420;1316;5;5;6.25519998930395;0.02085067;0.0195;0.0214;300;1;1;1;300;1147;0.0169;0.0685;1420;1316;0.0174
"Unity.RenderPipelines.Universal.Runtime.dll!UnityEngine.Rendering.Universal::ScriptableRenderer.OnPreCullRenderPasses()";0.0204;0.0172;0.0748;1353;1430;1366;11;11;6.59589998982847;0.02198633;0.0191;0.0228;301;1;1;2;300;1147;0.0172;0.0748;1430;1366;0.0212
"mscorlib.dll!System::Array.BinarySearch()";0.0204;0.0204;0.0204;1446;1446;1446;20;21;0.0204000000376254;0.0204;0.0204;0.0204;6;6;6;6;1;1446;0.0024;0.0046;1446;1446;0
"UnityEngine.CoreModule.dll!UnityEngine::RenderTexture.get_descriptor()";0.0203;0.0194;0.0587;1217;1251;1446;17;17;6.30479998188093;0.021016;0.0201;0.0208;2107;7;7;14;300;1147;0.0026;0.011;1148;1152;0.0203
"Assembly-CSharp.dll!::EnviroCore.UpdateEnviroment()";0.0203;0.0184;0.0403;1316;1439;1446;4;4;0.413799997419119;0.02298889;0.0195;0.0226;18;1;1;1;18;1161;0.0184;0.0403;1439;1446;0
"Unity.Collections.dll!Unity.Collections::NativeList`1.Clear()";0.0201;0.0173;0.0386;1301;1193;1446;6;8;6.40039994067047;0.02133467;0.0192;0.0227;3900;13;13;13;300;1147;0.0005;0.0166;1147;1350;0.0195
"UpdateScreenManagerAndInput";0.0201;0.0058;0.0737;1255;1444;1200;2;2;6.42159995622933;0.02140533;0.0187;0.0234;300;1;1;1;300;1147;0.0058;0.0737;1444;1200;0.0224
"ColorGradingLUT";0.0201;0.0156;0.0564;1359;1291;1446;15;15;6.29259995743632;0.02097533;0.0185;0.0226;301;1;1;2;300;1147;0.0156;0.034;1291;1446;0.0234
"UnityEngine.CoreModule.dll!UnityEngine::Material.EnableKeyword()";0.02;0.018;0.0582;1354;1151;1446;7;21;6.30069998838007;0.02100233;0.0194;0.0211;3912;13;13;25;300;1147;0.0006;0.0167;1151;1434;0.0204
"mscorlib.dll!System.Reflection::RuntimeMethodInfo.InternalInvoke()";0.0199;0.0171;0.0417;1327;1246;1325;8;8;6.1384999640286;0.02046167;0.0188;0.0211;300;1;1;1;300;1147;0.0171;0.0417;1246;1325;0.0217
"EnviroFogLWRP";0.0199;0.0174;0.0438;1359;1291;1446;15;15;6.15289996378124;0.02050967;0.0194;0.0208;301;1;1;2;300;1147;0.0174;0.0362;1291;1400;0.0208
"UnityEngine.IMGUIModule.dll!UnityEngine::GUILayoutUtility.SelectIDList()";0.0199;0.0176;0.07339999;1277;1355;1152;4;5;6.3680999459466;0.021227;0.0192;0.0225;3600;12;12;12;300;1147;0.0011;0.0473;1235;1152;0.0193
"UnityEngine.IMGUIModule.dll!UnityEngine::GUILayoutGroup.ApplyStyleSettings()";0.0198;0.0178;0.0436;1191;1216;1446;8;10;6.15219994657673;0.02050733;0.0193;0.0206;1802;6;6;8;300;1147;0.0019;0.0172;1443;1213;0.0194
"UnityEngine.CoreModule.dll!Unity.Collections::NativeSlice`1.CopyTo()";0.0198;0.0175;0.041;1214;1210;1229;8;10;6.27389996126294;0.020913;0.019;0.022;600;2;2;2;300;1147;0.006;0.0262;1276;1299;0.0192
"UnityEngine.CoreModule.dll!UnityEngine::RenderTexture.Internal_Create()";0.0198;0.0198;0.0198;1446;1446;1446;18;19;0.0197999994270504;0.0198;0.0198;0.0198;6;6;6;6;1;1446;0.0021;0.0048;1446;1446;0
"UnityEngine.CoreModule.dll!UnityEngine.Rendering::RenderPipeline.BeginCameraRendering()";0.0197;0.0174;0.0499;1195;1300;1446;9;9;6.49959996342659;0.02166533;0.0188;0.0234;301;1;1;2;300;1147;0.0174;0.039;1300;1221;0.0195
"UnityEngine.CoreModule.dll!Unity.Jobs.LowLevel.Unsafe::JobsUtility.Schedule()";0.0196;0.0162;0.0362;1256;1211;1343;9;9;6.1977999531664;0.02065933;0.0189;0.022;1800;6;6;6;300;1147;0.0018;0.019;1189;1227;0.0201
"mscorlib.dll!System::Math.Log()";0.0195;0.0158;0.05909999;1166;1265;1446;8;19;6.45189991355437;0.02150633;0.0181;0.0228;10506;35;35;41;300;1147;0;0.0151;1148;1293;0.0218
"Process culling events";0.0195;0.0122;0.0469;1378;1443;1446;5;5;5.77589998021722;0.019253;0.0135;0.0231;300;1;1;1;300;1147;0.0122;0.0469;1443;1446;0.0317
"UnityEngine.CoreModule.dll!UnityEngine::Mathf.Log()";0.0195;0.0167;0.0449;1439;1402;1446;7;17;6.3237999206176;0.02107933;0.0182;0.0227;7201;24;24;25;300;1147;0.0002;0.0157;1147;1293;0.0224
"UnityEngine.CoreModule.dll!UnityEngine::Shader.Find()";0.0194;0.0194;0.0194;1446;1446;1446;18;18;0.0194000001065433;0.0194;0.0194;0.0194;5;5;5;5;1;1446;0.0024;0.008;1446;1446;0
"UnityEngine.CoreModule.dll!UnityEngine.Experimental.Rendering::GraphicsFormatUtility.GetDepthStencilFormat()";0.0194;0.018;0.05980003;1345;1285;1446;13;23;6.05419989314396;0.02018067;0.019;0.0202;12947;43;43;90;300;1147;0.0002;0.0124;1147;1306;0.0199
"Unity.RenderPipelines.Universal.Runtime.dll!UnityEngine.Rendering.Universal::ScriptableRenderer.IsRenderPassEnabled()";0.0193;0.0172;0.05680003;1359;1270;1446;16;18;6.12279977199796;0.02040933;0.0186;0.02159999;19866;66;66;132;300;1147;0.0002;0.0109;1147;1322;0.0197
"UnityEngine.CoreModule.dll!UnityEngine.Rendering::RenderPipelineManager.BeginCameraRendering()";0.0192;0.017;0.0488;1209;1300;1446;10;10;6.34869996458292;0.02116233;0.0184;0.0229;301;1;1;2;300;1147;0.017;0.0384;1300;1221;0.0191
"Crest.dll!Crest::FFTCompute.UpdateSpectrum()";0.0191;0.0176;0.0388;1350;1187;1444;12;12;6.03419996984303;0.020114;0.0187;0.0197;300;1;1;1;300;1147;0.0176;0.0388;1187;1444;0.018
"Loading.ReadObject";0.019;0.016;0.0426;1261;1243;1176;15;15;6.32109996676445;0.02107033;0.0183;0.0212;301;1;1;2;300;1147;0.016;0.0426;1243;1176;0.0205
"Crest.dll!::WaveBatch.get_Wavelength()";0.01899998;0.01679998;0.09070018;1326;1218;1201;11;11;5.91699985913147;0.01972333;0.01849998;0.01969997;72600;242;242;242;300;1147;0;0.0719;1147;1201;0.01879998
"Unity.InputSystem.dll!UnityEngine.InputSystem::InputManager.OnUpdate()";0.0189;0.0151;0.2037;1347;1408;1443;5;5;16.0693000033498;0.05356433;0.0169;0.1036;300;1;1;1;300;1147;0.0151;0.2037;1408;1443;0.113
"Unity.RenderPipelines.Universal.Runtime.dll!UnityEngine.Rendering.Universal::RenderingUtils.SupportsGraphicsFormat()";0.0188;0.0168;0.0618;1263;1428;1259;12;15;6.05249996762723;0.020175;0.0181;0.02;903;3;3;6;300;1147;0.0035;0.0501;1151;1259;0.02
"UnityEngine.CoreModule.dll!UnityEngine::Matrix4x4.Inverse()";0.0188;0.0178;0.0531;1413;1256;1446;10;19;5.89159997663228;0.01963867;0.0186;0.0197;5110;17;17;27;300;1147;0.0008;0.0136;1157;1446;0.0188
"Crest.dll!Crest::QueryBase.UpdateQueryPoints()";0.0188;0.0168;0.0744;1258;1147;1338;7;9;5.93669997202232;0.019789;0.0182;0.0197;600;2;2;2;300;1147;0.0059;0.0679;1230;1338;0.0193
"UnityEngine.CoreModule.dll!UnityEngine.Rendering::CommandBuffer.set_name()";0.0188;0.01729999;0.05260002;1327;1178;1446;10;19;5.96399989778001;0.01988;0.0183;0.0201;14448;48;48;96;300;1147;0.0001;0.0119;1158;1441;0.0186
"Assembly-CSharp.dll!::EnviroCore.CalculateMoonPosition()";0.0186;0.0176;0.0327;1169;1174;1446;6;6;5.68619999662042;0.018954;0.0183;0.0188;300;1;1;1;300;1147;0.0176;0.0327;1174;1446;0.0192
"Assembly-CSharp.dll!UnityEngine.Rendering.LWRP::EnviroVolumeCloudsLWRP.AddRenderPasses()";0.0186;0.0174;0.059;1172;1219;1446;14;14;5.77139996737242;0.019238;0.0182;0.019;301;1;1;2;300;1147;0.0174;0.0364;1219;1446;0.0193
"Crest.dll!::SegmentRegistrarRingBuffer.AcquireNew()";0.0186;0.0151;0.0381;1318;1436;1165;7;7;5.95309998840094;0.01984367;0.0171;0.0215;300;1;1;1;300;1147;0.0151;0.0381;1436;1165;0.0174
"UnityEngine.CoreModule.dll!UnityEngine::Shader.SetGlobalMatrix()";0.0186;0.017;0.04730001;1351;1263;1446;7;18;5.86999997403473;0.01956667;0.018;0.0201;2106;7;7;13;300;1147;0.0013;0.0149;1151;1182;0.0226
"Crest.dll!Crest::LodTransform.GetWorldToCameraMatrix()";0.0186;0.0135;0.1045;1427;1150;1446;11;11;5.57959978614235;0.01859867;0.0182;0.019;8190;28;21;91;300;1147;0.0006;0.005;1147;1231;0.0188
"Unity.RenderPipelines.Universal.Runtime.dll!UnityEngine.Rendering.Universal::ScriptableRenderer.ClearRenderingState()";0.0185;0.0166;0.0476;1185;1276;1446;12;12;5.85139994882047;0.01950467;0.018;0.0191;301;1;1;2;300;1147;0.0166;0.0428;1276;1176;0.0187
"EditorConnection.CheckForIncomingConnections";0.0185;0.009;0.0416;1282;1435;1296;3;3;5.57989994157106;0.01859967;0.0144;0.0219;300;1;1;1;300;1147;0.009;0.0416;1435;1296;0.0169
"UnityEngine.CoreModule.dll!Unity.Collections.LowLevel.Unsafe::DisposeSentinel.Dispose()";0.0184;0.0165;0.0482;1262;1230;1446;12;20;5.75620000076015;0.01918733;0.0179;0.019;1505;5;5;10;300;1147;0.0017;0.028;1159;1390;0.0197
"Assembly-CSharp.dll!::EnviroSky.UpdateClouds()";0.0184;0.0172;0.0333;1330;1255;1446;6;6;5.738499969244;0.01912833;0.0181;0.0188;300;1;1;1;300;1147;0.0172;0.0333;1255;1446;0.0189
"mscorlib.dll!System::Array.LastIndexOf()";0.0184;0.0163;0.05;1436;1188;1446;12;17;5.6266999799991;0.01875567;0.0178;0.0191;2408;8;8;16;300;1147;0.0009;0.0078;1323;1305;0.0185
"UnityEngine.CoreModule.dll!UnityEngine::Transform.get_rotation()";0.0183;0.0167;0.04160001;1283;1185;1446;6;19;5.72719992531347;0.01909067;0.0177;0.0203;9905;33;33;38;300;1147;0.0003;0.0117;1147;1206;0.0184
"UnityEngine.CoreModule.dll!Unity.Collections.LowLevel.Unsafe::UnsafeUtility.SizeOf()";0.01829998;0.01649998;0.05420027;1397;1362;1446;5;23;5.70839986469218;0.019028;0.01779998;0.01989997;62988;209;209;404;300;1147;0;0.011;1147;1217;0.01819998
"Unity.RenderPipelines.Universal.Runtime.dll!::BeautifyRenderPass.Setup()";0.0182;0.0156;0.6317;1332;1224;1446;15;15;6.152199966833;0.02050733;0.0174;0.0189;301;1;1;2;300;1147;0.0156;0.5948;1224;1446;0.0214
"UnityEngine.CoreModule.dll!Unity.Jobs.LowLevel.Unsafe::JobsUtility.Schedule_Injected()";0.0182;0.0147;0.0346;1232;1211;1343;10;10;5.7546999794431;0.01918233;0.0174;0.0201;1800;6;6;6;300;1147;0.0016;0.0184;1269;1227;0.0187
"Crest.dll!Crest::CrestSortedList`2.GetEnumerator()";0.018;0.0132;0.1087;1279;1228;1446;10;10;5.5257998801535;0.01841933;0.0175;0.0186;8190;28;21;91;300;1147;0.0005;0.0123;1147;1434;0.0176
"UnityEngine.CoreModule.dll!UnityEngine::Shader.SetGlobalVectorImpl_Injected()";0.018;0.0169;0.03379999;1437;1272;1446;7;18;5.56099981313309;0.01853667;0.0176;0.0185;16213;54;54;67;300;1147;0.0001;0.0061;1147;1297;0.021
"UnityEngine.CoreModule.dll!UnityEngine.Rendering::CommandBuffer.DrawRenderer()";0.018;0.017;0.0327;1251;1223;1446;12;12;5.59459997690283;0.01864867;0.0177;0.0185;2100;7;7;7;300;1147;0.0021;0.0154;1168;1211;0.0174
"Profiler.CollectAudioStats";0.018;0.0142;0.0291;1370;1234;1368;3;3;5.52779996441677;0.018426;0.0175;0.0187;600;2;2;2;300;1147;0.0038;0.0238;1213;1156;0.0164
"UnityEngine.CoreModule.dll!Unity.Collections.LowLevel.Unsafe::UnsafeUtility.IsBlittableValueType()";0.0179;0.0153;0.0388;1280;1407;1200;9;10;5.66439998883288;0.01888133;0.0167;0.0196;1500;5;5;5;300;1147;0.0016;0.0209;1153;1152;0.0168
"mscorlib.dll!System::RuntimeType.GetBaseType()";0.0179;0.0179;0.0179;1446;1446;1446;21;26;0.0179000000935048;0.0179;0.0179;0.0179;9;9;9;9;1;1446;0.0014;0.0044;1446;1446;0
"UnityEngine.CoreModule.dll!UnityEngine.Rendering::CommandBuffer.SetRenderTargetSingle_Internal_Injected()";0.0179;0.01609999;0.04790001;1174;1308;1446;11;23;5.53099983976426;0.01843667;0.01749999;0.01849999;25250;84;84;134;300;1147;0.0001;0.0123;1147;1302;0.0182
"UnityEngine.CoreModule.dll!UnityEngine::Vector4.op_Implicit()";0.0178;0.0162;0.075;1262;1244;1441;5;20;5.70449982803257;0.019015;0.0174;0.0202;17141;57;57;92;300;1147;0.0002;0.0538;1147;1441;0.0182
"UnityEngine.CoreModule.dll!Unity.Jobs::IJobParallelForExtensions.Schedule()";0.0178;0.0152;0.0325;1444;1211;1430;8;8;5.76659996854141;0.019222;0.0174;0.0193;600;2;2;2;300;1147;0.004;0.0236;1192;1167;0.0286
"Assembly-CSharp.dll!::Extensions.SetListener()";0.0177;0.0157;0.0298;1252;1180;1446;5;10;5.48799997009337;0.01829333;0.0168;0.0186;600;2;2;2;300;1147;0.004;0.0249;1352;1259;0.0186
"RenderTexture.ResolveAA";0.0177;0.0138;0.04940001;1322;1420;1446;14;20;5.54069991469441;0.018469;0.0165;0.01969999;10581;35;35;116;300;1147;0.0001;0.0125;1147;1408;0.02089999
"Assembly-CSharp.dll!MagicLightProbes::MLPLight.SetLightMode()";0.0177;0.0167;0.0312;1228;1319;1446;5;5;5.52099987934344;0.01840333;0.0174;0.0185;3900;13;13;13;300;1147;0.0011;0.0088;1148;1281;0.0177
"UnityEngine.CoreModule.dll!UnityEngine::Camera.get_projectionMatrix()";0.0177;0.0161;0.0423;1407;1243;1446;9;20;5.54299992904998;0.01847667;0.0173;0.0186;3308;11;11;19;300;1147;0.0011;0.0135;1147;1176;0.0203
"UnityEngine.CoreModule.dll!UnityEngine.Rendering::CommandBuffer.Clear()";0.01769999;0.01619999;0.05889999;1357;1189;1275;7;21;5.51299985689548;0.01837667;0.01719999;0.0182;19564;65;65;129;300;1147;0.0001;0.0422;1147;1275;0.01709999
"UnityEngine.CoreModule.dll!UnityEngine.Rendering::CommandBuffer.SetViewProjectionMatrices()";0.0176;0.0144;0.08169998;1184;1310;1446;11;20;5.59639990035794;0.01865467;0.0172;0.0198;11501;39;32;113;300;1147;0.0003;0.0142;1147;1265;0.0203
"Unity.RenderPipelines.Universal.Runtime.dll!UnityEngine.Rendering.Universal.Internal::CopyDepthPass.OnCameraSetup()";0.0176;0.0165;0.0656;1395;1365;1446;14;14;5.5529999807477;0.01851;0.0173;0.0181;301;1;1;2;300;1147;0.0165;0.0474;1365;1446;0.0182
"Physics.FetchResults";0.0176;0.011;0.1252;1432;1309;1446;3;3;5.83509998116642;0.01945033;0.0145;0.023;449;1;1;16;300;1147;0.0027;0.0227;1446;1263;0.0154
"UnityEngine.CoreModule.dll!UnityEngine::SystemInfo.get_graphicsDeviceType()";0.01750001;0.01640001;0.05070001;1278;1187;1446;8;21;5.45819984321133;0.018194;0.01720001;0.01810001;12641;42;42;83;300;1147;0.0002;0.0121;1148;1153;0.01830001
"mscorlib.dll!System.Collections.Generic::Dictionary`2.ContainsKey()";0.0175;0.0146;0.0339;1177;1395;1282;7;7;5.42329997010529;0.01807767;0.0165;0.0187;300;1;1;1;300;1147;0.0146;0.0339;1395;1282;0.0212
"Unity.RenderPipelines.Universal.Runtime.dll!UnityEngine.Rendering.Universal::CameraData.GetGPUProjectionMatrix()";0.0175;0.0167;0.0583;1216;1218;1446;16;18;5.57749999500811;0.01859167;0.0172;0.0197;602;2;2;4;300;1147;0.0078;0.0323;1255;1427;0.0206
"Crest.dll!Crest::LodTransform.GetProjectionMatrix()";0.0175;0.0126;0.101;1327;1150;1446;11;11;5.38049977598712;0.017935;0.0171;0.018;8190;28;21;91;300;1147;0.0005;0.0044;1148;1291;0.0168
"Unity.RenderPipelines.Universal.Runtime.dll!UnityEngine.Rendering.Universal::MotionVectorsPersistentData.Update()";0.0174;0.0161;0.0614;1333;1432;1220;13;13;5.6465999558568;0.018822;0.017;0.0198;301;1;1;2;300;1147;0.0161;0.0614;1432;1220;0.0176
"UnityEngine.CoreModule.dll!UnityEngine.Rendering::GraphicsSettings.get_INTERNAL_currentRenderPipeline()";0.0174;0.01589999;0.04519999;1412;1444;1446;8;21;5.35499987002549;0.01785;0.01709999;0.018;20454;68;68;122;300;1147;0.0001;0.0056;1147;1343;0.01759999
"Assembly-CSharp.dll!UnityEngine.Rendering.LWRP::EnviroBlitPassVolumeClouds.StartFrame()";0.0173;0.0164;0.0576;1398;1166;1446;17;17;5.47389996796846;0.01824633;0.017;0.0177;301;1;1;2;300;1147;0.0164;0.0393;1166;1446;0.0202
"Unity.RenderPipelines.Universal.Runtime.dll!UnityEngine.Rendering.Universal::UniversalRenderPipeline.GetMainLightIndex()";0.0173;0.0154;0.0582;1408;1426;1446;12;12;5.38319996371865;0.017944;0.0169;0.0181;301;1;1;2;300;1147;0.0154;0.0369;1426;1446;0.0194
"Unity.InputSystem.dll!UnityEngine.InputSystem::InputManager.UpdateState()";0.0172;0.0138;0.0327;1249;1254;1203;10;10;5.74849996971898;0.01916167;0.0153;0.023;693;2;2;3;300;1147;0.0034;0.0221;1237;1272;0.0263
"UnityEngine.CoreModule.dll!UnityEngine::GL.TexCoord2()";0.0171;0.0117;0.04200002;1417;1297;1446;18;18;5.26380002340011;0.017546;0.0164;0.018;9632;32;32;64;300;1147;0.0002;0.0122;1164;1161;0.0164
"Crest.dll!Crest::PropertyWrapperCompute.SetTexture()";0.017;0.0161;0.3119999;1204;1214;1446;9;11;5.6041999978479;0.01868067;0.0167;0.0173;1575;5;5;50;300;1147;0.0028;0.0145;1188;1191;0.0163
"DestroyCullResults";0.0169;0.0129;0.0616;1150;1376;1153;2;2;5.28309997171164;0.01761033;0.0161;0.0178;301;1;1;2;300;1147;0.0129;0.0616;1376;1153;0.0177
"InputUpdate";0.0169;0.0135;0.2017;1330;1408;1443;6;6;15.5392000144348;0.05179733;0.0152;0.1019;300;1;1;1;300;1147;0.0135;0.2017;1408;1443;0.1112
"UnityEngine.CoreModule.dll!UnityEngine::Object.CurrentThreadIsMainThread()";0.01679999;0.01499999;0.06190009;1404;1228;1446;8;26;5.16789985588548;0.01722633;0.01639999;0.01729999;33223;111;104;277;300;1147;0;0.0058;1184;1400;0.01659999
"Crest.dll!::WaveBatch.get_IgnoreTransitionWeight()";0.01679998;0.01489998;0.02939997;1189;1408;1446;10;10;5.2261998745671;0.01742067;0.01619998;0.01749998;61800;206;206;206;300;1147;0;0.0041;1147;1164;0.01729998
"UnityEngine.IMGUIModule.dll!UnityEngine::GUILayoutUtility.GetLayoutCache()";0.0167;0.0149;0.0689;1407;1355;1152;5;6;5.33939994708635;0.017798;0.0163;0.0187;3600;12;12;12;300;1147;0.001;0.047;1147;1152;0.0161
"Shadows.ExtractShaderPassContext";0.0166;0.0126;0.032;1147;1272;1413;18;18;5.10509997187182;0.017017;0.0148;0.0181;1204;4;4;8;300;1147;0.0028;0.0174;1172;1413;0.0158
"Unity.RenderPipelines.Universal.Runtime.dll!UnityEngine.Rendering.Universal.Internal::DepthNormalOnlyPass.OnCameraSetup()";0.0166;0.0155;0.0619;1308;1393;1446;14;14;5.40389998070896;0.018013;0.0162;0.0186;301;1;1;2;300;1147;0.0155;0.0404;1393;1446;0.0175
"mscorlib.dll!System::Enum.Equals()";0.0166;0.0166;0.0166;1446;1446;1446;20;20;0.0165999992750585;0.0166;0.0166;0.0166;24;24;24;24;1;1446;0.0006;0.0016;1446;1446;0
"UnityEngine.CoreModule.dll!Unity.Collections.LowLevel.Unsafe::NativeArrayUnsafeUtility.ConvertExistingDataToNativeArray()";0.0166;0.0146;0.0346;1421;1254;1155;5;14;5.21029992646072;0.01736767;0.0157;0.0178;4294;14;14;15;300;1147;0.0005;0.0123;1154;1250;0.0186
"UnityEngine.CoreModule.dll!Unity.Collections::NativeArray`1.CheckElementWriteAccess()";0.0164;0.0151;0.0457;1163;1204;1446;9;20;5.12319995986763;0.01707733;0.016;0.0171;8717;29;29;46;300;1147;0.0003;0.0109;1147;1409;0.0166
"Unity.RenderPipelines.Universal.Runtime.dll!UnityEngine.Rendering.Universal::XRSystem.SetupFrame()";0.0163;0.0141;0.0967;1403;1253;1394;8;8;5.5990999750793;0.01866367;0.0157;0.0202;301;1;1;2;300;1147;0.0141;0.0967;1253;1394;0.0278
"Crest.dll!::UniversalRegisterRendererRequirements.OnBeginCameraRendering()";0.0162;0.0145;0.0415;1248;1339;1446;13;13;5.38039995357394;0.01793467;0.0156;0.019;301;1;1;2;300;1147;0.0145;0.0352;1339;1221;0.0166
"Boxophobic.TheVegetationEngine.Runtime.dll!TheVegetationEngine::TVEGlobalVolume.LateUpdate()";0.0162;0.0139;0.0291;1288;1193;1446;4;4;5.0739999813959;0.01691333;0.0152;0.0177;300;1;1;1;300;1147;0.0139;0.0291;1193;1446;0.0155
"Assembly-CSharp.dll!::EnviroCore.UpdateReflections()";0.0161;0.0145;0.0295;1344;1335;1283;5;5;5.00899995584041;0.01669667;0.0157;0.0168;300;1;1;1;300;1147;0.0145;0.0295;1335;1283;0.0165
"Unity.RenderPipelines.Universal.Runtime.dll!::ScreenSpaceShadowsPostPass.Execute()";0.0161;0.015;0.0438;1441;1425;1446;16;16;5.069699970074;0.016899;0.0158;0.0166;301;1;1;2;300;1147;0.015;0.0273;1425;1446;0.018
"Assembly-CSharp.dll!::UIShortcuts.Update_Enchantment()";0.016;0.0139;0.0279;1163;1403;1216;9;9;4.95179997384548;0.016506;0.0152;0.0169;300;1;1;1;300;1147;0.0139;0.0279;1403;1216;0.0169
"Unity.RenderPipelines.Universal.Runtime.dll!::BeautifyRenderPass.Configure()";0.016;0.0148;0.0444;1277;1196;1446;17;17;5.12139993533492;0.01707133;0.0157;0.0169;301;1;1;2;300;1147;0.0148;0.0344;1196;1442;0.022
"Assembly-CSharp.dll!::EnviroVegetationInstance.UpdateInstance()";0.016;0.0143;0.0313;1316;1439;1446;5;5;0.321400000713766;0.01785555;0.0152;0.0174;18;1;1;1;18;1161;0.0143;0.0313;1439;1446;0
"ParticleSystem.CollisionModule";0.016;0.0116;0.07509998;1211;1197;1446;6;6;5.00289996434003;0.01667633;0.0152;0.0169;684;2;2;24;300;1147;0.0021;0.0284;1178;1156;0.0151
"Unity.InputSystem.dll!UnityEngine.InputSystem::FastMouse.UnityEngine.InputSystem.LowLevel.IInputStateCallbackReceiver.OnStateEvent()";0.0159;0.0145;0.03;1274;1278;1296;7;7;1.53509999532253;0.01650645;0.0153;0.0169;93;1;1;1;93;1153;0.0145;0.03;1278;1296;0.0187
"Assembly-CSharp.dll!UnityEngine.Rendering.LWRP::EnviroDistanceBlurLWRP.AddRenderPasses()";0.0159;0.0143;0.0696;1395;1415;1149;14;14;5.13879996072501;0.01712933;0.0154;0.0181;301;1;1;2;300;1147;0.0143;0.0696;1415;1149;0.0162
"mscorlib.dll!System.Collections.Generic::Stack`1.Push()";0.01580001;0.01460001;0.06540001;1172;1170;1210;11;20;5.0412998238171;0.01680433;0.01550001;0.01670001;14448;48;48;96;300;1147;0.0002;0.0504;1147;1210;0.01570001
"Render.Mesh";0.0158;0.0121;0.0648;1259;1270;1151;9;19;4.95429992135178;0.01651433;0.0147;0.0173;11115;37;37;52;300;1147;0.0001;0.0515;1147;1151;0.0193
"UnityEngine.IMGUIModule.dll!UnityEngine::GUISkin.MakeCurrent()";0.0158;0.0143;0.0281;1165;1354;1446;4;7;4.91489997704048;0.016383;0.0154;0.0163;2100;7;7;7;300;1147;0.0012;0.0139;1147;1291;0.0155
"Prepare render list jobs";0.0158;0.0125;0.0265;1311;1269;1446;5;5;4.67419995181262;0.01558067;0.0133;0.0168;300;1;1;1;300;1147;0.0125;0.0265;1269;1446;0.0168
"UnityEngine.CoreModule.dll!UnityEngine::MaterialPropertyBlock.SetTexture()";0.0157;0.0142;0.0318;1194;1225;1446;19;19;4.78690006179386;0.01595633;0.0154;0.0162;9000;30;30;30;300;1147;0.0004;0.006;1147;1202;0.0151
"UnityEngine.CoreModule.dll!UnityEngine.Rendering::CommandBuffer.Internal_DrawMesh_Injected()";0.0157;0.0138;0.0452;1316;1396;1446;21;25;5.05569991622178;0.01685233;0.0151;0.0179;12342;41;41;83;300;1147;0.0002;0.0132;1147;1348;0.0145
"Shadows.CullDirectionalShadowCasters";0.0157;0.0127;0.0382;1287;1242;1446;16;16;4.81849997863173;0.01606167;0.0148;0.017;301;1;1;2;300;1147;0.0127;0.0224;1242;1324;0.0165
"Loading.ReadObjectThreaded";0.0157;0.0135;0.0393;1374;1182;1176;16;16;5.27749996166676;0.01759167;0.0151;0.0175;301;1;1;2;300;1147;0.0135;0.0393;1182;1176;0.0166
"UnityEngine.CoreModule.dll!Unity.Collections.LowLevel.Unsafe::AtomicSafetyHandle.GetTempMemoryHandle()";0.01560001;0.0144;0.05250001;1198;1280;1337;16;23;4.90309981643804;0.01634367;0.0154;0.01610001;14749;49;49;98;300;1147;0.0002;0.0329;1147;1337;0.01560001
"mscorlib.dll!System.Collections.Generic::Stack`1.Pop()";0.01560001;0.0143;0.05080004;1220;1192;1446;11;20;4.83519983106817;0.01611733;0.0153;0.01600001;14448;48;48;96;300;1147;0.0002;0.007;1147;1162;0.01580001
"Unity.RenderPipelines.Universal.Runtime.dll!UnityEngine.Rendering.Universal::CameraData.IsCameraProjectionMatrixFlipped()";0.0156;0.0148;0.0468;1197;1182;1446;15;19;4.88959997612983;0.01629867;0.0154;0.016;1806;6;6;12;300;1147;0.0018;0.0153;1152;1427;0.0157
"Unity.RenderPipelines.Universal.Runtime.dll!::ScreenSpaceShadowsPass.OnCameraSetup()";0.0156;0.0148;0.0611;1203;1246;1446;14;14;5.05369996745139;0.01684567;0.0153;0.0168;301;1;1;2;300;1147;0.0148;0.0404;1246;1446;0.0183
"UnityEngine.InputLegacyModule.dll!UnityEngine::CameraRaycastHelper.RaycastTry()";0.0156;0.0127;0.0319;1241;1165;1216;5;5;2.01739999372512;0.01626935;0.0148;0.017;124;1;1;1;124;1147;0.0127;0.0319;1165;1216;0.016
"Unity.RenderPipelines.Universal.Runtime.dll!UnityEngine.Rendering.Universal::UniversalRenderPipelineAsset.get_editorResources()";0.0156;0.0156;0.0156;1446;1446;1446;15;15;0.0156000000424683;0.0156;0.0156;0.0156;6;6;6;6;1;1446;0.0022;0.004;1446;1446;0
"Unity.InputSystem.dll!UnityEngine.InputSystem::FastMouse.OnStateEvent()";0.0155;0.0141;0.0296;1216;1278;1296;8;8;1.49599999468774;0.01608602;0.0149;0.0166;93;1;1;1;93;1153;0.0141;0.0296;1278;1296;0.0182
"UnityEngine.CoreModule.dll!UnityEngine::Renderer.GetSharedMaterial()";0.0154;0.0121;0.02579999;1387;1278;1446;7;19;4.8085998926399;0.01602867;0.0147;0.0166;9300;31;31;31;300;1147;0.0002;0.0109;1148;1271;0.0165
"UnityEngine.CoreModule.dll!UnityEngine::Material.SetMatrix()";0.0153;0.0139;0.0426;1204;1303;1446;7;18;5.00029997772072;0.01666767;0.015;0.0174;2106;7;7;13;300;1147;0.0013;0.0155;1287;1432;0.0155
"UnityEngine.ParticleSystemModule.dll!::EmissionModule.get_rateOverTime()";0.0153;0.0136;0.0254;1370;1340;1153;8;8;4.77589990201523;0.01591967;0.0148;0.0163;7200;24;24;24;300;1147;0.0003;0.0096;1147;1189;0.0156
"Unity.RenderPipelines.Universal.Runtime.dll!UnityEngine.Rendering.Universal.Internal::AdditionalLightsShadowCasterPass.Execute()";0.0152;0.0139;0.0468;1192;1185;1446;16;16;4.84359998535365;0.01614533;0.0148;0.0162;301;1;1;2;300;1147;0.0139;0.0343;1185;1417;0.0155
"Crest.dll!Crest::QueryDisplacements.BindInputsAndOutputs()";0.0152;0.0111;0.0578;1257;1378;1348;8;8;4.81009997054935;0.01603367;0.0124;0.0181;300;1;1;1;300;1147;0.0111;0.0578;1378;1348;0.0121
"PostLateUpdate.UpdateAudio";0.0152;0.0108;0.0292;1304;1238;1391;2;2;4.81889996957034;0.016063;0.0141;0.0168;300;1;1;1;300;1147;0.0108;0.0292;1238;1391;0.0163
"Assembly-CSharp.dll!::EnviroVegetationInstance.UpdateGrowth()";0.0152;0.0139;0.0304;1316;1439;1446;6;6;0.308000000193715;0.01711111;0.0143;0.0166;18;1;1;1;18;1161;0.0139;0.0304;1439;1446;0
"Assembly-CSharp.dll!::EnviroCore.UpdateWind()";0.0151;0.0139;0.0277;1179;1256;1337;8;8;4.84459999017417;0.01614867;0.0146;0.0173;300;1;1;1;300;1147;0.0139;0.0277;1256;1337;0.0145
"UnityEngine.InputLegacyModule.dll!UnityEngine::CameraRaycastHelper.RaycastTry_Injected()";0.0151;0.0122;0.0314;1259;1165;1216;6;6;1.953199993819;0.01575161;0.0143;0.0164;124;1;1;1;124;1147;0.0122;0.0314;1165;1216;0.0155
"UnityEngine.UI.dll!UnityEngine.UI::GraphicRaycaster.get_canvas()";0.0151;0.0121;0.0284;1405;1344;1225;11;12;4.56189996353351;0.01541182;0.0134;0.0171;4098;13;13;15;296;1147;0.0008;0.0081;1147;1367;0.0153
"UnityEngine.CoreModule.dll!Unity.Collections.LowLevel.Unsafe::UnsafeUtility.MemClear()";0.01500001;0.0137;0.04240002;1424;1396;1446;14;15;4.69299981705262;0.01564333;0.01460001;0.01560001;14448;48;48;96;300;1147;0.0002;0.0071;1147;1288;0.01540001
"Unity.RenderPipelines.Universal.Runtime.dll!UnityEngine.Rendering.Universal::RenderTargetHandle.Identifier()";0.015;0.0142;0.05499999;1166;1276;1446;12;21;4.62339999730466;0.01541133;0.0148;0.0153;4816;16;16;32;300;1147;0.0006;0.0103;1281;1352;0.0152
"EditorConnection.PollAllCustomMessages";0.015;0.0084;0.0337;1242;1211;1170;3;3;4.4780999738723;0.014927;0.0114;0.0171;300;1;1;1;300;1147;0.0084;0.0337;1211;1170;0.0091
"SRPBatcher.Flush";0.0149;0.0118;0.0443;1205;1164;1446;19;19;4.76189999771304;0.015873;0.0137;0.0172;1509;5;5;14;300;1147;0.0008;0.0172;1164;1357;0.0139
"AwesomeTechnologies.VegetationStudioPro.Runtime.dll!AwesomeTechnologies.VegetationSystem.Wind::CTIWindController.UpdateWind()";0.0149;0.0129;0.0274;1376;1204;1194;7;7;4.76039997022599;0.015868;0.014;0.0171;300;1;1;1;300;1147;0.0129;0.0274;1204;1194;0.0147
"Unity.RenderPipelines.Universal.Runtime.dll!UnityEngine.Rendering.Universal::XRSystem.GetDisplaySubsystem()";0.0149;0.0136;0.0573;1357;1415;1269;10;13;4.862399980193;0.016208;0.0144;0.0172;903;3;3;6;300;1147;0.0035;0.0465;1168;1269;0.0145
"Loading.LoadFileHeaders";0.0148;0.0127;0.0384;1302;1301;1176;17;17;4.95759997610003;0.01652533;0.0142;0.0163;301;1;1;2;300;1147;0.0127;0.0384;1301;1176;0.0157
"UnityEngine.CoreModule.dll!UnityEngine::Matrix4x4.Scale()";0.0148;0.0142;0.0312;1402;1224;1446;9;16;4.53700001793914;0.01512333;0.0146;0.015;2401;8;8;9;300;1147;0.0016;0.0068;1150;1222;0.0144
"UnityEngine.CoreModule.dll!Unity.Jobs.LowLevel.Unsafe::JobsUtility.ScheduleParallelFor()";0.0148;0.0121;0.0287;1247;1271;1148;9;9;4.77219996554777;0.01590733;0.0143;0.0156;600;2;2;2;300;1147;0.003;0.0212;1192;1284;0.0251
"UnityEngine.CoreModule.dll!UnityEngine::Texture2D.SetPixelsImpl()";0.0148;0.0148;0.0148;1446;1446;1446;21;21;0.0148000000044703;0.0148;0.0148;0.0148;8;8;8;8;1;1446;0.0013;0.0052;1446;1446;0
"Unity.RenderPipelines.Universal.Runtime.dll!UnityEngine.Rendering.Universal.Internal::MainLightShadowCasterPass.Configure()";0.0147;0.0138;0.0428;1204;1294;1446;17;17;4.57049997709692;0.015235;0.0144;0.015;301;1;1;2;300;1147;0.0138;0.0276;1294;1446;0.0149
"Assembly-CSharp.dll!::EnviroSky.LateUpdate()";0.0147;0.0131;0.0255;1324;1213;1299;4;4;4.55389998201281;0.01517967;0.0143;0.0152;300;1;1;1;300;1147;0.0131;0.0255;1213;1299;0.0147
"mscorlib.dll!System::Enum.System.IConvertible.ToInt64()";0.0147;0.0147;0.0147;1446;1446;1446;22;22;0.0146999999415129;0.0147;0.0147;0.0147;3;3;3;3;1;1446;0.0034;0.0057;1446;1446;0
"Crest.dll!Crest::OceanRenderer.CalcLodScale()";0.0147;0.0133;0.0482;1379;1156;1308;8;8;4.56989984365646;0.015233;0.0144;0.015;6300;21;21;21;300;1147;0.0005;0.0346;1158;1308;0.0141
"AnimatorControllerPlayable.PrepareFrame";0.0146;0.0081;0.0221;1151;1404;1161;6;6;4.18969999346882;0.01396567;0.0114;0.0157;300;1;1;1;300;1147;0.0081;0.0221;1404;1161;0.0114
"UnityEngine.CoreModule.dll!UnityEngine::Gradient.Evaluate()";0.0146;0.0133;0.0289;1198;1332;1446;6;18;4.64059992571129;0.01546867;0.0141;0.0153;6307;21;21;28;300;1147;0.0003;0.0128;1148;1375;0.0186
"Unity.RenderPipelines.Universal.Runtime.dll!UnityEngine.Rendering.Universal.Internal::AdditionalLightsShadowCasterPass.SetEmptyAdditionalShadowmapAtlas()";0.0146;0.0134;0.0449;1272;1185;1446;17;17;4.65809998940676;0.015527;0.0143;0.0155;301;1;1;2;300;1147;0.0134;0.0335;1185;1417;0.0149
"mscorlib.dll!System::RuntimeType.GetEnumUnderlyingType()";0.0146;0.0146;0.0146;1446;1446;1446;20;24;0.0146000001113862;0.0146;0.0146;0.0146;6;6;6;6;1;1446;0.0022;0.0031;1446;1446;0
"UnityEngine.UI.dll!UnityEngine.EventSystems::StandaloneInputModule.SendMoveEventToSelectedObject()";0.0145;0.0137;0.0214;1307;1278;1238;6;6;4.36279998533428;0.01473919;0.0143;0.0148;296;1;1;1;296;1147;0.0137;0.0214;1278;1238;0.0151
"PreUpdate.AIUpdate";0.0145;0.0123;0.025;1357;1255;1300;2;2;4.46069998014718;0.014869;0.0136;0.0155;300;1;1;1;300;1147;0.0123;0.025;1255;1300;0.0164
"Unity.Collections.dll!Unity.Collections::CollectionHelper.CheckIndexInRange()";0.01449998;0.01239999;0.02539998;1420;1180;1446;8;10;4.50809988974652;0.015027;0.01409998;0.01559998;48600;162;162;162;300;1147;0;0.0047;1147;1292;0.01489998
"Crest.dll!Crest::LodDataMgrAnimWaves.BindWaveBuffer()";0.0144;0.0116;0.0335;1318;1317;1239;10;10;4.71289998316206;0.01570967;0.0135;0.0168;2100;7;7;7;300;1147;0.0012;0.0134;1171;1405;0.014
"CullQueryPortalVisibilityUmbra";0.0144;0.0085;0.0234;1177;1182;1222;16;16;4.16079997736961;0.01405676;0.0116;0.0154;296;1;1;1;296;1147;0.0085;0.0234;1182;1222;0.0154
"UnityEngine.CoreModule.dll!UnityEngine::Component.TryGetComponent()";0.0143;0.0124;0.0398;1256;1426;1446;8;13;4.57799997553229;0.01526;0.0138;0.0152;903;3;3;6;300;1147;0.0019;0.0212;1147;1222;0.0154
"Unity.RenderPipelines.Universal.Runtime.dll!UnityEngine.Rendering.Universal.Internal::PostProcessPass.SetupLensDistortion()";0.0143;0.0129;0.0515;1321;1147;1446;20;20;4.58569996990263;0.01528567;0.0138;0.0168;301;1;1;2;300;1147;0.0129;0.0323;1147;1446;0.014
"UnityEngine.CoreModule.dll!UnityEngine::Matrix4x4.set_Item()";0.0143;0.0131;0.04110003;1345;1168;1446;16;20;4.43929986382864;0.01479767;0.0139;0.0148;16254;54;54;108;300;1147;0.0001;0.0057;1147;1344;0.0157
"UnityEngine.CoreModule.dll!UnityEngine::Color..ctor()";0.01429998;0.01269999;0.03620005;1431;1292;1446;6;24;4.4016998908337;0.01467233;0.01399998;0.01479998;46311;154;154;265;300;1147;0;0.0042;1147;1175;0.01399998
"UnityEngine.CoreModule.dll!UnityEngine::Mesh.UploadMeshData()";0.0142;0.0142;0.0142;1446;1446;1446;19;21;0.0141999996267259;0.0142;0.0142;0.0142;2;2;2;2;1;1446;0.0057;0.0085;1446;1446;0
"mscorlib.dll!System::Array.Clear()";0.0141;0.0122;0.0285;1224;1425;1157;4;17;4.38499995945313;0.01461667;0.0135;0.0148;5404;18;18;22;300;1147;0.0002;0.0155;1148;1157;0.0175
"UnityEngine.CoreModule.dll!UnityEngine.Rendering::CommandBuffer.Internal_DrawProcedural()";0.0141;0.0124;0.0245;1215;1151;1177;13;14;4.47809992884868;0.014927;0.0136;0.0158;9600;32;32;32;300;1147;0.0003;0.0114;1147;1176;0.0133
"Unity.RenderPipelines.Universal.Runtime.dll!UnityEngine.Rendering.Universal::LightCookieManager.SetupMainLight()";0.0141;0.0128;0.0341;1443;1294;1446;18;18;4.61499996203929;0.01538333;0.0137;0.0168;301;1;1;2;300;1147;0.0128;0.0332;1294;1312;0.015
"mscorlib.dll!System::RuntimeFieldHandle.get_Value()";0.01409998;0.01409998;0.01409998;1446;1446;1446;23;23;0.014099999643804;0.0141;0.01409998;0.01409998;168;168;168;168;1;1446;0;0.0002;1446;1446;0
"Unity.RenderPipelines.Universal.Runtime.dll!UnityEngine.Rendering.Universal::UniversalRenderer.CanCopyDepth()";0.014;0.013;0.0501;1430;1249;1446;12;13;4.35099996998906;0.01450333;0.0137;0.0145;602;2;2;4;300;1147;0.0044;0.024;1159;1446;0.0151
"Compute.Dispatch";0.014;0.0108;0.0341;1294;1255;1361;9;20;4.44719998171786;0.014824;0.0131;0.0151;1518;5;5;17;300;1147;0.0005;0.0208;1446;1361;0.0145
"UnityEngine.CoreModule.dll!Unity.Jobs.LowLevel.Unsafe::JobsUtility.ScheduleParallelFor_Injected()";0.014;0.0111;0.028;1410;1271;1148;10;10;4.51519998186268;0.01505067;0.0136;0.0147;600;2;2;2;300;1147;0.0028;0.0207;1192;1369;0.0241
"UnityEngine.CoreModule.dll!UnityEngine::RenderSettings.get_skybox()";0.014;0.0128;0.0367;1416;1290;1446;5;19;4.30489991458307;0.01434967;0.0137;0.0144;13845;46;46;91;300;1147;0.0001;0.0094;1147;1179;0.0166
"mscorlib.dll!System::ReadOnlySpan`1.op_Implicit()";0.0139;0.0139;0.0139;1446;1446;1446;17;19;0.0138999994669575;0.0139;0.0139;0.0139;51;51;51;51;1;1446;0.0002;0.0007;1446;1446;0
"UnityEngine.SubsystemsModule.dll!UnityEngine::SubsystemManager.GetInstances()";0.0139;0.0128;0.0562;1209;1415;1269;11;14;4.56719996314496;0.015224;0.0135;0.0162;903;3;3;6;300;1147;0.0033;0.0463;1147;1269;0.0136
"UnityEngine.CoreModule.dll!UnityEngine::Camera.ScreenPointToRay()";0.0138;0.0116;0.0309;1221;1173;1205;5;7;1.79589998931624;0.01448306;0.0129;0.0152;372;3;3;3;124;1147;0.0031;0.0109;1173;1205;0.0155
"Unity.InputSystem.dll!UnityEngine.InputSystem::Touchscreen.UnityEngine.InputSystem.LowLevel.IInputStateCallbackReceiver.OnNextUpdate()";0.0138;0.0125;0.0293;1263;1255;1446;6;6;4.24629997182637;0.01415433;0.0132;0.0144;300;1;1;1;300;1147;0.0125;0.0293;1255;1446;0.0151
"Crest.dll!Crest::OceanRenderer.CreateDestroySubSystems()";0.0138;0.0121;0.0289;1286;1295;1204;6;6;4.4215999757871;0.01473867;0.0133;0.0145;300;1;1;1;300;1147;0.0121;0.0289;1295;1204;0.0154
"UnityEngine.UI.dll!UnityEngine.UI::GraphicRegistry.GetRaycastableGraphicsForCanvas()";0.0137;0.0123;0.0228;1251;1230;1270;11;11;4.16869997477625;0.01408345;0.0133;0.0143;1480;5;5;5;296;1147;0.0009;0.0159;1400;1270;0.0144
"UnityEngine.CoreModule.dll!Unity.Collections::NativeArray`1.CopyTo()";0.0137;0.0115;0.0266;1325;1421;1320;4;4;4.37849997729063;0.014595;0.0127;0.0158;300;1;1;1;300;1147;0.0115;0.0266;1421;1320;0.0163
"UnityEngine.ParticleSystemModule.dll!::EmissionModule.set_rateOverTime()";0.0137;0.0116;0.3489;1426;1377;1446;8;8;4.69869994468172;0.01566233;0.0132;0.0147;3600;12;12;12;300;1147;0.0004;0.3355;1254;1446;0.0127
"mscorlib.dll!System.Collections.Generic::EqualityComparer`1.get_Default()";0.01369999;0.012;0.04440007;1440;1150;1446;8;25;4.27869988372549;0.01426233;0.01319999;0.01439999;33781;112;104;243;300;1147;0;0.0075;1147;1299;0.01409999
"UnityEngine.CoreModule.dll!UnityEngine.Rendering::CommandBuffer.SetGlobalVector_Injected()";0.01359999;0.01259999;0.03469999;1372;1185;1446;13;22;4.21409988602682;0.014047;0.01329999;0.01409999;24675;82;82;157;300;1147;0.0001;0.0094;1147;1351;0.01269999
"UnityEditor.CoreModule.dll!UnityEditor::EditorApplication.get_isPlaying()";0.01359999;0.01179999;0.05600012;1259;1211;1446;5;13;4.17589989845146;0.01391967;0.01299999;0.01409999;29031;97;89;238;300;1147;0;0.007;1150;1162;0.01349999
"PrepareSceneNodes";0.0135;0.0101;0.0377;1185;1174;1446;15;15;4.24249998293817;0.01414167;0.0124;0.0153;301;1;1;2;300;1147;0.0101;0.0226;1174;1199;0.0136
"Assembly-CSharp.dll!::EnviroCore.CalculateStarsPosition()";0.0135;0.0125;0.0276;1425;1207;1384;6;6;4.19999997317791;0.014;0.0132;0.014;300;1;1;1;300;1147;0.0125;0.0276;1207;1384;0.014
"AudioManager.Update";0.0135;0.0095;0.0276;1443;1407;1391;3;3;4.28669999074191;0.014289;0.0125;0.0148;300;1;1;1;300;1147;0.0095;0.0276;1407;1391;0.0142
"UnityEngine.CoreModule.dll!UnityEngine::RenderTextureDescriptor.get_depthBufferBits()";0.0135;0.0122;0.0392;1287;1266;1446;12;21;4.19469996987027;0.01398233;0.0132;0.0138;6022;20;20;42;300;1147;0.0004;0.0123;1147;1167;0.0242
"UnityEngine.CoreModule.dll!UnityEngine::Renderer.SetPropertyBlock()";0.0134;0.0123;0.0233;1305;1205;1446;18;18;4.09329992966377;0.01364433;0.0131;0.0137;9000;30;30;30;300;1147;0.0003;0.0061;1147;1420;0.0138
"Unity.InputSystem.dll!UnityEngine.InputSystem::Touchscreen.OnNextUpdate()";0.0134;0.0122;0.0285;1206;1255;1446;7;7;4.12809998728335;0.01376033;0.0129;0.014;300;1;1;1;300;1147;0.0122;0.0285;1255;1446;0.0147
"UnityEngine.CoreModule.dll!UnityEngine::ResourcesAPI.FindShaderByName()";0.0134;0.0134;0.0134;1446;1446;1446;19;19;0.0134000001708046;0.0134;0.0134;0.0134;5;5;5;5;1;1446;0.0015;0.0057;1446;1446;0
"Unity.RenderPipelines.Universal.Runtime.dll!::BeautifyRenderPass.get_fullscreenMesh()";0.0133;0.0126;0.1072;1276;1212;1446;20;21;4.1982999696047;0.01399433;0.0131;0.0136;4214;14;14;28;300;1147;0.0008;0.0675;1148;1446;0.0161
"mscorlib.dll!System::Array.IndexOf()";0.0133;0.0133;0.0133;1446;1446;1446;17;23;0.0132999999332242;0.0133;0.0133;0.0133;11;11;11;11;1;1446;0.0008;0.0023;1446;1446;0
"UnityEngine.CoreModule.dll!UnityEngine::Camera.set_backgroundColor()";0.0133;0.0124;0.0364;1369;1192;1446;19;19;4.08789993048413;0.01362633;0.0131;0.0136;6622;22;22;44;300;1147;0.0003;0.0065;1258;1359;0.0132
"UnityEngine.CoreModule.dll!Unity.Collections::NativeArray`1.InitStaticSafetyId()";0.0133;0.012;0.04010002;1160;1404;1446;15;22;4.13849987137655;0.013795;0.0129;0.0137;14749;49;49;98;300;1147;0.0002;0.0065;1147;1181;0.014
"mscorlib.dll!System.Reflection::RuntimeFieldInfo.get_BindingFlags()";0.01319999;0.01319999;0.01319999;1446;1446;1446;21;21;0.01319999966654;0.0132;0.01319999;0.01319999;168;168;168;168;1;1446;0;0.0002;1446;1446;0
"UnityEngine.CoreModule.dll!UnityEngine::Camera.get_worldToCameraMatrix()";0.0131;0.0124;0.0382;1212;1260;1446;9;20;4.0614999840036;0.01353833;0.0129;0.0134;2405;8;8;13;300;1147;0.0011;0.014;1148;1267;0.0132
"UnityEngine.CoreModule.dll!UnityEngine.Rendering::GraphicsSettings.GetSettingsForRenderPipeline()";0.0131;0.0103;0.0445;1353;1333;1423;7;8;4.34219997841865;0.014474;0.0124;0.0141;602;2;2;4;300;1147;0.0022;0.0355;1306;1285;0.0138
"UnityEngine.CoreModule.dll!UnityEngine.Rendering::RenderTargetIdentifier.GetHashCode()";0.0131;0.0122;0.1039;1166;1258;1228;15;15;4.2462999438867;0.01415433;0.0128;0.0151;6622;22;22;44;300;1147;0.0005;0.0913;1147;1228;0.0128
"UnityEngine.CoreModule.dll!UnityEngine::Shader.SetGlobalTextureImpl()";0.013;0.0114;0.0279;1168;1245;1249;7;17;4.18119998578914;0.01393733;0.0125;0.014;3903;13;13;16;300;1147;0.0002;0.0131;1149;1356;0.0134
"Assembly-CSharp.dll!::TVEEnviro6.Update()";0.013;0.0119;0.0322;1238;1254;1446;4;4;4.11939997132868;0.01373133;0.0127;0.0133;300;1;1;1;300;1147;0.0119;0.0322;1254;1446;0.0179
"UnityEngine.InputModule.dll!UnityEngineInternal.Input::NativeInputSystem.ShouldRunUpdate()";0.013;0.009;0.3106;1277;1426;1446;3;3;4.35559997789096;0.01451867;0.0112;0.0152;1050;3;3;19;300;1147;0.0017;0.2174;1277;1446;0.0151
"PrepareSceneCullingParameters";0.013;0.01;0.0329;1303;1362;1446;14;14;3.99269998259842;0.013309;0.0116;0.0142;301;1;1;2;300;1147;0.01;0.0256;1362;1247;0.0145
"Unity.RenderPipelines.Universal.Runtime.dll!UnityEngine.Rendering.Universal::CameraData.GetProjectionMatrix()";0.013;0.0125;0.0435;1306;1255;1446;14;19;4.10619999468327;0.01368733;0.0128;0.0133;1806;6;6;12;300;1147;0.0019;0.0098;1207;1446;0.0131
"UnityEngine.UI.dll!UnityEngine.EventSystems::PointerInputModule.CopyFromTo()";0.013;0.0115;0.0234;1341;1424;1211;9;9;4.07069998281077;0.01375236;0.0124;0.0147;592;2;2;2;296;1147;0.004;0.0189;1283;1211;0.0133
"UnityEngine.IMGUIModule.dll!UnityEngine::GUILayoutGroup.SetHorizontal()";0.013;0.0117;0.0236;1437;1309;1446;5;5;4.07809998327866;0.01359367;0.0127;0.0136;900;3;3;3;300;1147;0.0028;0.0165;1197;1226;0.0133
"Layout";0.013;0.0103;0.0313;1443;1407;1400;8;8;4.20709998160601;0.01402367;0.0123;0.0144;300;1;1;1;300;1147;0.0103;0.0313;1407;1400;0.013
"UnityEngine.CoreModule.dll!UnityEngine::Color.get_linear()";0.0129;0.0114;0.04;1159;1408;1446;6;19;4.14809995435644;0.013827;0.0125;0.0137;2706;9;9;15;300;1147;0.0009;0.0154;1153;1185;0.0132
"UnityEngine.CoreModule.dll!UnityEngine.Rendering::ScriptableRenderContext.DrawShadows()";0.0129;0.0119;0.0383;1297;1280;1446;20;20;4.23999998928048;0.01413333;0.0126;0.0154;1204;4;4;8;300;1147;0.0024;0.0149;1192;1239;0.0127
"mscorlib.dll!System.Collections.Generic::List`1.Clear()";0.0129;0.0107;0.0267;1263;1425;1446;3;16;3.99389995035745;0.013313;0.0123;0.0136;8952;29;26;40;300;1147;0;0.0145;1147;1414;0.0138
"mscorlib.dll!System::Type.get_IsValueType()";0.0128;0.0108;0.0369;1174;1395;1446;10;23;4.08989996649325;0.013633;0.012;0.0139;1506;5;5;11;300;1147;0.0012;0.0186;1147;1152;0.0123
"UnityEngine.SubsystemsModule.dll!UnityEngine::SubsystemManager.GetSubsystems()";0.0128;0.0117;0.055;1163;1415;1269;12;15;4.20309998956509;0.01401033;0.0124;0.0151;903;3;3;6;300;1147;0.0031;0.0461;1168;1269;0.0121
"Assembly-CSharp.dll!::EnviroCore.BetaRay()";0.0128;0.0119;0.0246;1218;1383;1197;6;7;4.09519998077303;0.01365067;0.0125;0.0152;600;2;2;2;300;1147;0.0055;0.0162;1165;1197;0.013
"Crest.dll!Crest::OceanRenderer.get_CurrentLodCount()";0.0127;0.011;0.03439999;1228;1239;1446;6;10;4.02239985449705;0.013408;0.0123;0.0147;14115;47;47;56;300;1147;0.0002;0.0073;1147;1346;0.0148
"UnityEngine.CoreModule.dll!UnityEngine::Mathf.Sin()";0.0127;0.0116;0.0266;1405;1199;1446;7;14;3.93899988337944;0.01313;0.0124;0.0132;9610;32;32;42;300;1147;0.0002;0.0069;1147;1319;0.0132
"UnityEngine.CoreModule.dll!UnityEngine::Camera.WorldToViewportPoint()";0.0127;0.0105;0.0357;1229;1160;1446;17;18;4.06889999192208;0.013563;0.0122;0.0132;1204;4;4;8;300;1147;0.0017;0.0133;1168;1206;0.0126
"UnityEngine.CoreModule.dll!UnityEngine.Rendering::AsyncGPUReadbackRequest.GetData()";0.0127;0.0096;0.0221;1377;1416;1204;4;4;3.77089998405427;0.01256967;0.0111;0.0138;300;1;1;1;300;1147;0.0096;0.0221;1416;1204;0.0146
"AwesomeTechnologies.VegetationStudioPro.Runtime.dll!AwesomeTechnologies.VegetationSystem.Wind::HDWindController.UpdateWind()";0.0127;0.0119;0.0333;1405;1193;1271;7;7;4.05139997974038;0.01350467;0.0125;0.0131;300;1;1;1;300;1147;0.0119;0.0333;1193;1271;0.0126
"UnityEngine.CoreModule.dll!UnityEngine::Renderer.GetSharedMaterials()";0.0127;0.0104;0.0248;1406;1225;1184;12;12;3.97999998275191;0.01326667;0.0122;0.0133;300;1;1;1;300;1147;0.0104;0.0248;1225;1184;0.0122
"UnityEngine.CoreModule.dll!UnityEngine::Mesh.UploadMeshDataImpl()";0.0127;0.0127;0.0127;1446;1446;1446;20;22;0.012699999846518;0.0127;0.0127;0.0127;2;2;2;2;1;1446;0.0049;0.0078;1446;1446;0
"UnityEngine.CoreModule.dll!UnityEngine::Shader.SetGlobalColor()";0.0126;0.0118;0.0314;1150;1209;1446;6;8;3.92619996168651;0.01308733;0.0123;0.0129;2401;8;8;9;300;1147;0.0009;0.0139;1148;1200;0.0126
"Unity.RenderPipelines.Universal.Runtime.dll!UnityEngine.Rendering.Universal::XRSystem.RefreshXrSdk()";0.0126;0.0116;0.0317;1183;1194;1446;9;12;4.11139997793362;0.01370467;0.0123;0.0132;602;2;2;4;300;1147;0.0046;0.0222;1171;1414;0.0126
"UnityEngine.CoreModule.dll!UnityEngine::Material.set_shaderKeywords()";0.0125;0.0109;0.0277;1243;1251;1253;16;20;3.91259998455644;0.013042;0.0121;0.013;903;3;3;6;300;1147;0.0018;0.0208;1252;1253;0.013
"UnityEngine.UI.dll!UnityEngine.UI::Text.set_text()";0.0125;0.0113;0.0233;1359;1178;1187;5;5;3.84009998105466;0.01280033;0.0122;0.0129;300;1;1;1;300;1147;0.0113;0.0233;1178;1187;0.0135
"RenderingCommandBuffer.PrepareKeywords";0.01249999;0.0107;0.02799999;1339;1222;1285;9;17;3.87069992817123;0.01290233;0.012;0.01319999;24042;80;80;122;300;1147;0;0.0145;1147;1285;0.0116
"Unity.RenderPipelines.Universal.Runtime.dll!UnityEngine.Rendering.Universal.Internal::PostProcessPass.SetupColorGrading()";0.0124;0.0115;0.0523;1175;1147;1446;20;20;3.87909998558462;0.01293033;0.0121;0.0126;301;1;1;2;300;1147;0.0115;0.0304;1147;1446;0.0122
"AwesomeTechnologies.VegetationStudioPro.Runtime.dll!AwesomeTechnologies.VegetationSystem.Wind::FAEWindController.UpdateWind()";0.0124;0.0111;0.0285;1216;1278;1446;7;7;4.11779997125268;0.013726;0.0119;0.0152;300;1;1;1;300;1147;0.0111;0.0285;1278;1446;0.0125
"BoundingSphereCullJob (Burst)";0.0124;0.0051;0.0288;1234;1419;1235;10;10;4.1651999760652;0.013884;0.0112;0.0164;381;1;1;2;300;1147;0.0013;0.0216;1259;1264;0.012
"Update.ScriptRunDelayedTasks";0.0124;0.0101;0.0247;1353;1351;1159;2;2;3.85859998036176;0.012862;0.012;0.0133;300;1;1;1;300;1147;0.0101;0.0247;1351;1159;0.0127
"UnityEngine.CoreModule.dll!Unity.Collections.LowLevel.Unsafe::AtomicSafetyHandle.CheckWriteAndBumpSecondaryVersion()";0.0123;0.0106;0.0262;1386;1269;1350;7;9;3.98969996077358;0.013299;0.0116;0.0147;3900;13;13;13;300;1147;0.0002;0.0161;1147;1350;0.0119
"mscorlib.dll!System.Collections.Generic::List`1.CopyTo()";0.0123;0.0123;0.0123;1446;1446;1446;21;21;0.0123000002931803;0.0123;0.0123;0.0123;3;3;3;3;1;1446;0.0031;0.0052;1446;1446;0
"UnityEngine.CoreModule.dll!UnityEngine.Rendering::CullingResults.Validate()";0.0123;0.0117;0.04509999;1399;1295;1446;15;21;3.83479988627369;0.01278267;0.0122;0.0126;5418;18;18;36;300;1147;0.0005;0.0058;1147;1446;0.0123
"AwesomeTechnologies.VegetationStudioPro.Runtime.dll!AwesomeTechnologies.VegetationSystem::VegetationSystemPro.SetShadowMapVariables()";0.0122;0.0106;0.0254;1207;1402;1315;5;5;3.89099998492748;0.01297;0.0117;0.013;300;1;1;1;300;1147;0.0106;0.0254;1402;1315;0.0156
"Crest.dll!Crest::ShapeWaves.CrestUpdate()";0.0122;0.01;0.0228;1213;1225;1445;10;10;3.84059998206794;0.012802;0.0117;0.0127;300;1;1;1;300;1147;0.01;0.0228;1225;1445;0.012
"Unity.RenderPipelines.Universal.Runtime.dll!UnityEngine.Rendering.Universal::UniversalRenderPipeline.TryGetCullingParameters()";0.0122;0.01;0.0577;1313;1182;1278;9;9;4.14719996508211;0.013824;0.0115;0.0131;301;1;1;2;300;1147;0.01;0.0577;1182;1278;0.0123
"mscorlib.dll!System.Reflection::RuntimeFieldInfo.GetValueInternal()";0.0121;0.0121;0.0121;1446;1446;1446;20;20;0.0120999999344349;0.0121;0.0121;0.0121;24;24;24;24;1;1446;0.0003;0.0022;1446;1446;0
"Assembly-CSharp.dll!::EnviroVegetationStudioPro.Update()";0.0121;0.0108;0.0232;1193;1429;1306;4;4;3.77309997752309;0.012577;0.0117;0.0126;300;1;1;1;300;1147;0.0108;0.0232;1429;1306;0.0124
"Touchscreen.OnNextUpdate";0.0121;0.0111;0.026;1300;1255;1446;8;8;3.74229998607188;0.01247433;0.0117;0.0126;300;1;1;1;300;1147;0.0111;0.026;1255;1446;0.0131
"mscorlib.dll!System.Collections.Generic::Stack`1.Contains()";0.0121;0.0107;0.0334;1360;1218;1446;11;15;3.70489996799733;0.01234967;0.0117;0.0126;1204;4;4;8;300;1147;0.0013;0.0083;1164;1305;0.0119
"UnityEngine.CoreModule.dll!UnityEngine.Rendering::VisibleLight.get_light()";0.012;0.0108;0.0358;1170;1226;1446;12;20;3.75599992048228;0.01252;0.0117;0.0125;7525;25;25;50;300;1147;0.0003;0.0137;1147;1392;0.0116
"UnityEngine.CoreModule.dll!UnityEngine::Object.set_name()";0.012;0.012;0.012;1446;1446;1446;19;19;0.0119999998714775;0.012;0.012;0.012;9;9;9;9;1;1446;0.001;0.0025;1446;1446;0
"UnityEngine.CoreModule.dll!UnityEngine::ResourcesAPIInternal.FindShaderByName()";0.012;0.012;0.012;1446;1446;1446;20;20;0.0119999997550622;0.012;0.012;0.012;5;5;5;5;1;1446;0.0013;0.0053;1446;1446;0
"mscorlib.dll!System::String.op_Inequality()";0.0119;0.0108;0.0226;1223;1149;1187;6;6;3.63949998375028;0.01213167;0.0116;0.0123;300;1;1;1;300;1147;0.0108;0.0226;1149;1187;0.0128
"Assembly-CSharp-firstpass.dll!PixelCrushers::InputDeviceManager.Update()";0.0119;0.0107;0.0229;1435;1164;1204;4;4;3.66059997677803;0.012202;0.0116;0.0123;300;1;1;1;300;1147;0.0107;0.0229;1164;1204;0.0116
"mscorlib.dll!System.Collections.Generic::EnumEqualityComparer`1.Equals()";0.0119;0.011;0.0345;1186;1231;1446;8;22;3.69659995700931;0.012322;0.0116;0.0122;6013;20;20;33;300;1147;0.0003;0.0059;1273;1409;0.0124
"Crest.dll!Crest::PropertyWrapperMaterial.SetBuffer()";0.0119;0.0107;0.0205;1418;1399;1446;10;10;3.75009991653496;0.01250033;0.0117;0.0129;4200;14;14;14;300;1147;0.0006;0.007;1157;1190;0.0145
"UnityEngine.CoreModule.dll!UnityEngine::Mathf.Cos()";0.0118;0.0107;0.06410001;1207;1304;1412;7;21;3.78349988984701;0.01261167;0.0115;0.0121;9912;33;33;45;300;1147;0.0002;0.0525;1147;1412;0.0123
"UnityEngine.UI.dll!UnityEngine.EventSystems::PointerInputModule.StateForMouseButton()";0.0118;0.0111;0.0196;1330;1292;1185;9;9;3.56989995483309;0.01206047;0.0117;0.012;888;3;3;3;296;1147;0.0033;0.0123;1148;1185;0.0125
"UnityEngine.CoreModule.dll!UnityEngine::Mesh.SetUvsImpl()";0.0118;0.0118;0.0118;1446;1446;1446;22;24;0.0117999999783933;0.0118;0.0118;0.0118;2;2;2;2;1;1446;0.0057;0.0061;1446;1446;0
"UnityEngine.CoreModule.dll!UnityEngine::RenderTextureDescriptor.get_graphicsFormat()";0.01179999;0.01039999;0.03540003;1329;1346;1446;12;22;3.64309991018672;0.01214367;0.01139999;0.01219999;43089;143;143;332;300;1147;0;0.0044;1147;1238;0.01149999
"ParticleSystem.ScheduleGeometryJobs";0.0117;0.0096;0.0262;1256;1278;1446;14;14;3.61909997370094;0.01206367;0.0111;0.0124;300;1;1;1;300;1147;0.0096;0.0262;1278;1446;0.0159
"Unity.RenderPipelines.Universal.Runtime.dll!UnityEngine.Rendering.Universal::UniversalRenderer.IsDepthPrimingEnabled()";0.0117;0.0105;0.042;1435;1230;1446;12;12;3.62119997292757;0.01207067;0.0113;0.0122;301;1;1;2;300;1147;0.0105;0.0329;1230;1403;0.0122
"UnityEngine.CoreModule.dll!UnityEngine.Rendering::CommandBuffer.SetGlobalFloat()";0.01169999;0.009499994;0.03989999;1346;1359;1446;9;20;3.6337999224852;0.01211267;0.01119999;0.01239999;23809;80;73;156;300;1147;0.0001;0.005;1147;1283;0.01399999
"UnityEngine.CoreModule.dll!UnityEngine::Vector3..ctor()";0.01169999;0.01029999;0.02719998;1425;1277;1446;5;21;3.66189991039573;0.01220633;0.01129999;0.01219999;39658;132;130;162;300;1147;0;0.007;1147;1320;0.01199999
"Physics.Raycast";0.0116;0.0092;0.0272;1158;1165;1216;7;7;1.48149999417365;0.01194758;0.0109;0.0123;124;1;1;1;124;1147;0.0092;0.0272;1165;1216;0.0118
"Unity.RenderPipelines.Universal.Runtime.dll!UnityEngine.Rendering.Universal.Internal::AdditionalLightsShadowCasterPass.Configure()";0.0116;0.0111;0.0341;1245;1159;1446;17;17;3.69619998894632;0.01232067;0.0114;0.0118;301;1;1;2;300;1147;0.0111;0.0336;1159;1302;0.0117
"UnityEngine.CoreModule.dll!UnityEngine.Rendering::RenderPipeline.BeginContextRendering()";0.0116;0.0092;0.0251;1401;1339;1446;7;7;3.78439997322857;0.01261467;0.011;0.0128;301;1;1;2;300;1147;0.0092;0.025;1339;1333;0.0127
"Unity.RenderPipelines.Universal.Runtime.dll!UnityEngine.Rendering.Universal::RenderTargetHandle.Equals()";0.0116;0.011;0.03860001;1417;1272;1446;15;21;3.58349994622404;0.011945;0.0114;0.0118;4214;14;14;28;300;1147;0.0006;0.0052;1151;1249;0.0118
"PrepareUpdateRendererBoundingVolumes";0.0115;0.009500001;0.0237;1285;1221;1446;3;16;3.60209998769278;0.012007;0.0109;0.0123;1803;6;6;9;300;1147;0.0002;0.0139;1291;1435;0.0111
"Crest.dll!Crest::OceanRenderer.LateUpdateScale()";0.0115;0.0105;0.0264;1353;1295;1446;6;6;3.72089998051524;0.012403;0.0112;0.012;300;1;1;1;300;1147;0.0105;0.0264;1295;1446;0.0113
"InputSystemPlayerLoopRunnerInitializationSystem";0.0115;0.009;0.0213;1433;1172;1274;2;2;3.72259998228401;0.01240867;0.0107;0.0133;300;1;1;1;300;1147;0.009;0.0213;1172;1274;0.0104
"UnityEngine.ParticleSystemModule.dll!::EmissionModule.set_rateOverTime_Injected()";0.0115;0.009300001;0.3441;1321;1377;1446;9;9;3.99829996218614;0.01332767;0.0109;0.0124;3600;12;12;12;300;1147;0.0002;0.3347;1387;1446;0.0103
"UnityEngine.CoreModule.dll!Unity.Collections.LowLevel.Unsafe::AtomicSafetyHandle.CheckWriteAndThrow()";0.0115;0.0101;0.03199999;1426;1152;1446;6;21;3.57859990802535;0.01192867;0.0111;0.0119;9618;32;32;50;300;1147;0.0002;0.0107;1147;1409;0.0117
"Unity.RenderPipelines.Universal.Runtime.dll!UnityEngine.Rendering.Universal.Internal::AdditionalLightsShadowCasterPass.IsValidShadowCastingLight()";0.0114;0.0108;0.0708;1357;1230;1173;14;14;3.74669999163598;0.012489;0.0112;0.0123;301;1;1;2;300;1147;0.0108;0.0708;1230;1173;0.0157
"UnityEngine.CoreModule.dll!UnityEngine.Rendering::DrawingSettings..ctor()";0.0114;0.0109;0.074;1434;1208;1241;19;20;3.6682000256842;0.01222733;0.0113;0.0118;1806;6;6;12;300;1147;0.0016;0.0647;1149;1241;0.0143
"UnityEngine.CoreModule.dll!UnityEngine.Rendering::CommandBuffer.SetGlobalTexture_Impl()";0.0114;0.0104;0.03129998;1388;1198;1446;16;22;3.52089989699743;0.01173633;0.01119999;0.0117;16255;54;54;109;300;1147;0.0001;0.0116;1147;1228;0.01419999
"UnityEngine.CoreModule.dll!UnityEngine.Rendering::CommandBuffer.GetTemporaryRTWithDescriptor()";0.0113;0.0105;0.0323;1280;1189;1446;15;21;3.55989988672081;0.01186633;0.011;0.0117;7826;26;26;52;300;1147;0.0002;0.009;1150;1224;0.0116
"UnityEngine.CoreModule.dll!UnityEngine.Rendering::RenderPipelineManager.BeginContextRendering()";0.0113;0.0088;0.0247;1185;1339;1333;8;8;3.65589997638017;0.01218633;0.0107;0.0123;301;1;1;2;300;1147;0.0088;0.0247;1339;1333;0.0124
"UnityEngine.UI.dll!UnityEngine.UI::CanvasScaler.HandleScaleWithScreenSize()";0.0113;0.0088;0.0329;1231;1169;1325;9;9;3.73299999069422;0.01244333;0.01;0.0142;300;1;1;1;300;1147;0.0088;0.0329;1169;1325;0.0102
"UnityEngine.CoreModule.dll!UnityEngine::Material.SetShaderKeywords()";0.0113;0.0099;0.0267;1186;1147;1253;17;21;3.51739999197889;0.01172467;0.0109;0.0117;903;3;3;6;300;1147;0.0015;0.0204;1199;1253;0.0116
"Unity.InputSystem.dll!UnityEngine.InputSystem::InputManager.get_gameIsPlaying()";0.0113;0.0082;0.0616;1287;1255;1446;5;7;3.54879996797536;0.01182933;0.0101;0.0128;2136;7;6;22;300;1147;0.0005;0.0127;1318;1315;0.013
"mscorlib.dll!System::RuntimeType.IsValueTypeImpl()";0.0113;0.0093;0.0332;1326;1436;1446;11;24;3.61149997939356;0.01203833;0.0106;0.0122;1506;5;5;11;300;1147;0.001;0.0181;1150;1152;0.0109
"Terrain.Details.Render";0.0112;0.009;0.0279;1285;1203;1311;14;14;3.63959997426718;0.012132;0.0108;0.0117;300;1;1;1;300;1147;0.009;0.0279;1203;1311;0.0111
"UnityEngine.CoreModule.dll!Unity.Collections.LowLevel.Unsafe::NativeArrayUnsafeUtility.CheckConvertArguments()";0.0112;0.009399999;0.0244;1421;1222;1155;6;15;3.50719998622662;0.01169067;0.0106;0.012;4294;14;14;15;300;1147;0.0003;0.0116;1340;1155;0.0125
"UnityEngine.CoreModule.dll!UnityEngine::GL.TexCoord3()";0.0111;0.005599999;0.0216;1248;1297;1296;19;19;3.34879989345791;0.01116267;0.0103;0.0116;9632;32;32;64;300;1147;0.0001;0.012;1147;1161;0.0104
"UnityEngine.CoreModule.dll!UnityEngine.Rendering::CullingResults.SetLightIndexMap()";0.0111;0.009199999;0.0325;1164;1152;1171;19;20;3.49019998498261;0.011634;0.0107;0.0115;602;2;2;4;300;1147;0.0033;0.019;1152;1171;0.0115
"UnityEngine.CoreModule.dll!UnityEngine::Camera.TryGetCullingParameters()";0.0111;0.0091;0.0566;1311;1182;1278;10;10;3.77849997766316;0.012595;0.0106;0.0118;301;1;1;2;300;1147;0.0091;0.0566;1182;1278;0.0111
"mscorlib.dll!System::MonoCustomAttrs.GetPseudoCustomAttributes()";0.0111;0.0111;0.0111;1446;1446;1446;22;22;0.0110999997705221;0.0111;0.0111;0.0111;3;3;3;3;1;1446;0.0024;0.0053;1446;1446;0
"UnityEngine.CoreModule.dll!UnityEngine.Profiling::Profiler.ValidateArguments()";0.011;0.0092;0.0209;1312;1193;1179;5;9;3.64869994074979;0.01216233;0.0104;0.0137;6900;23;23;23;300;1147;0.0002;0.0104;1147;1179;0.0116
"CopyColor";0.011;0.0092;0.0254;1368;1262;1162;15;15;3.51629999373108;0.011721;0.0105;0.0116;301;1;1;2;300;1147;0.0092;0.0254;1262;1162;0.0114
"Unity.RenderPipelines.Universal.Runtime.dll!UnityEngine.Rendering.Universal::DrawSkyboxPass.Execute()";0.0109;0.0104;0.0342;1214;1203;1446;16;16;3.43349996488541;0.011445;0.0107;0.0111;301;1;1;2;300;1147;0.0104;0.0225;1203;1446;0.0111
"Assembly-CSharp.dll!::EnviroCore.BetaMie()";0.0109;0.0101;0.0238;1352;1204;1446;6;7;3.35679998178966;0.01118933;0.0107;0.0112;900;3;3;3;300;1147;0.0025;0.0155;1152;1398;0.0109
"UnityEngine.CoreModule.dll!UnityEngine::Transform.get_rotation_Injected()";0.0109;0.009799999;0.022;1395;1295;1206;7;20;3.34299992217711;0.01114333;0.0106;0.0113;9905;33;33;38;300;1147;0.0001;0.0115;1147;1206;0.0113
"UnityEngine.ParticleSystemModule.dll!::EmissionModule.get_rateOverTime_Injected()";0.0109;0.009399999;0.0211;1349;1303;1153;9;9;3.44069993684388;0.011469;0.0105;0.0115;7200;24;24;24;300;1147;0.0001;0.0094;1147;1189;0.0113
"Assembly-CSharp-firstpass.dll!PixelCrushers::InputDeviceManager.IsUsingJoystick()";0.0108;0.0099;0.0219;1233;1164;1204;5;5;3.32359997089952;0.01107867;0.0105;0.0111;300;1;1;1;300;1147;0.0099;0.0219;1164;1204;0.0106
"Crest.dll!Crest::LodDataMgrFoam.get_Settings()";0.0108;0.0093;0.139;1305;1391;1446;8;10;3.61069996881997;0.01203567;0.0105;0.0126;3360;11;10;74;300;1147;0.0008;0.0077;1147;1308;0.0105
"Unity.RenderPipelines.Universal.Runtime.dll!UnityEngine.Rendering.Universal::UniversalRenderPipelineGlobalSettings.get_instance()";0.0108;0.0084;0.0361;1338;1333;1285;6;6;3.61639998108149;0.01205467;0.0103;0.0116;301;1;1;2;300;1147;0.0084;0.0361;1333;1285;0.0113
"Unity.RenderPipelines.Core.Runtime.dll!UnityEngine.Rendering::ProfilingSampler.get_sampler()";0.01079999;0.008499995;0.0341;1276;1344;1446;11;23;3.60249991300225;0.01200833;0.01009999;0.01339999;28896;96;96;192;300;1147;0;0.0145;1147;1407;0.009999993
"Unity.RenderPipelines.Universal.Runtime.dll!UnityEngine.Rendering.Universal::RenderTargetHandle.get_id()";0.01079999;0.008699993;0.03600005;1276;1251;1446;13;22;3.34429991739307;0.01114767;0.01039999;0.01129999;39130;130;130;260;300;1147;0;0.0043;1147;1191;0.01049999
"Unity.RenderPipelines.Core.Runtime.dll!UnityEngine.Rendering::CoreUtils.ConvertSRGBToActiveColorSpace()";0.0107;0.009500001;0.0371;1373;1307;1446;8;18;3.51459998369683;0.01171533;0.0104;0.0113;1505;5;5;10;300;1147;0.0013;0.016;1408;1298;0.0111
"ComputeSkinningDispatch";0.0107;0.0107;0.0107;1446;1446;1446;19;19;0.0107000001007691;0.0107;0.0107;0.0107;3;3;3;3;1;1446;0.0012;0.0076;1446;1446;0
"UnityEngine.CoreModule.dll!UnityEngine::Camera.GetCullingParameters_Internal()";0.0107;0.0087;0.0561;1167;1182;1278;11;11;3.64229997899383;0.012141;0.0101;0.0114;301;1;1;2;300;1147;0.0087;0.0561;1182;1278;0.0107
"Unity.RenderPipelines.Universal.Runtime.dll!UnityEngine.Rendering.Universal.Internal::RenderTargetBufferSystem.SetCameraSettings()";0.0107;0.01;0.0272;1350;1276;1446;12;14;3.3442999846302;0.01114767;0.0105;0.011;602;2;2;4;300;1147;0.0012;0.0191;1157;1225;0.0113
"Crest.dll!Crest::LodDataMgrPersistent.ValidateSourceData()";0.0107;0.0101;0.1677;1368;1355;1446;9;9;3.70329997688532;0.01234433;0.0105;0.013;315;1;1;10;300;1147;0.0089;0.0197;1302;1297;0.0104
"mscorlib.dll!System::Type.get_IsInterface()";0.0106;0.0106;0.0106;1446;1446;1446;22;27;0.010599999979604;0.0106;0.0106;0.0106;9;9;9;9;1;1446;0.0008;0.0025;1446;1446;0
"Unity.InputSystem.dll!::<>c__DisplayClass13_0.<set_onShouldRunUpdate>b__0()";0.0106;0.0072;0.2941;1379;1426;1446;4;4;3.60439997690264;0.01201467;0.0091;0.0124;1050;3;3;19;300;1147;0.0014;0.2161;1277;1446;0.0124
"Graphics.DrawProcedural";0.0105;0.0066;0.06;1232;1318;1200;9;9;3.88079990784172;0.012936;0.009100001;0.016;9600;32;32;32;300;1147;0.0001;0.0466;1147;1200;0.0106
"Unity.InputSystem.dll!UnityEngine.InputSystem.LowLevel::InputEventStream.Advance()";0.0105;0.0011;0.0191;1215;1158;1299;7;7;0.820399994787294;0.008821505;0.0057;0.0117;347;4;1;7;93;1153;0.0006;0.0058;1207;1398;0.0056
"UnityEngine.AIModule.dll!UnityEngine.AI::NavMesh.Internal_CallOnNavMeshPreUpdate()";0.0105;0.0091;0.0191;1288;1164;1219;3;3;3.2510999860242;0.010837;0.0099;0.0112;300;1;1;1;300;1147;0.0091;0.0191;1164;1219;0.0119
"Unity.RenderPipelines.Universal.Runtime.dll!UnityEngine.Rendering.Universal.Internal::PostProcessPass.SetupDithering()";0.0105;0.0092;0.034;1381;1182;1446;20;20;3.30869998969138;0.011029;0.0103;0.0109;301;1;1;2;300;1147;0.0092;0.0234;1182;1408;0.0112
"UnityEngine.InputLegacyModule.dll!UnityEngine::SendMouseEvents.SendEvents()";0.0105;0.007;0.0231;1390;1355;1207;5;5;3.31289999256842;0.011043;0.0077;0.0135;900;3;3;3;300;1147;0.0018;0.0177;1278;1207;0.0149
"Unity.RenderPipelines.Universal.Runtime.dll!::RenderBlocks.GetRange()";0.0105;0.009999999;0.0318;1417;1278;1446;14;14;3.32439996139146;0.01108133;0.0104;0.0108;1204;4;4;8;300;1147;0.0022;0.008;1275;1281;0.0111
"UnityEngine.CoreModule.dll!UnityEngine::GameObject.get_transform()";0.0104;0.009099999;0.0226;1170;1221;1446;5;15;3.21999993552163;0.01073333;0.01;0.011;8156;27;27;32;300;1147;0.0001;0.0062;1147;1438;0.0114
"Assembly-CSharp.dll!::UIPlayerTrading.Update()";0.0104;0.009;0.0208;1202;1246;1325;4;4;3.30939998477697;0.01103133;0.01;0.0113;300;1;1;1;300;1147;0.009;0.0208;1246;1325;0.0108
"UnityEngine.CoreModule.dll!UnityEngine.Rendering::RenderPipeline.EndCameraRendering()";0.0104;0.0086;0.0263;1275;1309;1446;9;9;3.25659998971969;0.01085533;0.01;0.0109;301;1;1;2;300;1147;0.0086;0.0208;1309;1436;0.0108
"BeginRenderQueueExtraction";0.0104;0.0082;0.0286;1400;1425;1446;14;15;3.27369999070652;0.01091233;0.01;0.011;602;2;2;4;300;1147;0.0029;0.0195;1249;1387;0.0106
"Unity.RenderPipelines.Universal.Runtime.dll!UnityEngine.Rendering.Universal::ShadowUtils.GetShadowBias()";0.0103;0.009500001;0.0262;1338;1170;1446;19;19;3.28870001609903;0.01096233;0.0101;0.0108;1204;4;4;8;300;1147;0.0017;0.0162;1354;1359;0.0133
"Assembly-CSharp.dll!::EnviroSky.UpdateFog()";0.0103;0.0092;0.0201;1329;1387;1427;6;6;3.28989998716861;0.01096633;0.01;0.0109;300;1;1;1;300;1147;0.0092;0.0201;1387;1427;0.0105
"UnityEngine.CoreModule.dll!UnityEngine.Rendering::CommandBuffer.BeginSample()";0.0103;0.0096;0.0303;1378;1400;1446;11;21;3.24629997386364;0.010821;0.0101;0.0106;4816;16;16;32;300;1147;0.0003;0.0126;1151;1203;0.0105
"Crest.dll!Crest::BufferedData`1.Previous()";0.0103;0.0093;0.05270001;1294;1177;1446;7;10;3.23279988097784;0.010776;0.01;0.0106;11505;38;38;101;300;1147;0.0002;0.0053;1147;1238;0.0097
"mscorlib.dll!System::String.IsNullOrEmpty()";0.01029999;0.008799993;0.03630001;1395;1269;1446;6;21;3.50159991434339;0.011672;0.009799994;0.01329999;21182;70;70;252;300;1147;0;0.0103;1147;1320;0.01059999
"Render PostProcessing Effects";0.0102;0.0086;0.0231;1179;1245;1446;15;15;3.12109998520464;0.01040367;0.0098;0.0105;301;1;1;2;300;1147;0.0086;0.0217;1245;1369;0.0097
"UnityEngine.CoreModule.dll!UnityEngine.Experimental.Rendering::ScriptableRuntimeReflectionSystemWrapper.Internal_ScriptableRuntimeReflectionSystemWrapper_TickRealtimeProbes()";0.0102;0.0068;0.0236;1404;1387;1276;2;2;3.07009997731075;0.01023367;0.0085;0.0116;300;1;1;1;300;1147;0.0068;0.0236;1387;1276;0.0129
"mscorlib.dll!System::Convert.GetTypeCode()";0.0102;0.0102;0.0102;1446;1446;1446;21;21;0.0101999999023974;0.0102;0.0102;0.0102;3;3;3;3;1;1446;0.0029;0.0041;1446;1446;0
"UnityEngine.CoreModule.dll!UnityEngine::Gradient.Evaluate_Injected()";0.0102;0.008400001;0.0233;1156;1332;1375;7;19;3.28969996079832;0.01096567;0.009700001;0.0108;6307;21;21;28;300;1147;0.0001;0.0126;1147;1375;0.0146
"mscorlib.dll!System::ValueType.GetHashCode()";0.0101;0.0084;0.0199;1186;1395;1351;9;9;3.10339999978896;0.01034467;0.0095;0.0106;600;2;2;2;300;1147;0.0017;0.018;1250;1351;0.011
"UnityEngine.CoreModule.dll!UnityEngine::Matrix4x4.TRS()";0.0101;0.009399999;0.0181;1404;1340;1305;7;9;3.11199996084906;0.01037333;0.0099;0.0104;2700;9;9;9;300;1147;0.0008;0.0071;1148;1311;0.0104
"UnityEngine.SubsystemsModule.dll!UnityEngine::SubsystemManager.AddSubsystemSubset()";0.01;0.009299999;0.0526;1244;1194;1269;13;16;3.32049998745788;0.01106833;0.0098;0.0119;2709;9;9;18;300;1147;0.0008;0.0437;1148;1269;0.0098
"mscorlib.dll!System::RuntimeType.GetElementType()";0.01;0.008199999;0.0211;1236;1186;1413;8;23;3.09679998317733;0.01032267;0.0095;0.0105;3006;10;10;16;300;1147;0.0003;0.0143;1150;1432;0.009899999
"Unity.RenderPipelines.Universal.Runtime.dll!UnityEngine.Rendering.Universal::LightCookieManager.SetupAdditionalLights()";0.01;0.009;0.0268;1267;1432;1446;18;18;3.17909998074174;0.010597;0.0097;0.0103;301;1;1;2;300;1147;0.009;0.0242;1432;1309;0.0108
"mscorlib.dll!System::Int32.GetHashCode()";0.00999999;0.008599993;0.02379998;1316;1304;1446;8;22;3.09219992493308;0.01030733;0.009599991;0.01039999;34929;115;112;206;300;1147;0;0.0078;1147;1266;0.009799991
"UnityEngine.CoreModule.dll!UnityEngine::MaterialPropertyBlock.SetTextureImpl()";0.009900002;0.0086;0.0189;1309;1236;1446;20;20;3.00969989094301;0.01003233;0.0097;0.0102;9000;30;30;30;300;1147;0.0002;0.0054;1147;1202;0.0098
"Animators.PrepareFirstPass";0.0099;0.0084;0.0262;1154;1429;1189;5;5;3.05829998105764;0.01019433;0.0094;0.0106;300;1;1;1;300;1147;0.0084;0.0262;1429;1189;0.0119
"Assembly-CSharp.dll!WorldStreamer2::TerrainCullingSystem.Update()";0.0099;0.0085;0.0213;1294;1246;1260;4;4;3.11799998115748;0.01039333;0.0095;0.0105;300;1;1;1;300;1147;0.0085;0.0213;1246;1260;0.0103
"UnityEngine.UI.dll!::MouseState.GetButtonState()";0.0099;0.009299999;0.0173;1427;1308;1392;8;10;2.99749994982267;0.01012669;0.0098;0.0102;2368;8;8;8;296;1147;0.0007;0.009;1147;1392;0.013
"UnityEngine.CoreModule.dll!UnityEngine.Rendering::RenderPipelineManager.EndCameraRendering()";0.0099;0.0081;0.0251;1433;1309;1446;10;10;3.10239998158067;0.01034133;0.0096;0.0104;301;1;1;2;300;1147;0.0081;0.0204;1309;1436;0.0103
"Mesh.AwakeFromLoad";0.0099;0.0099;0.0099;1446;1446;1446;21;23;0.00989999994635582;0.0099;0.0099;0.0099;2;2;2;2;1;1446;0.004;0.0059;1446;1446;0
"UnityEngine.CoreModule.dll!Unity.Collections.LowLevel.Unsafe::UnsafeUtility.Malloc()";0.009899995;0.008499997;0.04790003;1172;1366;1446;15;22;3.07539994174294;0.01025133;0.009599997;0.0103;14749;49;49;98;300;1147;0.0001;0.0209;1147;1446;0.0105
"Unity.RenderPipelines.Universal.Runtime.dll!UnityEngine.Rendering.Universal::UniversalRenderPipeline.CheckPostProcessForDepth()";0.0098;0.0088;0.025;1199;1171;1446;12;12;3.14749998599291;0.01049167;0.0095;0.0102;301;1;1;2;300;1147;0.0088;0.0232;1171;1253;0.0097
"UnityEngine.UI.dll!UnityEngine.EventSystems::StandaloneInputModule.GetRawMoveVector()";0.0098;0.0092;0.014;1211;1426;1216;7;7;2.9312999797985;0.009903041;0.0096;0.0099;296;1;1;1;296;1147;0.0092;0.014;1426;1216;0.0102
"UberPostProcess";0.0098;0.0082;0.0224;1264;1277;1446;16;16;3.00279998313636;0.01000933;0.0094;0.0101;301;1;1;2;300;1147;0.0082;0.0214;1277;1369;0.0093
"mscorlib.dll!System.Reflection::FieldInfo.get_IsStatic()";0.0098;0.0098;0.0098;1446;1446;1446;20;20;0.00979999966511969;0.0098;0.0098;0.0098;24;24;24;24;1;1446;0.0002;0.0032;1446;1446;0
"UnityEngine.CoreModule.dll!UnityEngine::Object.SetName()";0.0098;0.0098;0.0098;1446;1446;1446;20;20;0.0098000000580214;0.0098;0.0098;0.0098;9;9;9;9;1;1446;0.0008;0.0019;1446;1446;0
"UnityEngine.CoreModule.dll!UnityEngine.Rendering::CommandBuffer.EndSample()";0.009799999;0.008699999;0.0233;1274;1181;1446;13;23;3.06049996748334;0.01020167;0.0095;0.0101;4816;16;16;32;300;1147;0.0002;0.0115;1156;1349;0.0094
"UnityEngine.CoreModule.dll!UnityEngine.Experimental.Rendering::GraphicsFormatUtility.GetGraphicsFormat()";0.009799998;0.008599999;0.0304;1150;1438;1446;14;19;3.09719995700289;0.010324;0.0094;0.0102;3612;12;12;24;300;1147;0.0002;0.0079;1218;1172;0.0147
"NavMeshComponents.dll!UnityEngine.AI::NavMeshSurface.UpdateActive()";0.0097;0.0085;0.0184;1296;1164;1219;4;4;3.00099998805672;0.01000333;0.0092;0.0103;300;1;1;1;300;1147;0.0085;0.0184;1164;1219;0.0107
"Unity.RenderPipelines.Universal.Runtime.dll!UnityEngine.Rendering.Universal::RenderingUtils.SupportsRenderTextureFormat()";0.0096;0.008699999;0.227;1231;1188;1446;13;16;3.19129998574499;0.01063767;0.009399999;0.01;1204;4;4;8;300;1147;0.0012;0.1895;1172;1446;0.0102
"Load needed cells";0.0096;0.0082;0.0196;1215;1193;1212;7;7;3.06319998763502;0.01021067;0.0089;0.0109;300;1;1;1;300;1147;0.0082;0.0196;1193;1212;0.0119
"Unity.RenderPipelines.Universal.Runtime.dll!UnityEngine.Rendering.Universal::UniversalRenderPipelineAsset.GetRenderer()";0.0096;0.0088;0.0248;1270;1377;1205;8;15;3.20329998654779;0.01067767;0.0093;0.0116;2106;7;7;13;300;1147;0.001;0.0152;1147;1334;0.009400001
"UnityEngine.CoreModule.dll!UnityEngine.Rendering::CommandBuffer.SetViewProjectionMatrices_Injected()";0.0096;0.0074;0.04299998;1332;1400;1446;12;21;3.12519992370653;0.01041733;0.009099999;0.0111;11501;39;32;113;300;1147;0.0001;0.0138;1147;1265;0.0124
"UnityEngine.CoreModule.dll!UnityEngine::GL.GetGPUProjectionMatrix()";0.0096;0.008699999;0.0533;1342;1238;1220;14;19;3.12079997477122;0.01040267;0.0094;0.0101;2107;7;7;14;300;1147;0.0009;0.0447;1158;1220;0.009699999
"UnityEditor.CoreModule.dll!UnityEditor::SceneView.get_sceneViews()";0.009599991;0.007899994;0.02799997;1217;1407;1446;19;19;2.95029992721538;0.009834333;0.009199992;0.009899991;33110;110;110;220;300;1147;0;0.004;1147;1173;0.009899991
"mscorlib.dll!System::RuntimeType.GetFields_native()";0.009500001;0.009500001;0.009500001;1446;1446;1446;22;22;0.00949999992735684;0.0095;0.009500001;0.009500001;3;3;3;3;1;1446;0.0015;0.0055;1446;1446;0
"UnityEngine.CoreModule.dll!UnityEngine.Rendering::SortingSettings..ctor()";0.0095;0.0085;0.0258;1170;1385;1446;19;20;2.99649998586392;0.009988333;0.0092;0.0098;1806;6;6;12;300;1147;0.0007;0.0175;1288;1324;0.009500001
"UnityEngine.CoreModule.dll!UnityEngine::UnitySynchronizationContext.ExecuteTasks()";0.0095;0.0081;0.0202;1346;1351;1162;3;3;2.9112999746576;0.009704333;0.0092;0.0099;300;1;1;1;300;1147;0.0081;0.0202;1351;1162;0.0099
"mscorlib.dll!System::Array.IndexOfImpl()";0.0095;0.0095;0.0095;1446;1446;1446;18;24;0.00949999992735684;0.0095;0.0095;0.0095;11;11;11;11;1;1446;0.0005;0.0016;1446;1446;0
"UnityEngine.CoreModule.dll!UnityEngine::Mesh.get_subMeshCount()";0.009499996;0.008299998;0.03079998;1190;1207;1446;20;26;2.94399992541003;0.009813333;0.009199996;0.009799996;12344;41;41;85;300;1147;0.0001;0.0192;1147;1302;0.009499997
"ScreenSpaceShadows";0.0094;0.0079;0.0203;1231;1335;1435;15;15;2.96519997995347;0.009884;0.009;0.0099;301;1;1;2;300;1147;0.0079;0.0203;1335;1435;0.0092
"Crest.dll!Crest::LodDataMgrSeaFloorDepth.Bind()";0.0094;0.008099999;0.1049;1239;1163;1446;9;10;3.07729998859577;0.01025767;0.0086;0.0104;615;2;2;11;300;1147;0.0027;0.0162;1169;1247;0.008400001
"mscorlib.dll!System::RuntimeType.IsSubclassOf()";0.0094;0.0078;0.0289;1285;1436;1200;12;25;3.00289999606321;0.01000967;0.0089;0.0101;1506;5;5;11;300;1147;0.0008;0.0173;1167;1152;0.0093
"Unity.RenderPipelines.Universal.Runtime.dll!UnityEngine.Rendering.Universal::UniversalRenderPipeline.GetLightAttenuationAndSpotDirection()";0.0094;0.0085;0.0465;1350;1152;1228;20;20;3.00659998363699;0.010022;0.0092;0.0097;602;2;2;4;300;1147;0.0003;0.046;1152;1228;0.0103
"UnityEngine.CoreModule.dll!UnityEngine.Profiling::Sampler.get_isValid()";0.0094;0.0087;0.03039998;1365;1159;1446;11;23;2.94939988368424;0.009831333;0.009199998;0.0097;9632;32;32;64;300;1147;0.0002;0.0071;1147;1246;0.0091
"Unity.RenderPipelines.Universal.Runtime.dll!::RenderBlocks.Dispose()";0.0093;0.0082;0.0256;1264;1217;1446;12;12;2.90519998781383;0.009684;0.0091;0.0095;301;1;1;2;300;1147;0.0082;0.0199;1217;1193;0.0096
"Unity.RenderPipelines.Universal.Runtime.dll!UnityEngine.Rendering.Universal::CameraData.GetViewMatrix()";0.009299999;0.0088;0.0331;1436;1418;1446;14;18;2.95809995685704;0.009860333;0.009199999;0.009500001;1204;4;4;8;300;1147;0.0019;0.0079;1320;1446;0.0096
"mscorlib.dll!Mono::RuntimeGPtrArrayHandle.get_Length()";0.009299996;0.009299996;0.009299996;1446;1446;1446;23;25;0.00929999970685458;0.0093;0.009299996;0.009299996;87;87;87;87;1;1446;0;0.0024;1446;1446;0
"UnityEngine.CoreModule.dll!UnityEngine.Rendering::AsyncGPUReadback.Request()";0.0092;0.0072;0.0262;1383;1169;1225;7;7;2.95649998262525;0.009855;0.0085;0.0098;300;1;1;1;300;1147;0.0072;0.0262;1169;1225;0.0098
"Assembly-CSharp-firstpass.dll!PixelCrushers::InputDeviceManager.IsKeyDown()";0.009199999;0.0084;0.0146;1190;1166;1418;6;6;2.80189999483991;0.009339667;0.009;0.0095;1200;4;4;4;300;1147;0.0015;0.0093;1282;1418;0.0093
"mscorlib.dll!System.Collections.Generic::Stack`1.get_Count()";0.009199992;0.008099994;0.02879998;1260;1314;1446;11;20;2.85199993030983;0.009506666;0.008899992;0.009499991;28896;96;96;192;300;1147;0;0.0108;1147;1306;0.009699992
"Unity.RenderPipelines.Universal.Runtime.dll!UnityEngine.Rendering.Universal::UniversalRenderPipeline.CheckAndApplyDebugSettings()";0.0091;0.0077;0.0227;1229;1224;1282;12;12;2.7844999814406;0.009281667;0.0086;0.0095;301;1;1;2;300;1147;0.0077;0.0227;1224;1282;0.0094
"Unity.RenderPipelines.Universal.Runtime.dll!UnityEngine.Rendering.Universal::UniversalRenderPipeline.MakeRenderTextureGraphicsFormat()";0.0091;0.0076;0.0259;1230;1430;1446;11;11;2.97979998961091;0.009932667;0.0087;0.0097;301;1;1;2;300;1147;0.0076;0.0243;1430;1300;0.0101
"UnityEngine.PhysicsModule.dll!UnityEngine::BoxCollider.set_center()";0.0091;0.0073;0.0197;1408;1204;1256;5;5;2.81819998472929;0.009394;0.0088;0.0095;300;1;1;1;300;1147;0.0073;0.0197;1204;1256;0.0102
"UnityEngine.CoreModule.dll!UnityEngine::Texture.GetTextureColorSpace()";0.009099999;0.009099999;0.009099999;1446;1446;1446;21;22;0.00909999978466658;0.009099999;0.009099999;0.009099999;16;16;16;16;1;1446;0.0001;0.0033;1446;1446;0
"mscorlib.dll!System::Type.op_Inequality()";0.009099992;0.006899996;0.05060014;1184;1337;1446;11;23;2.83729993101588;0.009457666;0.008699993;0.009499992;32640;110;96;296;300;1147;0;0.005;1147;1313;0.008499994
"UnityEngine.CoreModule.dll!UnityEngine::Mathf.GammaToLinearSpace()";0.008999997;0.007899996;0.02809999;1151;1390;1185;7;20;2.90029992752534;0.009667667;0.008599997;0.009399997;13837;46;46;83;300;1147;0;0.0143;1153;1185;0.009499997
"UnityEngine.CoreModule.dll!Unity.Collections::NativeArray`1.get_Length()";0.008999993;0.007699994;0.03019997;1234;1275;1446;6;20;2.80679993126978;0.009356;0.008699993;0.009399992;29788;99;99;187;300;1147;0;0.0041;1147;1446;0.009399992
"UnityEngine.CoreModule.dll!UnityEngine::Material.DisableKeyword()";0.0089;0.0079;0.0236;1162;1402;1300;16;18;2.83679995668354;0.009456;0.008599999;0.009299999;2408;8;8;16;300;1147;0.0003;0.0126;1181;1300;0.0083
"Unity.RenderPipelines.Universal.Runtime.dll!::BeautifyRenderPass.DoVignette()";0.0089;0.0079;0.0302;1177;1196;1446;18;18;2.82819997798651;0.009427333;0.0086;0.0092;301;1;1;2;300;1147;0.0079;0.0186;1196;1195;0.0089
"ParticleSystem.SizeOverLifetimeModule";0.0089;0.0075;0.07360001;1234;1326;1446;6;6;3.09329998311296;0.010311;0.0085;0.0113;684;2;2;24;300;1147;0.0001;0.015;1149;1408;0.009099999
"Assembly-CSharp.dll!UnityEngine.Rendering.LWRP::EnviroBlitPassVolumeClouds.SetReprojectionPixelSize()";0.0089;0.0089;0.0089;1446;1446;1446;17;17;0.00889999978244305;0.0089;0.0089;0.0089;1;1;1;1;1;1446;0.0089;0.0089;1446;1446;0
"UnityEngine.CoreModule.dll!UnityEngine::Mathf.Clamp01()";0.008899994;0.007999995;0.01639999;1200;1181;1446;6;20;2.73669993133808;0.009122333;0.008699994;0.009299992;28804;96;96;100;300;1147;0;0.0051;1147;1361;0.01299999
"UnityEngine.CoreModule.dll!UnityEngine.Rendering::CullingResults.GetShadowCasterBounds()";0.008800001;0.0076;0.039;1223;1298;1311;14;15;2.84569997727522;0.009485667;0.0085;0.0092;1204;4;4;8;300;1147;0.0003;0.0196;1149;1311;0.0097
"Assembly-CSharp.dll!::EnviroCore.UpdateAmbientLight()";0.0088;0.0075;0.0201;1267;1255;1155;5;5;2.71149998949841;0.009038333;0.0084;0.0092;300;1;1;1;300;1147;0.0075;0.0201;1255;1155;0.0095
"UnityEngine.CoreModule.dll!UnityEngine::Material.SetPass()";0.0088;0.0071;0.0216;1408;1147;1446;18;18;2.80379998148419;0.009346;0.0085;0.0092;602;2;2;4;300;1147;0.0023;0.0168;1147;1269;0.0089
"UnityEngine.CoreModule.dll!UnityEngine.Rendering::CommandBuffer.SetComputeTextureParam()";0.008799999;0.007799999;0.0439;1348;1319;1446;10;13;2.80009991300176;0.009333666;0.008599999;0.0091;6375;21;21;66;300;1147;0.0003;0.0113;1147;1404;0.008399999
"UnityEngine.CoreModule.dll!UnityEngine.Rendering::CommandBuffer.SetRenderTargetColorDepth_Internal()";0.008799999;0.0052;0.0553;1376;1157;1446;10;22;2.65879995856085;0.008862667;0.0085;0.009099999;4900;17;10;90;300;1147;0.0003;0.0063;1147;1342;0.0103
"Unity.InputSystem.dll!UnityEngine.InputSystem::InputManager.ShouldRunUpdate()";0.0087;0.006;0.2812;1189;1295;1446;5;5;2.96839999454096;0.009894666;0.0074;0.0102;1050;3;3;19;300;1147;0.0012;0.2149;1277;1446;0.0096
"UnityEngine.PhysicsModule.dll!UnityEngine::BoxCollider.set_center_Injected()";0.0087;0.0068;0.0193;1211;1204;1256;6;6;2.68249998474494;0.008941666;0.0084;0.0091;300;1;1;1;300;1147;0.0068;0.0193;1204;1256;0.0098
"Unity.RenderPipelines.Core.Runtime.dll!UnityEngine.Rendering::ColorUtils.PrepareShadowsMidtonesHighlights()";0.0087;0.0081;0.0239;1255;1279;1446;18;18;2.77879997901618;0.009262667;0.0085;0.0089;301;1;1;2;300;1147;0.0081;0.0187;1279;1362;0.009
"UnityEngine.IMGUIModule.dll!UnityEngine::GUIUtility.SetSkin()";0.0087;0.0066;0.018;1258;1200;1168;2;2;2.85829998552799;0.009527666;0.0082;0.0095;300;1;1;1;300;1147;0.0066;0.018;1200;1168;0.0083
"Unity.RenderPipelines.Universal.Runtime.dll!UnityEngine.Rendering.Universal::CameraExtensions.GetUniversalAdditionalCameraData()";0.0087;0.0075;0.0225;1267;1295;1269;7;14;2.75729998294264;0.009191;0.0084;0.0092;601;2;2;3;300;1147;0.002;0.0204;1152;1269;0.014
"Unity.RenderPipelines.Universal.Runtime.dll!UnityEngine.Rendering.Universal::RenderTargetHandle.op_Equality()";0.0087;0.008099999;0.0335;1274;1156;1446;14;20;2.67679998272797;0.008922666;0.0085;0.008900001;2408;8;8;16;300;1147;0.0008;0.0066;1149;1446;0.008599999
"UnityEngine.UIElementsModule.dll!UnityEngine.UIElements::Panel.GetUpdater()";0.0087;0.0064;0.0272;1284;1415;1200;6;6;2.78009998041671;0.009267;0.008;0.0096;2107;7;7;14;300;1147;0.0006;0.0203;1172;1200;0.009500001
"Unity.RenderPipelines.Universal.Runtime.dll!UnityEngine.Rendering.Universal::PostProcessUtils.ConfigureDithering()";0.0086;0.0072;0.0281;1198;1182;1446;21;21;2.70079998299479;0.009002667;0.0083;0.0089;301;1;1;2;300;1147;0.0072;0.0193;1182;1408;0.0093
"UnityEngine.CoreModule.dll!UnityEngine.Rendering::CommandBuffer.EnableShaderKeyword()";0.0086;0.0075;0.0277;1228;1431;1167;17;20;2.82009997879504;0.009400333;0.0083;0.009;2408;8;8;16;300;1147;0.0003;0.0148;1225;1167;0.0277
"UnityEngine.CoreModule.dll!UnityEngine::Vector3.op_Multiply()";0.0086;0.007900001;0.02119999;1410;1279;1446;5;17;2.76759990469145;0.009225333;0.0084;0.009000001;9002;30;30;32;300;1147;0.0002;0.0071;1147;1190;0.0086
"UnityEngine.CoreModule.dll!UnityEngine::Color.get_black()";0.008599999;0.007799999;0.02269999;1274;1158;1446;15;19;2.64239990311034;0.008808;0.0084;0.008799999;7826;26;26;52;300;1147;0.0002;0.0043;1147;1323;0.0088
"UnityEngine.CoreModule.dll!UnityEngine::Mathf.Max()";0.008599995;0.007099996;0.02429999;1256;1415;1446;6;21;2.692999935236;0.008976666;0.008299996;0.008999993;27263;90;84;123;300;1147;0;0.0076;1147;1308;0.009399993
"mscorlib.dll!System.Reflection::FieldInfo.GetPseudoCustomAttributes()";0.0085;0.0085;0.0085;1446;1446;1446;23;23;0.00849999999627471;0.0085;0.0085;0.0085;3;3;3;3;1;1446;0.002;0.0039;1446;1446;0
"mscorlib.dll!System::Enum.GetTypeCode()";0.0085;0.0085;0.0085;1446;1446;1446;22;22;0.00849999999627471;0.0085;0.0085;0.0085;3;3;3;3;1;1446;0.0027;0.003;1446;1446;0
"Director.HouseKeeping";0.0085;0.008;0.009;1275;1308;1220;4;4;0.118899999186397;0.008492857;0.0083;0.0086;14;1;1;1;14;1151;0.008;0.009;1308;1220;0
"Assembly-CSharp.dll!::EnviroCore.CreateSystemDate()";0.0085;0.0076;0.0192;1292;1178;1225;6;6;2.70179998222739;0.009006;0.0083;0.0088;300;1;1;1;300;1147;0.0076;0.0192;1178;1225;0.009
"Unity.RenderPipelines.Core.Runtime.dll!UnityEngine.Rendering::TextureCurve.GetTexture()";0.0085;0.007999999;1.1289;1369;1239;1446;18;18;3.76440002489835;0.012548;0.0083;0.0087;2408;8;8;16;300;1147;0.0008;0.1946;1150;1446;0.0085
"UnityEngine.UI.dll!UnityEngine.EventSystems::EventSystem.TickModules()";0.0085;0.0067;0.333;1376;1445;1443;5;5;2.94929998274893;0.009831;0.0083;0.0089;300;1;1;1;300;1147;0.0067;0.333;1445;1443;0.0095
"ApplyPass.PrepareKeywords";0.008499999;0.006899999;0.01969999;1346;1173;1297;5;20;2.62849996115983;0.008761667;0.008099998;0.009;9028;30;30;58;300;1147;0;0.0116;1156;1297;0.008599999
"mscorlib.dll!System::RuntimeType.get_ContainsGenericParameters()";0.008400001;0.0071;0.0424;1363;1408;1446;9;23;2.75719999987632;0.009190666;0.007999999;0.009;610;2;2;12;300;1147;0.0018;0.0189;1446;1211;0.0093
"Unity.RenderPipelines.Core.Runtime.dll!UnityEngine.Rendering::Volume.Update()";0.0084;0.0072;0.0182;1235;1440;1192;4;4;2.63049998949282;0.008768333;0.0081;0.0088;600;2;2;2;300;1147;0.0018;0.0162;1213;1151;0.0086
"UnityEngine.CoreModule.dll!UnityEngine.Events::UnityEvent.AddListener()";0.0084;0.0072;0.019;1366;1237;1285;6;11;2.61279999301769;0.008709333;0.008099999;0.0088;600;2;2;2;300;1147;0.0017;0.0169;1220;1285;0.009
"UnityEngine.CoreModule.dll!UnityEngine::Matrix4x4.Ortho()";0.0084;0.0076;0.0188;1374;1277;1446;8;18;2.61239997355733;0.008708;0.008199999;0.008699999;2401;8;8;9;300;1147;0.0007;0.0118;1432;1209;0.0114
"Animator.ProcessGraph";0.0084;0.0064;0.0213;1408;1328;1265;7;7;2.83289998583496;0.009443;0.0076;0.0098;300;1;1;1;300;1147;0.0064;0.0213;1328;1265;0.0135
"Assembly-CSharp.dll!UnityEngine.Rendering.LWRP::EnviroBlitPassVolumeClouds.CalculateFrames()";0.0084;0.0084;0.0084;1446;1446;1446;18;18;0.00839999970048666;0.0084;0.0084;0.0084;1;1;1;1;1;1446;0.0084;0.0084;1446;1446;0
"Unity.InputSystem.dll!UnityEngine.InputSystem.LowLevel::InputEventBuffer.AdvanceToNextEvent()";0.008300001;0.0004;0.0143;1211;1180;1214;8;8;0.653900001037982;0.007031183;0.0043;0.0096;347;4;1;7;93;1153;0.0002;0.0048;1190;1398;0.0042
"AwesomeTechnologies.VegetationStudioPro.Runtime.dll!AwesomeTechnologies.VegetationSystem::VegetationStudioCamera.ProcessEvents()";0.0083;0.0052;0.0213;1229;1389;1446;6;6;2.48619998525828;0.008287333;0.0061;0.0092;300;1;1;1;300;1147;0.0052;0.0213;1389;1446;0.0194
"Unity.RenderPipelines.Universal.Runtime.dll!UnityEngine.Rendering.Universal::LightExtensions.GetUniversalAdditionalLightData()";0.0083;0.006899999;0.0198;1266;1269;1446;19;19;2.64659997541457;0.008822;0.0079;0.0087;602;2;2;4;300;1147;0.0021;0.0156;1147;1207;0.0085
"UnityEngine.IMGUIModule.dll!UnityEngine::GUILayoutEntry.ApplyStyleSettings()";0.0082;0.007199999;0.0177;1344;1216;1213;9;11;2.57969999755733;0.008599;0.008;0.0085;1802;6;6;8;300;1147;0.0008;0.0121;1172;1213;0.0082
"mscorlib.dll!System::MonoCustomAttrs.GetCustomAttributesInternal()";0.0082;0.0082;0.0082;1446;1446;1446;22;22;0.00819999980740249;0.0082;0.0082;0.0082;3;3;3;3;1;1446;0.0011;0.0053;1446;1446;0
"mscorlib.dll!System.Collections.Generic::GenericEqualityComparer`1.Equals()";0.008199999;0.007;0.1702;1334;1200;1446;8;19;2.69629992585396;0.008987666;0.0079;0.008899999;8455;27;24;44;300;1147;0.0002;0.013;1147;1446;0.008800001
"mscorlib.dll!System.Reflection::FieldInfo.op_Equality()";0.008199996;0.008199996;0.008199996;1446;1446;1446;23;23;0.00819999978557462;0.0082;0.008199996;0.008199996;84;84;84;84;1;1446;0;0.0003;1446;1446;0
"FrameEvents.NewInputBeforeRenderUpdate";0.0081;0.0064;0.234;1159;1415;1446;2;2;2.79789999686182;0.009326333;0.0076;0.0085;301;1;1;2;300;1147;0.0064;0.2222;1415;1446;0.0083
"Unity.InputSystem.dll!UnityEngine.InputSystem.Utilities::DelegateHelpers.InvokeCallbacksSafe()";0.0081;0.0068;0.0137;1196;1401;1280;6;11;2.48999997558712;0.0083;0.0076;0.008600001;1293;4;4;5;300;1147;0.0002;0.012;1147;1280;0.009300001
"Profiler.FlushCountersWithFlushOnEndOfFrame";0.0081;0.0069;0.0184;1305;1243;1446;2;2;2.62639998830855;0.008754667;0.0079;0.0086;300;1;1;1;300;1147;0.0069;0.0184;1243;1446;0.0075
"UnityEngine.CoreModule.dll!UnityEngine.Rendering::CullingResults.GetLightIndexMap()";0.0081;0.0074;0.0238;1329;1152;1446;19;19;2.65839998330921;0.008861333;0.0079;0.0084;301;1;1;2;300;1147;0.0074;0.0221;1152;1188;0.0089
"UnityEngine.CoreModule.dll!UnityEngine::SystemInfo.GetGraphicsDeviceType()";0.008099997;0.007299996;0.02239999;1171;1317;1446;9;22;2.49229994213238;0.008307667;0.007799997;0.008299998;12641;42;42;83;300;1147;0.0001;0.0066;1147;1274;0.008299996
"Unity.RenderPipelines.Universal.Runtime.dll!UnityEngine.Rendering.Universal::ScriptableRenderPass.get_useNativeRenderPass()";0.008099995;0.006599997;0.02449998;1206;1277;1446;14;19;2.64829994012689;0.008827667;0.007599998;0.009799995;26488;88;88;176;300;1147;0;0.0073;1147;1362;0.008499996
"UnityEngine.CoreModule.dll!Unity.Collections.LowLevel.Unsafe::UnsafeUtility.IsValidNativeContainerElementType()";0.008099995;0.006899996;0.01879999;1240;1251;1446;8;24;2.56259995234723;0.008541999;0.007799994;0.008499994;19043;63;63;113;300;1147;0;0.0112;1147;1230;0.008699994
"UnityEngine.CoreModule.dll!UnityEngine::GL.Vertex3()";0.008;0.0055;0.0166;1200;1161;1372;18;18;2.47849992934061;0.008261667;0.0076;0.0084;9632;32;32;64;300;1147;0.0001;0.0058;1147;1424;0.008
"UnityEditor.CoreModule.dll!UnityEditor::EditorGUIUtility.SkinChanged()";0.008;0.007199999;0.0166;1280;1354;1219;5;8;2.48919996945187;0.008297333;0.0078;0.008299999;2100;7;7;7;300;1147;0.0006;0.0106;1147;1219;0.008
"UnityEngine.CoreModule.dll!UnityEngine.Experimental.Rendering::BuiltinRuntimeReflectionSystem.TickRealtimeProbes()";0.008;0.0049;0.0211;1331;1293;1276;3;3;2.39389998605475;0.007979667;0.0064;0.0092;300;1;1;1;300;1147;0.0049;0.0211;1293;1276;0.0105
"UnityEngine.CoreModule.dll!UnityEngine::RenderTexture.ReleaseTemporary()";0.008;0.0073;0.0416;1359;1397;1402;16;17;2.63939996781119;0.008797999;0.0078;0.0085;3913;13;13;26;300;1147;0.0002;0.0348;1148;1402;0.0076
"mscorlib.dll!System.Text::ValueStringBuilder.ToString()";0.008;0.0067;0.019;1433;1255;1378;7;7;2.54079998796806;0.008469333;0.0076;0.0085;300;1;1;1;300;1147;0.0067;0.019;1255;1378;0.0088
"Unity.RenderPipelines.Universal.Runtime.dll!UnityEngine.Rendering.Universal::ScriptableRenderer.get_DebugHandler()";0.007999995;0.006899996;0.02309998;1427;1327;1446;12;21;2.50869993923698;0.008362333;0.007799994;0.008299994;26789;89;89;178;300;1147;0;0.0125;1147;1263;0.008599994
"UnityEngine.CoreModule.dll!UnityEngine.Rendering::CommandBuffer.Internal_DrawProcedural_Injected()";0.007900001;0.0068;0.0187;1296;1188;1177;14;15;2.59309993854549;0.008643666;0.0076;0.0087;9600;32;32;32;300;1147;0.0001;0.0113;1147;1176;0.0075
"SamplePerObjectReflectionProbes";0.007900001;0.007;0.01479999;1389;1306;1446;19;20;2.42449993475748;0.008081666;0.0077;0.008100001;9631;32;32;63;300;1147;0.0001;0.0059;1147;1204;0.008
"UnityEditor.CoreModule.dll!UnityEditor::Handles.ShouldRenderGizmos()";0.007900001;0.0071;0.0223;1401;1182;1446;12;13;2.50049999938346;0.008335;0.0077;0.0083;903;3;3;6;300;1147;0.0019;0.0148;1155;1351;0.0084
"Render Lux Grass Displacement FX";0.0079;0.0063;0.0227;1206;1397;1204;15;15;2.52549999346957;0.008418334;0.0073;0.0091;301;1;1;2;300;1147;0.0063;0.0227;1397;1204;0.0069
"UnityEngine.CoreModule.dll!UnityEngine.Assertions::Assert.IsNotNull()";0.0079;0.0064;0.031;1355;1394;1294;12;13;2.59289999282919;0.008643;0.0076;0.008400001;602;2;2;4;300;1147;0.003;0.0157;1394;1294;0.0083
"UnityEngine.CoreModule.dll!UnityEngine::Renderer.Internal_SetPropertyBlock()";0.0079;0.007100001;0.0121;1412;1341;1420;19;19;2.40119992378459;0.008003999;0.0077;0.0082;9000;30;30;30;300;1147;0.0002;0.0057;1147;1420;0.009000001
"Unity.RenderPipelines.Universal.Runtime.dll!UnityEngine.Rendering.Universal::UniversalRenderer.RequiresIntermediateColorTexture()";0.0079;0.0075;0.0218;1422;1202;1446;12;12;2.48539998615161;0.008284667;0.0078;0.0081;301;1;1;2;300;1147;0.0075;0.0163;1202;1291;0.0081
"UnityEngine.CoreModule.dll!Unity.Jobs::JobHandle.CombineDependencies()";0.0079;0.0068;0.014;1427;1326;1301;6;8;2.49139996839222;0.008304667;0.0075;0.008699999;1200;4;4;4;300;1147;0.001;0.0093;1279;1301;0.0106
"Unity.RenderPipelines.Core.Runtime.dll!UnityEngine.Rendering::ColorUtils.PrepareLiftGammaGain()";0.0079;0.0074;0.0195;1441;1184;1446;18;18;2.57699997536838;0.00859;0.0078;0.0083;301;1;1;2;300;1147;0.0074;0.018;1184;1334;0.0085
"mscorlib.dll!System.Collections.Generic::List`1.AddWithResize()";0.0078;0.0078;0.0078;1446;1446;1446;20;22;0.00780000002123415;0.0078;0.0078;0.0078;4;4;4;4;1;1446;0.0018;0.0021;1446;1446;0
"Mirror.dll!Mirror::NetworkLoop.NetworkEarlyUpdate()";0.0078;0.0067;0.0229;1206;1255;1406;3;3;2.42559999506921;0.008085334;0.0074;0.0082;300;1;1;1;300;1147;0.0067;0.0229;1255;1406;0.0082
"UnityEngine.CoreModule.dll!UnityEngine.Events::UnityEventBase.RemoveAllListeners()";0.0078;0.0067;0.0174;1257;1377;1370;6;11;2.43319998937659;0.008110667;0.0073;0.0083;600;2;2;2;300;1147;0.0018;0.0155;1265;1370;0.0082
"PostUpdateScreenManagerAndInput";0.0078;0.0042;0.0134;1411;1420;1385;2;2;2.33589998167008;0.007786333;0.0068;0.0086;300;1;1;1;300;1147;0.0042;0.0134;1420;1385;0.0094
"UnityEngine.CoreModule.dll!UnityEngine::Texture2D.ValidateFormat()";0.0078;0.0078;0.0078;1446;1446;1446;21;21;0.00779999990481883;0.0078;0.0078;0.0078;8;8;8;8;1;1446;0.0008;0.0018;1446;1446;0
"UnityEngine.CoreModule.dll!UnityEngine::Camera.set_backgroundColor_Injected()";0.007799999;0.0071;0.0184;1205;1332;1446;20;20;2.39469992354134;0.007982333;0.007599999;0.007999999;6622;22;22;44;300;1147;0.0001;0.0057;1399;1299;0.0079
"UnityEngine.CoreModule.dll!UnityEngine::ComputeShader.SetVector()";0.007799999;0.006700001;0.0243;1208;1314;1409;9;10;2.66569999160129;0.008885667;0.007499999;0.0083;2400;8;8;8;300;1147;0.0004;0.0146;1147;1179;0.0077
"PostLateUpdate.ParticleSystemEndUpdateAll";0.0077;0.0057;0.0185;1163;1254;1418;2;2;2.41399998962879;0.008046667;0.0069;0.0082;300;1;1;1;300;1147;0.0057;0.0185;1254;1418;0.0078
"Crest.dll!Crest::QueryBase.CalculateVelocities()";0.0077;0.0069;0.0172;1247;1210;1311;7;7;2.39309999439865;0.007977;0.0074;0.008;300;1;1;1;300;1147;0.0069;0.0172;1210;1311;0.0075
"AwesomeTechnologies.VegetationStudioPro.Runtime.dll!AwesomeTechnologies.VegetationSystem::VegetationSystemPro.UpdateFloatingOrigin()";0.0077;0.0068;0.0198;1423;1269;1354;5;5;2.45819999277592;0.008194;0.0075;0.008;300;1;1;1;300;1147;0.0068;0.0198;1269;1354;0.0084
"UnityEngine.CoreModule.dll!UnityEngine::Material.SetVectorArray()";0.007699999;0.0069;0.0333;1337;1230;1446;15;16;2.41589997641859;0.008053;0.007499999;0.007999999;2408;8;8;16;300;1147;0.0004;0.014;1147;1365;0.007799999
"UnityEngine.CoreModule.dll!UnityEngine::Camera.get_clearFlags()";0.007699999;0.006799999;0.02229999;1354;1378;1446;5;19;2.37079991937935;0.007902666;0.0074;0.0079;7047;23;23;46;300;1147;0.0001;0.0074;1155;1281;0.0107
"mscorlib.dll!System::Array.ClearInternal()";0.0076;0.0064;0.022;1211;1425;1157;5;18;2.38649994953448;0.007955;0.007199999;0.008099999;5404;18;18;22;300;1147;0;0.015;1288;1157;0.007699999
"Unity.RenderPipelines.Universal.Runtime.dll!UnityEngine.Rendering.Universal::UniversalRenderPipelineAsset.ValidateRendererData()";0.0076;0.0069;0.027;1252;1342;1446;8;15;2.51129999797558;0.008371;0.0074;0.0079;2106;7;7;13;300;1147;0.0008;0.0178;1153;1172;0.0077
"Assembly-CSharp.dll!::EnviroVegetationInstance.CalculateScale()";0.0076;0.0062;0.0194;1316;1439;1161;7;7;0.150500000454485;0.008361111;0.0067;0.0082;18;1;1;1;18;1161;0.0062;0.0194;1439;1161;0
"NavMeshComponents.dll!UnityEngine.AI::NavMeshSurface.UpdateDataIfTransformChanged()";0.0076;0.0066;0.014;1330;1394;1194;5;5;2.3423999841325;0.007808;0.0073;0.008;300;1;1;1;300;1147;0.0066;0.014;1394;1194;0.0085
"mscorlib.dll!System::MonoCustomAttrs.IsUserCattrProvider()";0.0076;0.0076;0.0076;1446;1446;1446;22;22;0.00760000001173466;0.0076;0.0076;0.0076;3;3;3;3;1;1446;0.0017;0.0036;1446;1446;0
"Assembly-CSharp.dll!::EnviroSkyMgr.get_ambientAudioVolume()";0.0076;0.0068;0.039;1234;1147;1299;5;5;2.56169999134727;0.008539;0.0073;0.0099;1800;6;6;6;300;1147;0.001;0.0323;1147;1299;0.0113
"UnityEngine.CoreModule.dll!UnityEngine::Material.SetInt()";0.0076;0.0065;0.0217;1285;1253;1183;7;19;2.46559998617158;0.008218667;0.0073;0.008;2701;9;9;10;300;1147;0.0004;0.0153;1154;1183;0.007900001
"UnityEngine.CoreModule.dll!UnityEngine.Rendering::CommandBuffer.SetGlobalInt()";0.007599998;0.005999999;0.02729998;1402;1400;1446;9;18;2.3557999444165;0.007852666;0.007199999;0.007999999;13891;47;40;111;300;1147;0.0001;0.0088;1147;1196;0.007999998
"Assembly-CSharp.dll!UnityEngine.Rendering.LWRP::EnviroBlitPassShafts.Configure()";0.0075;0.0069;0.0264;1257;1236;1446;17;17;2.45139998965897;0.008171333;0.0073;0.0079;602;2;2;4;300;1147;0.0033;0.0099;1393;1446;0.0075
"mscorlib.dll!System::RuntimeTypeHandle.GetElementType()";0.0075;0.0062;0.0185;1266;1247;1413;9;24;2.34999997352861;0.007833334;0.0071;0.008;3006;10;10;16;300;1147;0.0001;0.0138;1150;1432;0.0076
"UnityEngine.CoreModule.dll!UnityEngine.Rendering::CullingResults.ComputeDirectionalShadowMatricesAndCullingPrimitives_Injected()";0.0075;0.0068;0.0166;1413;1331;1446;17;17;2.32670000125654;0.007755667;0.0073;0.0077;1204;4;4;8;300;1147;0.0009;0.0129;1158;1348;0.0075
"UnityEngine.CoreModule.dll!UnityEngine::GameObject.GetComponent()";0.0075;0.0062;0.0138;1438;1174;1232;6;6;2.3043999876827;0.007681333;0.0071;0.0081;600;2;2;2;300;1147;0.0026;0.0088;1440;1232;0.0082
"Unity.RenderPipelines.Universal.Runtime.dll!UnityEngine.Rendering.Universal::UniversalRenderPipelineAsset.get_terrainDetailGrassBillboardShader()";0.0075;0.0075;0.0075;1446;1446;1446;14;14;0.00750000006519258;0.0075;0.0075;0.0075;2;2;2;2;1;1446;0.0026;0.0049;1446;1446;0
"UnityEngine.CoreModule.dll!UnityEngine::Material.set_mainTexture()";0.0075;0.006;0.0189;1188;1344;1282;6;6;2.30919999442995;0.007697333;0.007;0.0081;300;1;1;1;300;1147;0.006;0.0189;1344;1282;0.0095
"Unity.RenderPipelines.Universal.Runtime.dll!UnityEngine.Rendering.Universal.Internal::CopyColorPass.OnCameraSetup()";0.0075;0.007;0.0242;1236;1393;1446;14;14;2.38399999169633;0.007946666;0.0074;0.0077;301;1;1;2;300;1147;0.007;0.0168;1393;1446;0.0081
"EarlyUpdate.PhysicsResetInterpolatedTransformPosition";0.0075;0.0064;0.018;1292;1433;1260;2;2;2.3193999840878;0.007731333;0.0072;0.008;300;1;1;1;300;1147;0.0064;0.018;1433;1260;0.0073
"Unity.RenderPipelines.Universal.Runtime.dll!::BeautifyRenderPass.FullScreenBlitToCamera()";0.0075;0.0071;0.0297;1337;1278;1446;18;18;2.40439999569207;0.008014667;0.0074;0.0077;301;1;1;2;300;1147;0.0071;0.0166;1278;1446;0.0075
"UnityEngine.CoreModule.dll!UnityEngine::Camera.get_cameraToWorldMatrix()";0.0075;0.0068;0.0194;1433;1292;1446;16;18;2.34689998929389;0.007823;0.0073;0.0078;1204;4;4;8;300;1147;0.0012;0.0076;1149;1211;0.0079
"mscorlib.dll!System.Collections.Generic::ArraySortHelper`1.BinarySearch()";0.0075;0.0075;0.0075;1446;1446;1446;22;22;0.00749999983236194;0.0075;0.0075;0.0075;3;3;3;3;1;1446;0.0019;0.0028;1446;1446;0
"UnityEngine.CoreModule.dll!UnityEngine::Mathf.Repeat()";0.007499999;0.006899999;0.0176;1228;1163;1167;6;8;2.3139000023366;0.007713;0.007299999;0.007699999;4500;15;15;15;300;1147;0.0004;0.0104;1147;1167;0.0176
"UnityEngine.CoreModule.dll!UnityEngine::Application.get_isPlaying()";0.007499998;0.006599998;0.0168;1280;1276;1446;4;18;2.2996999378156;0.007665666;0.007199998;0.007799997;11405;38;38;43;300;1147;0.0001;0.0069;1147;1323;0.007699997
"UnityEngine.CoreModule.dll!UnityEngine.Experimental.Rendering::BuiltinRuntimeReflectionSystem.BuiltinUpdate()";0.0074;0.0044;0.0205;1220;1293;1276;4;4;2.1965999850072;0.007322;0.0057;0.0085;300;1;1;1;300;1147;0.0044;0.0205;1293;1276;0.0097
"UnityEngine.CoreModule.dll!UnityEngine::Screen.get_orientation()";0.0074;0.0064;0.0175;1309;1267;1344;5;5;2.28649999340996;0.007621666;0.0072;0.0077;300;1;1;1;300;1147;0.0064;0.0175;1267;1344;0.0072
"Unity.InputSystem.dll!UnityEngine.InputSystem::InputManager.TryGetDeviceById()";0.007300001;0.003;0.0185;1276;1296;1156;7;7;0.626599996350706;0.006737635;0.0053;0.007999999;347;4;1;7;93;1153;0.001;0.0149;1153;1156;0.0054
"UnityEngine.CoreModule.dll!UnityEngine::RenderTexture.GetDescriptor()";0.0073;0.006799999;0.0203;1190;1292;1446;18;18;2.25110002345173;0.007503667;0.0072;0.0074;2107;7;7;14;300;1147;0.0008;0.0076;1164;1166;0.0072
"CopyDepth";0.0073;0.0059;0.0178;1192;1272;1281;15;15;2.30319999111816;0.007677333;0.0069;0.0077;301;1;1;2;300;1147;0.0059;0.0178;1272;1281;0.0074
"Unity.RenderPipelines.Universal.Runtime.dll!UnityEngine.Rendering.Universal::CameraExtensions.GetVolumeLayerMaskAndTrigger()";0.0073;0.0061;0.0253;1200;1394;1371;10;10;2.4417999824509;0.008139334;0.007;0.0078;301;1;1;2;300;1147;0.0061;0.0253;1394;1371;0.0073
"Boxophobic.TheVegetationEngine.Runtime.dll!TheVegetationEngine::TVEManager.Update()";0.0073;0.0061;0.0177;1348;1340;1262;4;4;2.31339999334887;0.007711333;0.0069;0.0079;300;1;1;1;300;1147;0.0061;0.0177;1340;1262;0.0077
"Animators.WriteProperties";0.0073;0.0058;0.0159;1355;1387;1318;5;5;2.26259998604655;0.007542;0.007;0.008;300;1;1;1;300;1147;0.0058;0.0159;1387;1318;0.0072
"ParticleSystem.EndUpdateAll";0.0073;0.0055;0.0183;1426;1254;1418;3;3;2.32149999076501;0.007738333;0.0067;0.0079;300;1;1;1;300;1147;0.0055;0.0183;1254;1418;0.0075
"UnityEngine.CoreModule.dll!Unity.Collections.LowLevel.Unsafe::AtomicSafetyHandle.CheckWriteAndThrowNoEarlyOut()";0.0073;0.006199999;0.0167;1221;1211;1291;9;11;2.3659999773663;0.007886667;0.006999999;0.0079;2400;8;8;8;300;1147;0.0003;0.0123;1171;1291;0.0071
"mscorlib.dll!System::Enum.GetUnderlyingType()";0.0073;0.0073;0.0073;1446;1446;1446;23;23;0.00729999970644712;0.0073;0.0073;0.0073;3;3;3;3;1;1446;0.0024;0.0025;1446;1446;0
"UnityEngine.CoreModule.dll!UnityEngine.Experimental.Rendering::GraphicsFormatUtility.GetDepthStencilFormatFromBitsLegacy_Native()";0.007299999;0.0064;0.02299999;1178;1388;1333;14;24;2.28809994088806;0.007627;0.007000001;0.0075;12345;41;41;86;300;1147;0;0.0112;1171;1349;0.007699999
"UnityEngine.CoreModule.dll!UnityEngine::Camera.get_cameraType()";0.007299999;0.006599999;0.0178;1238;1158;1236;7;20;2.27299995342037;0.007576666;0.007099999;0.0075;7825;26;26;51;300;1147;0.0001;0.0114;1147;1236;0.0073
"Crest.dll!Crest::OceanChunkRenderer.set_MaterialOverridden()";0.007299995;0.006199997;0.03250001;1367;1227;1180;7;7;2.29859994415165;0.007662;0.006999996;0.007599995;26400;88;88;88;300;1147;0;0.0257;1147;1180;0.007299995
"Crest.dll!Crest::PropertyWrapperMaterial.SetInt()";0.0072;0.0064;0.0215;1265;1284;1183;10;10;2.3254999872297;0.007751666;0.0069;0.0075;2100;7;7;7;300;1147;0.0007;0.016;1154;1183;0.0075
"Unity.InputSystem.dll!UnityEngine.InputSystem::InputActionState.ApplyProcessors()";0.0072;0.0065;0.018;1281;1243;1277;8;8;2.28769995609764;0.007625666;0.006999999;0.007499999;2700;9;9;9;300;1147;0.0005;0.0124;1147;1287;0.0073
"Unity.RenderPipelines.Universal.Runtime.dll!UnityEngine.Rendering.Universal::ScreenSpaceAmbientOcclusion.AddRenderPasses()";0.0072;0.0062;0.0179;1320;1412;1446;14;14;2.25389998685569;0.007513;0.0069;0.0075;301;1;1;2;300;1147;0.0062;0.0168;1412;1199;0.0074
"NavMeshComponents.dll!UnityEngine.AI::NavMeshSurface.HasTransformChanged()";0.0072;0.0062;0.0136;1367;1394;1194;6;6;2.22379999188706;0.007412666;0.0069;0.0076;300;1;1;1;300;1147;0.0062;0.0136;1394;1194;0.0081
"Crest.dll!Crest::PropertyWrapperMPB.get_materialPropertyBlock()";0.007199995;0.005799998;0.01579999;1175;1375;1446;18;19;2.2033999452542;0.007344666;0.006899996;0.007499995;27000;90;90;90;300;1147;0;0.0057;1147;1344;0.007599995
"UnityEngine.CoreModule.dll!UnityEngine::Matrix4x4.SetRow()";0.0071;0.0065;0.0213;1164;1393;1446;18;18;2.16319997876417;0.007210667;0.0069;0.0072;1204;4;4;8;300;1147;0.0014;0.0057;1269;1199;0.0076
"AwesomeTechnologies.VegetationStudioPro.Runtime.dll!AwesomeTechnologies.VegetationSystem::VegetationSystemPro.RenderInstancedVegetation()";0.0071;0.0066;0.0222;1181;1168;1446;5;5;2.26209998317063;0.007540333;0.0069;0.0073;300;1;1;1;300;1147;0.0066;0.0222;1168;1446;0.0067
"UnityEngine.CoreModule.dll!UnityEngine.Events::InvokableCallList.Clear()";0.0071;0.0061;0.0168;1250;1278;1370;7;12;2.21979999123141;0.007399333;0.0067;0.0075;600;2;2;2;300;1147;0.0016;0.0151;1267;1370;0.0075
"Unity.RenderPipelines.Core.Runtime.dll!UnityEngine.Rendering::VolumeManager.IsVolumeRenderedByCamera()";0.0071;0.0061;0.0177;1422;1394;1446;12;12;2.25769998575561;0.007525667;0.0069;0.0074;602;2;2;4;300;1147;0.003;0.0135;1207;1229;0.0068
"Render";0.0071;0.006;0.02;1436;1334;1361;8;8;2.31559998635203;0.007718666;0.0069;0.0075;300;1;1;1;300;1147;0.006;0.02;1334;1361;0.0075
"UnityEngine.CoreModule.dll!UnityEngine::Mesh.get_canAccess()";0.0071;0.0071;0.0071;1446;1446;1446;20;27;0.00709999996615807;0.0071;0.0071;0.0071;8;8;8;8;1;1446;0.0001;0.0052;1446;1446;0
"UnityEngine.CoreModule.dll!UnityEngine.Rendering::CommandBuffer.Blit()";0.007;0.0061;0.0189;1218;1222;1330;18;19;2.24429999548011;0.007481;0.0067;0.0073;602;2;2;4;300;1147;0.0026;0.015;1436;1330;0.0079
"Unity.InputSystem.dll!UnityEngine.InputSystem.LowLevel::InputEvent.GetNextInMemoryChecked()";0.007;0.0023;0.0108;1271;1164;1214;9;9;0.488799996091984;0.006034568;0.0042;0.007300001;254;4;1;6;81;1153;0.0014;0.0037;1275;1398;0.0029
"Crest.dll!Crest::LodDataMgrFlow.Bind()";0.007;0.0062;0.114;1324;1239;1446;10;10;2.3980999905616;0.007993666;0.0068;0.0073;315;1;1;10;300;1147;0.005;0.0509;1196;1202;0.0068
"UnityEngine.UI.dll!UnityEngine.UI::InputField.set_text()";0.007;0.0062;0.0156;1373;1246;1372;5;5;2.26539998222142;0.007551333;0.0068;0.0074;300;1;1;1;300;1147;0.0062;0.0156;1246;1372;0.0075
"mscorlib.dll!System::RuntimeTypeHandle.IsInterface()";0.007;0.007;0.007;1446;1446;1446;23;28;0.00699999986682087;0.007;0.007;0.007;9;9;9;9;1;1446;0.0005;0.0017;1446;1446;0
"mscorlib.dll!System::IntPtr.get_Size()";0.006999996;0.006199997;0.02139998;1388;1307;1446;6;23;2.17439994598681;0.007248;0.006799996;0.007299995;24080;80;80;160;300;1147;0;0.0037;1147;1381;0.007699994
"Animator.WriteProperties";0.0069;0.0055;0.0152;1346;1349;1318;6;6;2.14969997783192;0.007165667;0.0066;0.0076;1200;4;4;4;300;1147;0.0005;0.0105;1361;1318;0.0069
"Unity.RenderPipelines.Universal.Runtime.dll!UnityEngine.Rendering.Universal::LightCookieManager.FilterAndValidateAdditionalLights()";0.0069;0.0064;0.0185;1263;1411;1446;19;19;2.14259998314083;0.007142;0.0068;0.007;301;1;1;2;300;1147;0.0064;0.0137;1411;1385;0.0068
"CullAllVisibleReflectionProbes";0.0069;0.0047;0.0144;1320;1240;1166;15;15;2.15149999083951;0.007171667;0.0061;0.0078;301;1;1;2;300;1147;0.0047;0.0144;1240;1166;0.0058
"FindActiveLights";0.0069;0.0054;0.0265;1363;1418;1260;16;16;2.14839999005198;0.007161333;0.0065;0.0075;301;1;1;2;300;1147;0.0054;0.0265;1418;1260;0.0065
"UnityEditor.CoreModule.dll!UnityEditor::EditorStyles.UpdateSkinCache()";0.006899999;0.006199999;0.0147;1242;1172;1287;6;10;2.14169998007128;0.007139;0.006699999;0.007199998;4200;14;14;14;300;1147;0;0.0067;1147;1234;0.006899999
"UnityEngine.CoreModule.dll!UnityEngine::AnimationCurve.Evaluate()";0.006899999;0.005899999;0.08710053;1367;1315;1446;6;20;2.45059994151961;0.008168667;0.0066;0.0074;6216;19;19;535;300;1147;0.0001;0.0143;1147;1326;0.006099999
"UnityEngine.CoreModule.dll!UnityEngine::RenderTextureDescriptor.get_msaaSamples()";0.006899996;0.005499998;0.01899998;1178;1288;1446;12;21;2.10809994765441;0.007027;0.006599996;0.007099996;23492;78;78;170;300;1147;0;0.0041;1147;1225;0.006799996
"AwesomeTechnologies.VegetationStudioPro.Runtime.dll!AwesomeTechnologies.VegetationSystem::VegetationSystemPro.PrepareInstancedIndirectSetupJobs()";0.0068;0.0063;0.0162;1216;1150;1279;5;5;2.14159998064861;0.007138667;0.0066;0.007;300;1;1;1;300;1147;0.0063;0.0162;1150;1279;0.0066
"UnityEngine.CoreModule.dll!UnityEngine::Material.SetBuffer()";0.0068;0.006199999;0.0121;1384;1357;1190;11;11;2.13199997981428;0.007106666;0.006699999;0.0071;4200;14;14;14;300;1147;0.0003;0.0066;1149;1190;0.006799999
"UnityEngine.CoreModule.dll!UnityEngine.Rendering::ScriptableRenderContext.DrawRenderers_Internal()";0.0068;0.006099999;0.0212;1428;1198;1446;19;20;2.18779998261016;0.007292666;0.006599999;0.007;1806;6;6;12;300;1147;0.0003;0.0127;1159;1309;0.0099
"UnityEngine.CoreModule.dll!UnityEngine::Material.get_shader()";0.0068;0.0068;0.0068;1446;1446;1446;15;22;0.00679999982821755;0.0068;0.0068;0.0068;17;17;17;17;1;1446;0.0003;0.0009;1446;1446;0
"UnityEngine.CoreModule.dll!UnityEngine::Time.get_deltaTime()";0.006799998;0.006;0.0144;1294;1160;1261;5;16;2.06899994140258;0.006896666;0.006599998;0.006999999;12902;43;43;45;300;1147;0.0001;0.0044;1147;1261;0.006999997
"mscorlib.dll!System::RuntimeFieldHandle..ctor()";0.006799997;0.006799997;0.006799997;1446;1446;1446;22;22;0.00679999982821755;0.0068;0.006799997;0.006799997;84;84;84;84;1;1446;0;0.0002;1446;1446;0
"Unity.RenderPipelines.Universal.Runtime.dll!UnityEngine.Rendering.Universal::DebugDisplaySettings.get_MaterialSettings()";0.006799996;0.005899997;0.02029999;1268;1434;1446;14;24;2.13479994828958;0.007116;0.006599996;0.007099996;21973;73;73;146;300;1147;0;0.0072;1147;1275;0.009299993
"UnityEngine.CoreModule.dll!UnityEngine::Quaternion.Euler()";0.0067;0.006000001;0.0168;1323;1164;1379;6;7;2.11279999546241;0.007042666;0.006500001;0.0069;1200;4;4;4;300;1147;0.001;0.0124;1147;1379;0.007
"Assembly-CSharp.dll!::EnviroSkyMgr.get_weatherAudioVolumeModifier()";0.0067;0.0063;0.0116;1174;1159;1297;5;5;2.04019999445882;0.006800666;0.0065;0.0068;1800;6;6;6;300;1147;0.001;0.0061;1147;1297;0.0066
"Unity.RenderPipelines.Universal.Runtime.dll!UnityEngine.Rendering.Universal::ScreenSpaceShadows.AddRenderPasses()";0.0067;0.006;0.0216;1184;1249;1312;14;14;2.08589998492971;0.006953;0.0064;0.0069;301;1;1;2;300;1147;0.006;0.0216;1249;1312;0.0073
"Assembly-CSharp-firstpass.dll!PixelCrushers.DialogueSystem::StandardDialogueUI.Update()";0.0067;0.0055;0.0176;1233;1271;1218;4;4;2.0774999842979;0.006925;0.0064;0.0069;300;1;1;1;300;1147;0.0055;0.0176;1271;1218;0.0069
"AwesomeTechnologies.VegetationStudioPro.Runtime.dll!AwesomeTechnologies.VegetationSystem.Wind::VSWindController.UpdateWind()";0.0067;0.0061;0.0162;1253;1279;1403;7;7;2.11429998837411;0.007047667;0.0065;0.0069;300;1;1;1;300;1147;0.0061;0.0162;1279;1403;0.0067
"Unity.RenderPipelines.Universal.Runtime.dll!UnityEngine.Rendering.Universal::UniversalRenderPipeline.ResolveUpscalingFilterSelection()";0.0067;0.0063;0.018;1274;1173;1446;12;12;2.15449998527765;0.007181667;0.0066;0.0069;301;1;1;2;300;1147;0.0063;0.0172;1173;1172;0.007
"Transform.GetScene";0.006699999;0.0053;0.0195;1287;1304;1282;4;17;2.09939995625609;0.006998;0.0062;0.007199998;9358;30;30;78;300;1147;0;0.01;1147;1282;0.006199999
"Assembly-CSharp.dll!::EnviroCore.UpdateParticleClouds()";0.0066;0.0059;0.0164;1155;1311;1236;5;5;2.08469998557121;0.006949;0.0064;0.0068;300;1;1;1;300;1147;0.0059;0.0164;1311;1236;0.0067
"mscorlib.dll!System::Array.LastIndexOfImpl()";0.0066;0.0059;0.0182;1202;1188;1446;14;18;2.02809998317389;0.006760333;0.0064;0.0069;1204;4;4;8;300;1147;0.0007;0.0068;1419;1305;0.0067
"UnityEngine.CoreModule.dll!UnityEngine::Shader.DisableKeyword()";0.0066;0.0056;0.0215;1280;1309;1441;6;17;2.07429998950101;0.006914333;0.0063;0.0068;1203;4;4;7;300;1147;0.001;0.0157;1315;1441;0.0069
"Unity.RenderPipelines.Universal.Runtime.dll!UnityEngine.Rendering.Universal.Internal::AdditionalLightsShadowCasterPass.AtlasLayout()";0.0066;0.0057;0.0171;1289;1331;1314;14;14;2.1164999967441;0.007055;0.0063;0.0069;301;1;1;2;300;1147;0.0057;0.0171;1331;1314;0.012
"Assembly-CSharp.dll!::EnviroSkyMgr.get_ambientAudioVolumeModifier()";0.0066;0.006200001;0.0112;1360;1160;1288;5;5;2.02149999793619;0.006738333;0.0065;0.0067;1800;6;6;6;300;1147;0.001;0.0054;1147;1288;0.0097
"UnityEngine.CoreModule.dll!UnityEngine::RenderTexture.SetRenderTextureDescriptor()";0.0066;0.0066;0.0066;1446;1446;1446;18;19;0.00659999990602955;0.0066;0.0066;0.0066;6;6;6;6;1;1446;0.0006;0.0017;1446;1446;0
"UnityEngine.CoreModule.dll!UnityEngine::Camera.get_projectionMatrix_Injected()";0.006599999;0.005499999;0.0175;1200;1264;1190;10;21;2.07679998090316;0.006922666;0.006199999;0.0069;3308;11;11;19;300;1147;0.0002;0.0122;1153;1176;0.0063
"Assembly-CSharp.dll!::UCE_UI_Factions_Shortcuts.Update()";0.0065;0.0057;0.0262;1149;1265;1198;4;4;2.05009998986498;0.006833666;0.0062;0.0068;300;1;1;1;300;1147;0.0057;0.0262;1265;1198;0.0067
"Unity.InputSystem.dll!UnityEngine.InputSystem.LowLevel::NativeInputRuntime.<set_onPlayerLoopInitialization>b__17_2()";0.0065;0.0053;0.0159;1155;1306;1344;3;3;2.1151999887079;0.007050666;0.0061;0.0072;300;1;1;1;300;1147;0.0053;0.0159;1306;1344;0.0061
"UnityEngine.UI.dll!::MouseState.SetButtonState()";0.0065;0.0059;0.014;1208;1363;1392;9;9;1.96110000403132;0.006625338;0.0063;0.0067;888;3;3;3;296;1147;0.0015;0.0104;1207;1392;0.0098
"Assembly-CSharp.dll!::EnviroSkyMgr.get_weatherAudioVolume()";0.0065;0.006100001;0.0143;1321;1192;1429;5;5;1.99710000958294;0.006657;0.0064;0.0066;1800;6;6;6;300;1147;0.001;0.0081;1147;1429;0.0067
"AwesomeTechnologies.VegetationStudioPro.Runtime.dll!AwesomeTechnologies.VegetationSystem::VegetationSystemPro.InitGlobalShaderProperties()";0.0065;0.0059;0.0165;1388;1165;1402;5;5;2.08449999801815;0.006948333;0.0063;0.0068;300;1;1;1;300;1147;0.0059;0.0165;1165;1402;0.0065
"UnityEngine.IMGUIModule.dll!UnityEngine::GUIUtility.GetDefaultSkin()";0.006499999;0.0052;0.0127;1164;1172;1446;4;7;2.07749999681255;0.006925;0.0061;0.0068;2100;7;7;7;300;1147;0.0003;0.0075;1173;1183;0.006099999
"UnityEngine.CoreModule.dll!Unity.Collections.LowLevel.Unsafe::AtomicSafetyHandle.GetTempMemoryHandle_Injected()";0.006499999;0.005899998;0.01789999;1350;1303;1446;17;24;2.02539995656844;0.006751333;0.006399997;0.006799997;14749;49;49;98;300;1147;0.0001;0.0056;1147;1281;0.006799998
"UnityEngine.CoreModule.dll!UnityEngine::Shader.Internal_GetCustomEditorForRenderPipeline()";0.006499999;0.006499999;0.006499999;1446;1446;1446;18;18;0.00649999978486449;0.0065;0.006499999;0.006499999;6;6;6;6;1;1446;0.0007;0.0024;1446;1446;0
"mscorlib.dll!System.Reflection::RuntimeMethodInfo.ConvertValues()";0.0064;0.0054;0.0163;1168;1339;1302;8;8;1.97669998602942;0.006589;0.0061;0.0067;300;1;1;1;300;1147;0.0054;0.0163;1339;1302;0.0072
"mscorlib.dll!System.Reflection::RuntimeMethodInfo.get_ContainsGenericParameters()";0.0064;0.0053;0.0169;1277;1408;1411;8;8;2.0197999891825;0.006732666;0.006;0.0068;300;1;1;1;300;1147;0.0053;0.0169;1408;1411;0.0071
"UnityEngine.CoreModule.dll!UnityEngine::Color.Lerp()";0.0064;0.005799999;0.0137;1309;1377;1155;6;7;1.99399999208981;0.006646667;0.0063;0.0066;3900;13;13;13;300;1147;0.0004;0.0073;1147;1155;0.01
"UnityEngine.ParticleSystemModule.dll!UnityEngine::ParticleSystem.get_emission()";0.006399999;0.0057;0.009699998;1230;1190;1323;8;8;1.94219992861326;0.006474;0.0062;0.006599999;7200;24;24;24;300;1147;0.0002;0.0033;1147;1323;0.006599999
"Crest.dll!Crest::ShapeFFT.get_WindTurbulence()";0.0063;0.0059;0.0154;1408;1196;1395;10;10;1.96010001120158;0.006533667;0.006200001;0.0065;900;3;3;3;300;1147;0.0018;0.011;1195;1395;0.006
"Unity.InputSystem.dll!UnityEngine.InputSystem::InputManager.get_settings()";0.0063;0.0021;0.0127;1162;1237;1208;7;7;0.52889999630861;0.005687097;0.0043;0.007;347;4;1;7;93;1153;0.001;0.0081;1154;1208;0.0043
"ReflectionProbes.Update";0.0063;0.0035;0.0192;1220;1401;1276;5;5;1.85239998530596;0.006174667;0.0047;0.0073;300;1;1;1;300;1147;0.0035;0.0192;1401;1276;0.0083
"UnityEngine.CoreModule.dll!UnityEngine::RenderTextureDescriptor.set_sRGB()";0.0063;0.0057;0.0188;1222;1240;1446;11;11;2.04970000032336;0.006832333;0.0061;0.0065;301;1;1;2;300;1147;0.0057;0.0171;1240;1252;0.0066
"Unity.RenderPipelines.Universal.Runtime.dll!UnityEngine.Rendering.Universal::RenderTargetHandle.op_Inequality()";0.0063;0.0059;0.02;1287;1344;1446;14;16;1.98979998083087;0.006632667;0.0062;0.0065;1806;6;6;12;300;1147;0.0008;0.0084;1148;1437;0.0091
"UnityEngine.UI.dll!UnityEngine.UI::InputField.SetText()";0.0063;0.0055;0.015;1297;1279;1372;6;6;2.04649998852983;0.006821667;0.0061;0.0067;300;1;1;1;300;1147;0.0055;0.015;1279;1372;0.0067
"Unity.RenderPipelines.Core.Runtime.dll!UnityEngine.Rendering::VolumeManager.GrabVolumes()";0.0063;0.0054;0.0163;1375;1293;1406;12;12;1.95699999295175;0.006523333;0.006;0.0065;301;1;1;2;300;1147;0.0054;0.0163;1293;1406;0.0064
"UnityEngine.CoreModule.dll!UnityEngine::RenderTextureDescriptor.get_sRGB()";0.0063;0.005799999;0.0205;1377;1196;1442;14;19;2.01639996291487;0.006721333;0.0062;0.0065;3010;10;10;20;300;1147;0.0004;0.015;1147;1442;0.0065
"mscorlib.dll!System.Collections::Stack.Clear()";0.0063;0.0056;0.0154;1440;1343;1446;5;5;2.00539998197928;0.006684666;0.0061;0.0066;2700;9;9;9;300;1147;0.0004;0.0066;1147;1152;0.0097
"GC.Alloc";0.006299998;0.005099999;0.03039996;1337;1313;1446;5;25;1.98359995432111;0.006612;0.005999998;0.006599998;17372;57;57;329;300;1147;0;0.0148;1147;1198;0.006699999
"AwesomeTechnologies.VegetationStudioPro.Runtime.dll!AwesomeTechnologies.VegetationSystem::VegetationStudioCamera.PreCullVegetation()";0.0062;0.0054;0.0161;1241;1189;1198;5;5;1.93969999346882;0.006465666;0.006;0.0064;300;1;1;1;300;1147;0.0054;0.0161;1189;1198;0.0066
"UnityEngine.CoreModule.dll!UnityEngine.Rendering::CommandBuffer.SetGlobalVectorArray()";0.0062;0.0045;0.017;1256;1281;1212;18;18;1.94719998561777;0.006490666;0.0058;0.0065;1806;6;6;12;300;1147;0.0006;0.0118;1174;1259;0.0062
"UnityEngine.CoreModule.dll!UnityEngine.Rendering::ScriptableRenderContext.SetupCameraProperties()";0.0062;0.0051;0.0285;1292;1172;1283;13;14;2.12449999293312;0.007081666;0.0059;0.0066;602;2;2;4;300;1147;0.0024;0.0148;1172;1365;0.0073
"Terrain.UpdateSplatMaterials";0.0062;0.0044;0.0168;1310;1362;1256;14;14;1.90989998891018;0.006366333;0.0058;0.0066;602;2;2;4;300;1147;0.001;0.015;1243;1256;0.0059
"UnityEngine.CoreModule.dll!Unity.Collections.LowLevel.Unsafe::UnsafeUtility.MemSet()";0.006199998;0.005499999;0.01859999;1393;1317;1446;15;16;1.95639995213423;0.006521333;0.005999998;0.006399999;14448;48;48;96;300;1147;0.0001;0.0054;1147;1175;0.006899997
"Unity.RenderPipelines.Universal.Runtime.dll!UnityEngine.Rendering.Universal::DebugDisplaySettings.get_LightingSettings()";0.006199997;0.005099998;0.01689999;1257;1267;1446;14;24;1.93379995277064;0.006446;0.005999997;0.006399997;19866;66;66;132;300;1147;0;0.0038;1147;1397;0.008599995
"UnityEngine.CoreModule.dll!UnityEngine.Rendering::ScriptableRenderContext.GetCameras()";0.0061;0.005;0.0171;1190;1403;1344;3;3;1.93579998752102;0.006452667;0.0058;0.0064;301;1;1;2;300;1147;0.005;0.0171;1403;1344;0.0067
"Unity.RenderPipelines.Universal.Runtime.dll!UnityEngine.Rendering.Universal.Internal::RenderTargetBufferSystem.Initialize()";0.0061;0.0057;0.017;1222;1202;1446;15;15;1.91609998838976;0.006387;0.0059;0.0063;301;1;1;2;300;1147;0.0057;0.0159;1202;1225;0.0065
"UnityEngine.CoreModule.dll!UnityEngine::ComputeBuffer.InternalSetData()";0.0061;0.0043;0.0197;1255;1398;1338;8;9;2.11629998646094;0.007054333;0.0057;0.0069;1500;5;5;5;300;1147;0.0004;0.0136;1295;1172;0.0055
"UnityEngine.CoreModule.dll!Unity.Collections.LowLevel.Unsafe::UnsafeUtility.MemCpy()";0.0061;0.005099999;0.0173;1269;1428;1320;7;12;1.9988999807465;0.006663;0.0056;0.0069;1293;4;4;5;300;1147;0.0001;0.0167;1147;1320;0.0073
"Mirror.dll!Mirror::NetworkLoop.NetworkLateUpdate()";0.0061;0.0049;0.0192;1316;1334;1329;3;3;2.02919999137521;0.006764;0.0057;0.0068;300;1;1;1;300;1147;0.0049;0.0192;1334;1329;0.0057
"Merge cells and create mesh data";0.0061;0.0057;0.0127;1343;1290;1356;7;7;1.88589998940006;0.006286333;0.006;0.0063;300;1;1;1;300;1147;0.0057;0.0127;1290;1356;0.0062
"ParticleSystem.Update2";0.006099999;0.0046;0.0166;1226;1254;1418;4;4;1.94489998507197;0.006483;0.0055;0.0066;2100;7;7;7;300;1147;0.0002;0.0133;1255;1228;0.006499999
"UnityEngine.CoreModule.dll!UnityEngine::RenderTexture.get_depthBuffer()";0.006;0.005;0.07650001;1164;1283;1446;9;9;1.6669000023976;0.006536863;0.0057;0.0062;1890;7;7;70;255;1147;0.0004;0.0124;1151;1162;0.0055
"UnityEngine.CoreModule.dll!Unity.Collections.LowLevel.Unsafe::AtomicSafetyHandle.CheckGetSecondaryDataPointerAndThrow()";0.006;0.0052;0.0159;1176;1230;1346;8;10;1.9257999692345;0.006419333;0.0057;0.0063;3600;12;12;12;300;1147;0.0002;0.0114;1211;1346;0.009000001
"mscorlib.dll!System::DateTime.AddYears()";0.006;0.0053;0.0166;1233;1169;1225;7;7;1.90399998333305;0.006346667;0.0058;0.0063;300;1;1;1;300;1147;0.0053;0.0166;1169;1225;0.0061
"mscorlib.dll!System::RuntimeTypeHandle.IsSubclassOf()";0.006;0.005;0.018;1245;1436;1200;13;26;1.92189997498645;0.006406333;0.0057;0.006399999;1506;5;5;11;300;1147;0.0005;0.0134;1166;1154;0.006
"Unity.RenderPipelines.Universal.Runtime.dll!::RenderBlocks.GetLength()";0.006;0.0054;0.0168;1324;1217;1412;12;12;1.89559997851029;0.006318667;0.0058;0.0062;1204;4;4;8;300;1147;0.0012;0.0125;1147;1412;0.0067
"Draw instanced vegetation";0.006;0.0056;0.0197;1332;1167;1446;6;6;1.9344999846071;0.006448333;0.0059;0.0062;300;1;1;1;300;1147;0.0056;0.0197;1167;1446;0.0056
"UnityEditor.CoreModule.dll!UnityEditor::GUIView.get_focusedView()";0.006;0.0022;0.0111;1212;1444;1253;9;11;1.83679995692364;0.006122666;0.005799999;0.006199999;8316;28;7;28;300;1147;0.0001;0.0065;1147;1258;0.005599999
"mscorlib.dll!System.Reflection::FieldInfo.get_IsLiteral()";0.006;0.006;0.006;1446;1446;1446;20;20;0.00599999976111576;0.006;0.006;0.006;24;24;24;24;1;1446;0.0002;0.0003;1446;1446;0
"mscorlib.dll!System::IntPtr..ctor()";0.005999998;0.0041;0.02519998;1224;1443;1446;7;25;1.86869995394227;0.006229;0.005799998;0.006199999;20155;67;46;185;300;1147;0;0.0033;1147;1259;0.006299997
"mscorlib.dll!System::RuntimeTypeHandle.get_Value()";0.005999998;0.0043;0.03700005;1209;1351;1446;11;27;1.92409995369235;0.006413667;0.005699997;0.006299998;19410;65;58;248;300;1147;0;0.0112;1147;1274;0.005599998
"UnityEngine.CoreModule.dll!UnityEngine::GameObject.GetComponentFastPath()";0.0059;0.0048;0.0119;1294;1152;1232;7;7;1.79089999559801;0.005969667;0.0055;0.0063;600;2;2;2;300;1147;0.0017;0.0074;1368;1231;0.0067
"Unity.InputSystem.dll!UnityEngine.InputSystem::InputManager.OnPlayerLoopInitialization()";0.0059;0.0048;0.0154;1151;1172;1344;4;4;1.92879998823628;0.006429333;0.0055;0.0065;300;1;1;1;300;1147;0.0048;0.0154;1172;1344;0.0055
"UnityEngine.CoreModule.dll!UnityEngine.Rendering::CommandBuffer.BeginSample_CustomSampler()";0.0059;0.005299999;0.0191;1168;1305;1446;12;22;1.85019994819595;0.006167333;0.0057;0.006099999;4816;16;16;32;300;1147;0.0001;0.0108;1147;1377;0.0059
"UnityEngine.CoreModule.dll!UnityEngine::Transform.get_eulerAngles()";0.0059;0.0049;0.0164;1328;1371;1214;5;5;1.82149999076501;0.006071667;0.0057;0.0062;300;1;1;1;300;1147;0.0049;0.0164;1371;1214;0.0061
"UnityEngine.CoreModule.dll!UnityEngine::Object.FindObjectFromInstanceID()";0.0059;0.0049;0.0168;1330;1226;1446;13;21;1.84379995837662;0.006146;0.0057;0.0061;7525;25;25;50;300;1147;0.0001;0.0057;1147;1440;0.0057
"PrepareSceneNodesCombineJob";0.0059;0.0045;0.0162;1433;1387;1346;16;16;0.05489999987185;0.00915;0.0057;0.011;6;1;1;1;6;1252;0.0045;0.0162;1387;1346;0
"mscorlib.dll!System.Collections.Generic::List`1.EnsureCapacity()";0.0059;0.0059;0.0059;1446;1446;1446;21;23;0.00589999987278134;0.0059;0.0059;0.0059;4;4;4;4;1;1446;0.0014;0.0016;1446;1446;0
"mscorlib.dll!System::Math.Sin()";0.005899999;0.004999998;0.0118;1377;1386;1446;8;15;1.849299956084;0.006164333;0.005699999;0.006199999;9610;32;32;42;300;1147;0;0.0058;1151;1363;0.006499999
"UnityEngine.CoreModule.dll!UnityEngine.Rendering::CommandBuffer.GetTemporaryRTWithDescriptor_Injected()";0.005899999;0.004899999;0.017;1229;1397;1338;16;22;1.8697999513679;0.006232666;0.005699999;0.006099999;7826;26;26;52;300;1147;0.0001;0.0088;1147;1224;0.0057
"Unity.RenderPipelines.Core.Runtime.dll!UnityEngine.Rendering::CoreUtils.ClearRenderTarget()";0.005899998;0.005299998;0.0181;1184;1403;1446;21;21;1.84749995892344;0.006158333;0.005699999;0.006099998;5418;18;18;36;300;1147;0;0.0125;1147;1350;0.005699999
"mscorlib.dll!System::UIntPtr.op_Inequality()";0.005899997;0.005899997;0.005899997;1446;1446;1446;23;23;0.00589999985095346;0.0059;0.005899997;0.005899997;66;66;66;66;1;1446;0;0.0002;1446;1446;0
"Unity.RenderPipelines.Universal.Runtime.dll!UnityEngine.Rendering.Universal::ScriptableRenderer.Clear()";0.0058;0.0051;0.0208;1174;1243;1418;10;10;1.89629998849705;0.006321;0.0056;0.006;301;1;1;2;300;1147;0.0051;0.0208;1243;1418;0.0058
"Unity.RenderPipelines.Universal.Runtime.dll!UnityEngine.Rendering.Universal::ScriptableRenderer.DrawGizmos()";0.0058;0.0052;0.0154;1177;1278;1446;12;12;1.78969999426045;0.005965667;0.0056;0.006;602;2;2;4;300;1147;0.0021;0.0087;1307;1312;0.0059
"InputSystem.onBeforeUpdate";0.0058;0.0048;0.0112;1183;1402;1313;7;7;1.79569998662919;0.005985667;0.0054;0.0061;300;1;1;1;300;1147;0.0048;0.0112;1402;1313;0.0067
"Terrain.Trees.Render";0.0058;0.0046;0.0202;1195;1253;1446;14;14;1.82189998961985;0.006073;0.0055;0.0061;300;1;1;1;300;1147;0.0046;0.0202;1253;1446;0.0064
"TextRendering.Cleanup";0.0058;0.0029;0.3738999;1198;1241;1446;4;6;2.31789998710155;0.02051239;0.0045;0.009400001;1004;1;1;78;113;1147;0.001;0.0332;1163;1446;0.0045
"UnityEngine.CoreModule.dll!UnityEngine::ComputeShader.SetTexture()";0.0058;0.0048;0.0266;1226;1356;1365;9;12;1.91139999112056;0.006371333;0.0054;0.0063;1800;6;6;6;300;1147;0.0002;0.0124;1147;1365;0.0056
"UnityEngine.CoreModule.dll!UnityEngine::Object.Equals()";0.0058;0.0016;0.0161;1240;1444;1335;15;21;1.78480000945274;0.005949333;0.0056;0.0059;1195;4;1;8;300;1147;0.001;0.012;1147;1335;0.0058
"mscorlib.dll!System::ValueType.Equals()";0.0058;0.0049;0.0203;1275;1311;1282;10;10;1.82239998679142;0.006074667;0.0055;0.0061;600;2;2;2;300;1147;0.0012;0.0187;1152;1282;0.0063
"UnityEngine.CoreModule.dll!UnityEngine::Camera.get_worldToCameraMatrix_Injected()";0.005799999;0.0052;0.0177;1232;1211;1446;10;21;1.80279997276375;0.006009333;0.0056;0.0059;2405;8;8;13;300;1147;0.0003;0.0059;1228;1267;0.0061
"LOD.ComputeLOD";0.005799999;0.0048;0.0155;1270;1259;1446;15;16;1.77159999274591;0.005905333;0.0054;0.0061;1202;4;4;6;300;1147;0;0.0066;1147;1247;0.0064
"Unity.RenderPipelines.Universal.Runtime.dll!UnityEngine.Rendering.Universal::RenderingUtils.Blit()";0.0057;0.0052;0.0181;1269;1204;1330;18;18;1.8129999875091;0.006043333;0.0055;0.0059;301;1;1;2;300;1147;0.0052;0.0181;1204;1330;0.0059
"ScheduleCullingGroups";0.0057;0.004;0.0159;1291;1187;1184;14;14;1.84379998674558;0.006146;0.0054;0.0062;301;1;1;2;300;1147;0.0002;0.0159;1446;1184;0.0056
"UnityEngine.CoreModule.dll!UnityEngine.Rendering::ScriptableRenderContext.InitializeSortSettings()";0.0057;0.005;0.0217;1345;1259;1324;20;21;1.76940001279581;0.005898;0.0056;0.0059;1806;6;6;12;300;1147;0.0004;0.0169;1147;1324;0.0057
"Unity.RenderPipelines.Universal.Runtime.dll!UnityEngine.Rendering.Universal.Internal::PostProcessPass.SetupVignette()";0.0057;0.0052;0.0179;1363;1182;1446;20;20;1.79809998581186;0.005993667;0.0055;0.0059;301;1;1;2;300;1147;0.0052;0.0148;1182;1420;0.0057
"UnityEngine.CoreModule.dll!UnityEngine::Quaternion.op_Multiply()";0.0057;0.004699999;0.0128;1436;1254;1344;7;19;1.8846999514717;0.006282333;0.005499999;0.0063;8704;29;29;33;300;1147;0.0001;0.0069;1147;1379;0.0064
"Unity.RenderPipelines.Universal.Runtime.dll!UnityEngine.Rendering.Universal::UniversalRenderPipelineAsset.get_terrainDetailLitShader()";0.0057;0.0057;0.0057;1446;1446;1446;14;14;0.00569999986328185;0.0057;0.0057;0.0057;2;2;2;2;1;1446;0.0025;0.0032;1446;1446;0
"UnityEngine.CoreModule.dll!UnityEngine.Rendering::CommandBuffer.EndSample_CustomSampler()";0.005699999;0.004999999;0.0159;1247;1151;1349;14;24;1.78679995278071;0.005956;0.005399999;0.005899999;4816;16;16;32;300;1147;0.0001;0.0111;1147;1349;0.005399999
"mscorlib.dll!::Enumerator..ctor()";0.005699998;0.004599999;0.02629998;1295;1420;1446;6;18;1.81599995580473;0.006053333;0.005399998;0.006099998;17392;58;51;137;300;1147;0;0.0103;1147;1332;0.005899997
"Unity.RenderPipelines.Universal.Runtime.dll!UnityEngine.Rendering.Universal::DebugDisplaySettingsMaterial.get_DebugMaterialModeData()";0.005699998;0.004899999;0.01879999;1359;1285;1446;14;25;1.7779999563063;0.005926666;0.005499998;0.005899997;17759;59;59;118;300;1147;0;0.0047;1147;1185;0.005999997
"UnityEngine.CoreModule.dll!UnityEngine::Behaviour.get_enabled()";0.0056;0.0045;0.0107;1174;1403;1377;5;12;1.74139996705344;0.005804667;0.0053;0.0059;4202;14;14;16;300;1147;0.0001;0.0055;1147;1235;0.0056
"UnityEngine.CoreModule.dll!UnityEngine::Material.SetMatrixArray()";0.0056;0.0046;0.0178;1149;1268;1446;15;16;1.70219999062829;0.005674;0.0053;0.0058;602;2;2;4;300;1147;0.0021;0.0076;1268;1418;0.006
"UnityEngine.CoreModule.dll!UnityEngine::Light.set_color()";0.0056;0.005;0.016;1368;1168;1164;6;6;1.75109998974949;0.005837;0.0054;0.0059;300;1;1;1;300;1147;0.005;0.016;1168;1164;0.0056
"Assembly-CSharp.dll!::LeanTween.Update()";0.0056;0.0048;0.016;1377;1180;1198;4;4;1.75449998956174;0.005848333;0.0054;0.0061;300;1;1;1;300;1147;0.0048;0.016;1180;1198;0.0069
"Animators.ApplyOnAnimatorMove";0.0056;0.0045;0.0132;1403;1159;1166;5;5;1.74199998844415;0.005806667;0.0053;0.006;300;1;1;1;300;1147;0.0045;0.0132;1159;1166;0.0051
"FixedUpdate.NewInputFixedUpdate";0.0056;0.0043;0.1456;1409;1246;1446;2;2;2.67269998718984;0.008909;0.0048;0.0098;449;1;1;16;300;1147;0.0032;0.0158;1446;1302;0.0056
"UnityEngine.UI.dll!UnityEngine.EventSystems::PointerInputModule.GetPointerData()";0.0056;0.0048;0.01;1418;1307;1236;9;9;1.69489998219069;0.005726013;0.0054;0.0059;888;3;3;3;296;1147;0.001;0.0074;1148;1236;0.0058
"mscorlib.dll!System.Collections.Generic::ArraySortHelper`1.InternalBinarySearch()";0.0056;0.0056;0.0056;1446;1446;1446;23;23;0.00560000003315508;0.0056;0.0056;0.0056;3;3;3;3;1;1446;0.0015;0.0022;1446;1446;0
"UnityEngine.CoreModule.dll!UnityEngine::ComputeShader.Dispatch()";0.0055;0.0042;0.023;1218;1407;1361;8;8;1.8045999892056;0.006015333;0.0051;0.0059;300;1;1;1;300;1147;0.0042;0.023;1407;1361;0.0061
"PostLateUpdate.MemoryFrameMaintenance";0.0055;0.0044;0.0165;1243;1270;1426;2;2;1.77249998832121;0.005908333;0.0052;0.0059;300;1;1;1;300;1147;0.0044;0.0165;1270;1426;0.0059
"UnityEngine.CoreModule.dll!UnityEngine::Vector3.op_Subtraction()";0.0055;0.004899999;0.0132;1251;1151;1446;6;18;1.73299994778063;0.005776667;0.005299999;0.0057;5102;17;17;19;300;1147;0.0002;0.0072;1147;1320;0.005899999
"UnityEngine.CoreModule.dll!UnityEngine.Rendering::ShadowDrawingSettings.set_splitData()";0.0055;0.0052;0.0159;1287;1161;1446;19;19;1.70349998178426;0.005678333;0.0054;0.0056;1204;4;4;8;300;1147;0.0012;0.0052;1161;1335;0.0054
"mscorlib.dll!System::ValueType.InternalGetHashCode()";0.0055;0.0043;0.0156;1303;1377;1351;10;10;1.71979999094037;0.005732667;0.0051;0.0059;600;2;2;2;300;1147;0.0005;0.015;1210;1351;0.006
"Profiler.CollectPhysicsStats";0.0055;0.0046;0.0129;1312;1331;1410;3;3;1.69289999362081;0.005643;0.0053;0.0058;300;1;1;1;300;1147;0.0046;0.0129;1331;1410;0.0052
"afterCullingOutputReady.Invoke";0.0055;0.0045;0.4689;1348;1379;1446;14;16;2.19319998333231;0.007310667;0.0052;0.006;602;2;2;4;300;1147;0.0018;0.4574;1418;1446;0.005
"mscorlib.dll!System::DateTime.AddMonths()";0.0055;0.0049;0.0158;1376;1169;1416;8;8;1.76769999600947;0.005892333;0.0053;0.0058;300;1;1;1;300;1147;0.0049;0.0158;1169;1416;0.0056
"Assembly-CSharp.dll!::EnviroSkyMgr.GetWetnessIntensity()";0.0055;0.0052;0.0155;1383;1195;1446;5;5;1.70419999561273;0.005680667;0.0054;0.0056;1500;5;5;5;300;1147;0.001;0.006;1147;1231;0.005799999
"Unity.RenderPipelines.Universal.Runtime.dll!UnityEngine.Rendering.Universal.Internal::DepthNormalOnlyPass.OnCameraCleanup()";0.0055;0.005;0.0169;1431;1288;1395;15;15;1.76379999099299;0.005879333;0.0054;0.0058;301;1;1;2;300;1147;0.005;0.0169;1288;1395;0.0057
"UnityEngine.CoreModule.dll!UnityEngine::Matrix4x4.Inverse_Injected()";0.0055;0.004900001;0.02169999;1148;1177;1446;11;20;1.70049996609305;0.005668333;0.0053;0.0056;5110;17;17;27;300;1147;0.0001;0.0114;1228;1446;0.0054
"mscorlib.dll!System.Collections::ArrayList.get_Count()";0.005499999;0.0046;0.02039999;1207;1348;1446;19;19;1.73249995749211;0.005775;0.005299998;0.005799998;19866;66;66;132;300;1147;0;0.0128;1147;1211;0.005499998
"Unity.RenderPipelines.Universal.Runtime.dll!UnityEngine.Rendering.Universal::DebugDisplaySettings.get_RenderingSettings()";0.005499998;0.0046;0.01879998;1366;1223;1446;11;24;1.7240999576461;0.005747;0.005299998;0.005699998;18060;60;60;120;300;1147;0;0.0067;1147;1229;0.008799997
"Assembly-CSharp.dll!::UIUpgrade.Update()";0.0054;0.004;0.0173;1280;1236;1285;4;4;1.87009999423753;0.006233667;0.0048;0.0072;600;2;2;2;300;1147;0.0015;0.0139;1236;1285;0.0049
"UnityEngine.CoreModule.dll!UnityEngine::Transform.LookAt()";0.0054;0.0049;0.016;1330;1174;1374;6;7;1.66339999530464;0.005544667;0.0053;0.0056;900;3;3;3;300;1147;0.0009;0.0138;1208;1374;0.0052
"UnityEngine.CoreModule.dll!UnityEngine.Rendering::AsyncGPUReadback.Request_Internal_ComputeBuffer_1()";0.0054;0.0042;0.0217;1331;1169;1225;8;8;1.76029999414459;0.005867667;0.005;0.0058;300;1;1;1;300;1147;0.0042;0.0217;1169;1225;0.0058
"UnityEngine.CoreModule.dll!UnityEngine::Shader.SetGlobalMatrixImpl()";0.0054;0.0048;0.015;1382;1244;1446;8;19;1.69169998337748;0.005639;0.0052;0.0057;2106;7;7;13;300;1147;0.0003;0.006;1148;1258;0.005599999
"mscorlib.dll!System::RuntimeType.GetAttributeFlagsImpl()";0.0054;0.0054;0.0054;1446;1446;1446;22;30;0.00539999986358453;0.0054;0.0054;0.0054;15;15;15;15;1;1446;0.0002;0.001;1446;1446;0
"UnityEngine.CoreModule.dll!UnityEngine::Random.Range()";0.0054;0.0054;0.0054;1446;1446;1446;19;19;0.0053999997471692;0.0054;0.0054;0.0054;16;16;16;16;1;1446;0.0002;0.0012;1446;1446;0
"Unity.RenderPipelines.Universal.Runtime.dll!UnityEngine.Rendering.Universal::ScriptableRenderer.get_rendererFeatures()";0.005399998;0.0042;0.01619999;1182;1304;1446;12;14;1.66849995950179;0.005561667;0.005099999;0.005599998;19866;66;66;132;300;1147;0;0.0038;1147;1367;0.005999997
"Unity.RenderPipelines.Universal.Runtime.dll!UnityEngine.Rendering.Universal::DebugDisplaySettingsMaterial.get_DebugVertexAttributeIndexData()";0.005399998;0.0042;0.01999999;1189;1432;1446;14;25;1.7063999592574;0.005688;0.005199999;0.005599998;17759;59;59;118;300;1147;0;0.013;1147;1151;0.005199999
"Unity.RenderPipelines.Universal.Runtime.dll!UnityEngine.Rendering.Universal::DebugDisplaySettingsLighting.get_DebugLightingMode()";0.005399998;0.0044;0.01689999;1360;1213;1446;14;25;1.67889995845326;0.005596333;0.005199999;0.005599998;17759;59;59;118;300;1147;0;0.0041;1147;1334;0.009099993
"Unity.RenderPipelines.Universal.Runtime.dll!UnityEngine.Rendering.Universal::DebugDisplaySettingsRendering.get_debugSceneOverrideMode()";0.005399998;0.0045;0.02289999;1292;1330;1180;11;25;1.67259995859786;0.005575333;0.005199999;0.005599998;18060;60;60;120;300;1147;0;0.0176;1147;1180;0.008099998
"UnityEngine.CoreModule.dll!UnityEngine.Rendering::ScriptableRenderContext.DrawRenderers_Internal_Injected()";0.0053;0.0046;0.0178;1153;1198;1446;20;21;1.69079998816596;0.005636;0.0051;0.0055;1806;6;6;12;300;1147;0.0002;0.0124;1149;1309;0.008299999
"FrameEvents.OnBeforeRenderCallback";0.0053;0.0042;0.0199;1181;1253;1444;2;2;1.70209999382496;0.005673666;0.005;0.0056;301;1;1;2;300;1147;0.0042;0.0199;1253;1444;0.0052
"UnityEngine.InputLegacyModule.dll!UnityEngine::SendMouseEvents.UpdateMouse()";0.0053;0.0044;0.0102;1285;1163;1357;5;5;1.65659999474883;0.005522;0.0051;0.0058;300;1;1;1;300;1147;0.0044;0.0102;1163;1357;0.0054
"UnityEngine.CoreModule.dll!UnityEngine.Experimental.Rendering::GraphicsFormatUtility.IsSRGBFormat()";0.0053;0.004599999;0.02109999;1286;1159;1446;12;22;1.74049995483801;0.005801667;0.0051;0.0056;9040;30;30;70;300;1147;0;0.0143;1148;1442;0.005699999
"UnityEngine.CoreModule.dll!UnityEngine::NoAllocHelpers.EnsureListElemCount()";0.0053;0.0043;0.0169;1296;1200;1184;13;13;1.66309999348596;0.005543666;0.0051;0.0056;300;1;1;1;300;1147;0.0043;0.0169;1200;1184;0.005
"Assembly-CSharp.dll!::LeanTween.update()";0.0053;0.0045;0.0156;1313;1180;1198;5;5;1.65279999095947;0.005509333;0.0051;0.0057;300;1;1;1;300;1147;0.0045;0.0156;1180;1198;0.0065
"mscorlib.dll!System.Collections.Generic::Dictionary`2.Initialize()";0.0053;0.0053;0.0053;1446;1446;1446;15;18;0.00529999984428287;0.0053;0.0053;0.0053;3;3;3;3;1;1446;0.0011;0.0024;1446;1446;0
"mscorlib.dll!System::Type.get_Attributes()";0.0053;0.0053;0.0053;1446;1446;1446;24;29;0.00529999996069819;0.0053;0.0053;0.0053;9;9;9;9;1;1446;0.0004;0.0015;1446;1446;0
"mscorlib.dll!::Enumerator.MoveNextRare()";0.005299999;0.0043;0.04770002;1403;1150;1269;6;18;1.69849995909317;0.005661666;0.005099998;0.005599998;16190;54;47;131;300;1147;0;0.0427;1147;1269;0.005399998
"Assembly-CSharp-firstpass.dll!PixelCrushers.DialogueSystem::AbstractDialogueUI.Update()";0.0052;0.0043;0.0153;1150;1271;1299;5;5;1.59549999283627;0.005318333;0.0049;0.0054;300;1;1;1;300;1147;0.0043;0.0153;1271;1299;0.0053
"UnityEngine.CoreModule.dll!UnityEngine::Camera.WorldToViewportPoint_Injected()";0.0052;0.0041;0.0146;1153;1160;1446;19;19;1.64459999452811;0.005482;0.0049;0.0053;602;2;2;4;300;1147;0.0015;0.0122;1147;1432;0.0052
"mscorlib.dll!System.Collections.Generic::Dictionary`2.get_Item()";0.0052;0.0045;0.0138;1195;1210;1316;7;7;1.67079999251291;0.005569333;0.005;0.0055;300;1;1;1;300;1147;0.0045;0.0138;1210;1316;0.0053
"Assembly-CSharp.dll!::CameraMMO.LateUpdate()";0.0052;0.0038;0.0167;1209;1204;1241;4;4;1.83629999263212;0.006121;0.0044;0.0067;300;1;1;1;300;1147;0.0038;0.0167;1204;1241;0.0081
"UnityEngine.CoreModule.dll!UnityEngine::Light.set_color_Injected()";0.0052;0.0046;0.0155;1308;1168;1164;7;7;1.62339999526739;0.005411333;0.005;0.0055;300;1;1;1;300;1147;0.0046;0.0155;1168;1164;0.0051
"Crest.dll!Crest::OceanRenderer.get_WindTurbulence()";0.0052;0.0048;0.0137;1260;1196;1395;11;11;1.5926999974763;0.005309;0.005;0.0053;900;3;3;3;300;1147;0.0015;0.0101;1168;1395;0.0049
"UnityEngine.UIElementsModule.dll!UnityEngine.UIElements::VisualTreeUpdater.GetUpdater()";0.0052;0.0039;0.0243;1280;1415;1200;7;7;1.62609997598338;0.005420333;0.004799999;0.005599999;2107;7;7;14;300;1147;0.0003;0.02;1185;1200;0.0056
"mscorlib.dll!::Enumerator.Dispose()";0.005199999;0.004000001;0.02079999;1315;1195;1446;5;17;1.61399996082764;0.00538;0.0049;0.0054;17091;57;50;135;300;1147;0;0.0038;1147;1237;0.004999999
"Unity.RenderPipelines.Universal.Runtime.dll!UnityEngine.Rendering.Universal::DebugDisplaySettingsLighting.get_DebugLightingFeatureFlagsMask()";0.005199999;0.0045;0.01419999;1443;1166;1446;14;25;1.62029996008641;0.005401;0.004999999;0.005499998;17759;59;59;118;300;1147;0;0.0042;1147;1336;0.004999999
"UnityEngine.UI.dll!UnityEngine.EventSystems::StandaloneInputModule.UpdateModule()";0.0051;0.0032;0.3292;1225;1444;1443;6;6;1.87759998673573;0.006258667;0.0049;0.0053;300;1;1;1;300;1147;0.0032;0.3292;1444;1443;0.0059
"ScheduleGeometryJobs";0.0051;0.0038;0.0154;1307;1278;1446;15;15;1.5754999932833;0.005251667;0.0047;0.0054;300;1;1;1;300;1147;0.0038;0.0154;1278;1446;0.0083
"PostLateUpdate.UpdateCustomRenderTextures";0.0051;0.0028;0.0609;1315;1296;1194;2;2;1.55109998886473;0.005170333;0.0037;0.0059;300;1;1;1;300;1147;0.0028;0.0609;1296;1194;0.0064
"Unity.RenderPipelines.Universal.Runtime.dll!UnityEngine.Rendering.Universal::UniversalAdditionalCameraData.get_cameraStack()";0.0051;0.0048;0.0204;1339;1165;1301;8;8;1.73629999347031;0.005787666;0.005;0.0053;301;1;1;2;300;1147;0.0047;0.0204;1446;1301;0.005
"Crest.dll!Crest::FFTCompute.CalculateWaveConditionsHash()";0.0051;0.0047;0.0146;1360;1187;1208;11;11;1.61950000282377;0.005398334;0.005;0.0053;300;1;1;1;300;1147;0.0047;0.0146;1187;1208;0.0049
"mscorlib.dll!System::RuntimeType.get_FullName()";0.0051;0.004;0.0278;1362;1333;1446;8;17;1.78229998610914;0.005941;0.0049;0.0056;307;1;1;8;300;1147;0.0019;0.0204;1446;1211;0.0054
"UnityEngine.CoreModule.dll!UnityEngine::Transform.set_eulerAngles()";0.0051;0.0044;0.0154;1390;1360;1379;5;5;1.62239998858422;0.005408;0.0049;0.0054;300;1;1;1;300;1147;0.0044;0.0154;1360;1379;0.0055
"Unity.RenderPipelines.Universal.Runtime.dll!UnityEngine.Rendering.Universal::UniversalRenderer.GetCameraColorFrontBuffer()";0.0051;0.0044;0.0156;1167;1147;1442;17;19;1.57529998850077;0.005251;0.0049;0.0053;602;2;2;4;300;1147;0.0019;0.0126;1147;1442;0.0051
"UnityEngine.CoreModule.dll!Unity.Collections.LowLevel.Unsafe::AtomicSafetyHandle.CheckWriteAndThrowNoEarlyOut_Injected()";0.0051;0.0042;0.0147;1327;1380;1291;10;12;1.59379998426448;0.005312667;0.0048;0.0054;2400;8;8;8;300;1147;0.0001;0.0116;1404;1291;0.0048
"UnityEngine.CoreModule.dll!UnityEngine::RenderTexture.SetRenderTextureDescriptor_Injected()";0.0051;0.0051;0.0051;1446;1446;1446;19;20;0.00509999980567954;0.0051;0.0051;0.0051;6;6;6;6;1;1446;0.0004;0.0012;1446;1446;0
"UnityEngine.CoreModule.dll!UnityEngine::Texture..ctor()";0.0051;0.0051;0.0051;1446;1446;1446;18;21;0.00509999983478338;0.0051;0.0051;0.0051;14;14;14;14;1;1446;0.0003;0.0008;1446;1446;0
"Assembly-CSharp.dll!UnityEngine.Rendering.LWRP::EnviroBlitPassVolumeClouds.UpdateFrameDimensions()";0.005;0.0047;0.0181;1231;1159;1446;18;18;1.57799999369308;0.00526;0.0049;0.0051;301;1;1;2;300;1147;0.0047;0.016;1159;1160;0.0053
"Crest.dll!Crest::LodDataMgrAnimWaves.GetParamIdSampler()";0.005;0.0043;0.0198;1245;1312;1446;10;11;1.53519999227137;0.005117333;0.0046;0.0053;2715;9;9;18;300;1147;0.0003;0.0042;1148;1369;0.0047
"Crest.dll!Crest::LodDataMgrFoam.get_krnl_ShaderSim()";0.005;0.0039;0.0296;1279;1283;1446;9;9;1.60319999844069;0.005344;0.0047;0.0053;630;2;2;20;300;1147;0.0006;0.0138;1446;1260;0.0045
"mscorlib.dll!System::String..ctor()";0.005;0.0043;0.0157;1298;1246;1378;8;8;1.59519999101758;0.005317333;0.0047;0.0053;300;1;1;1;300;1147;0.0043;0.0157;1246;1378;0.0055
"Assembly-CSharp.dll!VisualDesignCafe.Rendering.Nature::NatureRendererSrp.OnBeginFrameRendering()";0.005;0.0041;0.0163;1378;1300;1333;10;10;1.66019998909906;0.005534;0.0047;0.0055;301;1;1;2;300;1147;0.0041;0.0163;1300;1333;0.006
"Assembly-CSharp.dll!::EnviroCore.UpdateSatelliteRender()";0.005;0.0045;0.0158;1400;1189;1268;5;5;1.55819999240339;0.005194;0.0049;0.0053;300;1;1;1;300;1147;0.0045;0.0158;1189;1268;0.006
"mscorlib.dll!System::Math.Cos()";0.004999999;0.0041;0.0134;1240;1255;1446;8;22;1.580999968377;0.00527;0.0048;0.0052;9912;33;33;45;300;1147;0;0.0067;1147;1268;0.005
"mscorlib.dll!System::RuntimeType.Equals()";0.004999999;0.0038;0.02349998;1239;1236;1446;12;23;1.55569996165286;0.005185666;0.004699999;0.005299998;16314;55;48;142;300;1147;0;0.0039;1147;1219;0.004599999
"UnityEngine.CoreModule.dll!UnityEngine.Rendering::CommandBuffer.ReleaseTemporaryRT()";0.004999999;0.004399999;0.0157;1436;1165;1337;15;20;1.56769997091033;0.005225667;0.0048;0.005199999;8428;28;28;56;300;1147;0.0001;0.0105;1147;1337;0.005299999
"Unity.RenderPipelines.Universal.Runtime.dll!UnityEngine.Rendering.Universal::CameraData.get_isPreviewCamera()";0.004999999;0.0041;0.01879999;1443;1244;1446;12;22;1.5836999611638;0.005279;0.0048;0.005199999;16254;54;54;108;300;1147;0;0.0107;1147;1417;0.005299998
"UnityEngine.CoreModule.dll!UnityEngine::Camera.set_depthTextureMode()";0.004999998;0.0039;0.01069999;1380;1218;1446;17;17;1.5013999594521;0.005004667;0.004799998;0.0051;9015;30;30;45;300;1147;0.0001;0.003;1147;1432;0.0053
"Unity.RenderPipelines.Universal.Runtime.dll!UnityEngine.Rendering.Universal::UniversalRenderer.SetupFinalPassDebug()";0.0049;0.0045;0.015;1181;1258;1237;12;12;1.52099997969344;0.00507;0.0048;0.005;301;1;1;2;300;1147;0.0045;0.015;1258;1237;0.005
"RenderTexture.GarbageCollectTemporary";0.0049;0.0037;0.0104;1276;1420;1394;2;5;1.52079999248963;0.005069333;0.0046;0.0054;600;2;2;2;300;1147;0.0017;0.0083;1420;1394;0.005
"AwesomeTechnologies.VegetationStudioPro.Runtime.dll!AwesomeTechnologies.VegetationSystem.Wind::TreeCreatorWindController.UpdateWind()";0.0049;0.0045;0.0104;1376;1418;1262;7;7;1.56839998206124;0.005228;0.0048;0.0051;300;1;1;1;300;1147;0.0045;0.0104;1418;1262;0.0049
"UnityEngine.CoreModule.dll!Unity.Collections.LowLevel.Unsafe::AtomicSafetyHandle.CheckReadAndThrowNoEarlyOut()";0.0049;0.0035;0.0141;1379;1170;1446;8;10;1.50459999358281;0.005015333;0.004;0.0054;1800;6;6;6;300;1147;0.0003;0.0064;1151;1316;0.0049
"mscorlib.dll!System::ValueType.DefaultEquals()";0.0049;0.0042;0.0193;1418;1217;1282;11;21;1.58609998470638;0.005287;0.0047;0.0053;624;2;2;26;300;1147;0.0004;0.0179;1446;1282;0.0053
"UnityEngine.CoreModule.dll!UnityEngine.Rendering::AsyncGPUReadback.Request_Internal_ComputeBuffer_1_Injected()";0.0049;0.0037;0.0208;1430;1169;1225;9;9;1.60019999113865;0.005334;0.0046;0.0053;300;1;1;1;300;1147;0.0037;0.0208;1169;1225;0.0054
"Unity.RenderPipelines.Universal.Runtime.dll!UnityEngine.Rendering.Universal::UniversalRenderPipelineAsset.get_terrainDetailGrassShader()";0.0049;0.0049;0.0049;1446;1446;1446;14;14;0.00489999982528389;0.0049;0.0049;0.0049;2;2;2;2;1;1446;0.0024;0.0025;1446;1446;0
"UnityEngine.CoreModule.dll!UnityEngine::Mathf.Atan2()";0.0049;0.0044;0.0099;1156;1166;1341;7;7;1.50189998638234;0.005006333;0.0047;0.0051;3000;10;10;10;300;1147;0.0003;0.0061;1147;1422;0.0058
"UnityEngine.CoreModule.dll!UnityEngine::Camera.get_depthTextureMode()";0.0049;0.0041;0.0125;1183;1435;1446;17;17;1.50329996212531;0.005011;0.004699999;0.0051;9015;30;30;45;300;1147;0.0001;0.0027;1147;1374;0.005099999
"UnityEngine.CoreModule.dll!UnityEngine.Rendering::CommandBuffer.SetRenderTargetColorDepth_Internal_Injected()";0.0049;0.0029;0.02649999;1355;1181;1446;11;23;1.50449996018142;0.005015;0.004699999;0.005199999;4900;17;10;90;300;1147;0.0001;0.0056;1147;1295;0.0054
"mscorlib.dll!System.Collections.Generic::Dictionary`2..ctor()";0.0049;0.0049;0.0049;1446;1446;1446;13;17;0.00489999991259538;0.0049;0.0049;0.0049;6;6;6;6;1;1446;0.0004;0.0011;1446;1446;0
"UnityEngine.CoreModule.dll!UnityEngine.Rendering::CommandBuffer.Internal_SetComputeTextureParam()";0.004899999;0.004199999;0.01889999;1379;1180;1446;11;14;1.56659996593226;0.005222;0.004699999;0.005199999;6375;21;21;66;300;1147;0.0001;0.0111;1147;1404;0.0051
"mscorlib.dll!System.Buffers.Text::FormattingHelpers.CountDigits()";0.004899999;0.004899999;0.004899999;1446;1446;1446;19;21;0.00489999987621559;0.0049;0.004899999;0.004899999;51;51;51;51;1;1446;0;0.0002;1446;1446;0
"UnityEngine.CoreModule.dll!UnityEngine::Debug.Assert()";0.0048;0.003800001;0.02069999;1321;1355;1446;7;20;1.60109996049141;0.005337;0.0045;0.005899997;16455;49;49;120;300;1147;0;0.004;1147;1148;0.005299999
"GameObject.Deactivate";0.0048;0.0036;0.0164;1372;1431;1191;6;11;1.67119996891415;0.005570666;0.0044;0.006599999;12900;43;43;43;300;1147;0;0.0117;1147;1191;0.004899999
"Assembly-CSharp.dll!::UISkills.Update()";0.0048;0.0043;0.0155;1408;1204;1231;4;4;1.52769999648444;0.005092334;0.0047;0.0051;600;2;2;2;300;1147;0.0013;0.0139;1313;1231;0.0053
"UnityEngine.CoreModule.dll!UnityEngine::RenderTextureDescriptor.SetOrClearRenderTextureCreationFlag()";0.0048;0.0041;0.01319999;1154;1234;1446;12;21;1.47549996523594;0.004918333;0.0046;0.004999999;13547;45;45;92;300;1147;0;0.0055;1147;1417;0.0051
"Animators.WriteJob";0.0048;0.0039;0.0111;1229;1258;1267;5;5;1.4650999923324;0.004883667;0.0045;0.005;900;3;3;3;300;1147;0;0.0109;1147;1267;0.0044
"EarlyUpdate.PlayerCleanupCachedData";0.0048;0.0035;0.3997;1317;1173;1446;2;2;3.14889996894635;0.01049633;0.0042;0.0084;300;1;1;1;300;1147;0.0035;0.3997;1173;1446;0.0042
"UnityEngine.CoreModule.dll!UnityEngine::Material.SetMatrixImpl()";0.0048;0.0043;0.0198;1346;1402;1428;8;19;1.57339997950476;0.005244667;0.004699999;0.005;2106;7;7;13;300;1147;0.0003;0.0118;1148;1428;0.004999999
"UnityEngine.CoreModule.dll!UnityEngine::ShimManager.get_screenShim()";0.0048;0.0041;0.0147;1392;1161;1153;6;6;1.48139998828992;0.004938;0.0046;0.005;300;1;1;1;300;1147;0.0041;0.0147;1161;1153;0.0047
"Unity.RenderPipelines.Universal.Runtime.dll!UnityEngine.Rendering.Universal::DebugDisplaySettingsRendering.get_debugPostProcessingMode()";0.004799999;0.003800001;0.01549999;1195;1237;1446;15;25;1.46689996359783;0.004889667;0.0046;0.004999999;15652;52;52;104;300;1147;0;0.0034;1147;1157;0.004899999
"Unity.RenderPipelines.Universal.Runtime.dll!UnityEngine.Rendering.Universal::DebugDisplaySettingsRendering.get_debugFullScreenMode()";0.004799999;0.003900001;0.01469999;1257;1164;1329;15;25;1.51069996352453;0.005035667;0.004699999;0.004999999;15652;52;52;104;300;1147;0;0.0099;1147;1329;0.004699999
"Crest.dll!Crest::PropertyWrapperMaterial.get_material()";0.004799999;0.0036;0.0122;1272;1179;1446;10;12;1.46919996414363;0.004897333;0.0045;0.005099999;16800;56;56;56;300;1147;0;0.0032;1147;1396;0.005099999
"mscorlib.dll!System::RuntimeType.get_UnderlyingSystemType()";0.004799999;0.0036;0.02679998;1307;1439;1446;11;24;1.4780999629802;0.004927;0.004599999;0.005099998;16624;56;49;153;300;1147;0;0.0033;1147;1446;0.005199999
"UnityEngine.CoreModule.dll!UnityEngine::Texture2D.get_blackTexture()";0.004799999;0.0041;0.008099999;1424;1387;1186;18;18;1.46309996329364;0.004877;0.0046;0.005;9000;30;30;30;300;1147;0.0001;0.0038;1147;1186;0.0047
"UnityEngine.CoreModule.dll!UnityEngine.Rendering::CommandBuffer.ClearRenderTarget_Injected()";0.0047;0.004;0.0105;1219;1430;1446;11;23;1.46379995816096;0.004879333;0.0045;0.0049;5705;19;19;24;300;1147;0.0001;0.006;1147;1429;0.0048
"Cleanup Unused Cached Data";0.0047;0.0034;0.3995;1276;1173;1446;3;3;3.11159999691881;0.010372;0.0041;0.0082;300;1;1;1;300;1147;0.0034;0.3995;1173;1446;0.0042
"AwesomeTechnologies.VegetationStudioPro.Runtime.dll!AwesomeTechnologies.Utility.Culling::JobCullingGroup.ProcessEvents()";0.0047;0.0027;0.0132;1315;1199;1176;7;7;1.38369999290444;0.004612333;0.0031;0.0053;300;1;1;1;300;1147;0.0027;0.0132;1199;1176;0.0052
"UnityEngine.CoreModule.dll!UnityEngine.Rendering::RenderPipelineManager.PrepareRenderPipeline()";0.0047;0.0041;0.015;1326;1177;1246;3;3;1.46629999391735;0.004887667;0.0045;0.005;301;1;1;2;300;1147;0.0041;0.015;1177;1246;0.0052
"Unity.RenderPipelines.Universal.Runtime.dll!UnityEngine.Rendering.Universal::RenderingUtils.get_errorMaterial()";0.0047;0.0043;0.0131;1332;1208;1319;19;19;1.48609998909524;0.004953667;0.0046;0.0049;1204;4;4;8;300;1147;0.0008;0.0099;1414;1319;0.0048
"Unity.RenderPipelines.Universal.Runtime.dll!UnityEngine.Rendering.Universal::XRSystem.ReleaseFrame()";0.0047;0.0038;0.014;1408;1202;1446;8;8;1.49279998522252;0.004976;0.0045;0.005;301;1;1;2;300;1147;0.0038;0.014;1202;1225;0.0047
"Unity.InputSystem.dll!UnityEngine.InputSystem::InputManager.SyncAllDevicesWhenEditorIsActivated()";0.0047;0.0035;0.0309;1426;1266;1231;7;7;1.57779999356717;0.005259333;0.0043;0.0052;300;1;1;1;300;1147;0.0035;0.0309;1266;1231;0.0049
"Crest.dll!Crest::SimSettingsAnimatedWaves.get_WaveResolutionMultiplier()";0.004699999;0.003999999;0.0125;1198;1294;1308;11;11;1.45629995013587;0.004854333;0.004499999;0.0049;5400;18;18;18;300;1147;0.0002;0.0078;1147;1308;0.004499999
"UnityEditor.CoreModule.dll!UnityEditor::ShaderGUIUtility.CreateShaderGUI()";0.004699999;0.004699999;0.004699999;1446;1446;1446;15;15;0.00469999987399206;0.0047;0.004699999;0.004699999;6;6;6;6;1;1446;0.0006;0.0013;1446;1446;0
"mscorlib.dll!System::String.Concat()";0.0046;0.004;0.1779;1185;1408;1446;5;18;1.59269998827949;0.005309;0.0043;0.0048;351;1;1;52;300;1147;0.0024;0.0135;1446;1329;0.0049
"PlayerCleanupCachedData";0.0046;0.0033;0.3993;1195;1173;1446;4;4;3.07899999525398;0.01026333;0.004;0.0082;300;1;1;1;300;1147;0.0033;0.3993;1173;1446;0.0041
"Crest.dll!Crest::OceanRenderer.get_CurrentTime()";0.0046;0.0042;0.0147;1225;1244;1390;6;10;1.45390000485349;0.004846334;0.0045;0.0048;600;2;2;2;300;1147;0.0017;0.0128;1322;1390;0.0075
"mscorlib.dll!System::IntPtr.op_Addition()";0.0046;0.0042;0.04829999;1290;1165;1446;10;23;1.44439998175949;0.004814667;0.0045;0.0047;2466;8;8;74;300;1147;0.0005;0.0037;1147;1157;0.0046
"Crest.dll!Crest::OceanRenderer.OnEndCameraRendering()";0.0046;0.0037;0.0151;1325;1309;1436;12;12;1.43379999301396;0.004779333;0.0044;0.0048;301;1;1;2;300;1147;0.0037;0.0151;1309;1436;0.005
"mscorlib.dll!System.Collections.Generic::List`1.Find()";0.0046;0.0044;0.0161;1394;1150;1446;12;12;1.60149998124689;0.005338333;0.0045;0.005;301;1;1;2;300;1147;0.0044;0.0119;1150;1395;0.0048
"CoroutinesDelayedCalls";0.0046;0.0031;0.0855;1431;1271;1446;3;3;2.05079997642315;0.006836;0.0041;0.0053;1650;5;5;21;300;1147;0.0003;0.0561;1175;1446;0.004
"UnityEngine.CoreModule.dll!UnityEngine::Mesh.SetIndicesImpl()";0.0046;0.0046;0.0046;1446;1446;1446;22;24;0.00460000010207295;0.0046;0.0046;0.0046;2;2;2;2;1;1446;0.0019;0.0027;1446;1446;0
"mscorlib.dll!System.Collections::ArrayList.get_Item()";0.0046;0.0038;0.01379999;1254;1248;1446;19;19;1.44719996691856;0.004824;0.0044;0.004799999;13244;44;44;88;300;1147;0;0.0058;1147;1302;0.0049
"Unity.RenderPipelines.Universal.Runtime.dll!UnityEngine.Rendering.Universal::DebugDisplaySettingsRendering.get_enableMsaa()";0.0046;0.0039;0.01719999;1350;1196;1446;15;25;1.44219996521133;0.004807333;0.0044;0.004799999;15652;52;52;104;300;1147;0;0.0102;1147;1237;0.004699999
"Unity.RenderPipelines.Universal.Runtime.dll!UnityEngine.Rendering.Universal::DebugDisplaySettingsRendering.get_validationMode()";0.0046;0.003900001;0.01359999;1406;1184;1446;15;25;1.44309996451921;0.004810333;0.0045;0.004799999;15652;52;52;104;300;1147;0;0.0066;1147;1316;0.0046
"UnityEngine.UI.dll!UnityEngine.EventSystems::BaseInput.GetButtonDown()";0.0046;0.0037;0.0138;1442;1444;1296;6;8;1.41549998451956;0.004718333;0.0044;0.0048;1192;4;2;4;300;1147;0.0005;0.0114;1198;1296;0.0048
"Unity.RenderPipelines.Universal.Runtime.dll!UnityEngine.Rendering.Universal::DebugDisplaySettingsRendering.get_enableHDR()";0.004599999;0.0036;0.01229999;1243;1198;1446;15;25;1.42199996513955;0.00474;0.0044;0.004799999;15652;52;52;104;300;1147;0;0.0047;1147;1413;0.004699999
"UnityEngine.CoreModule.dll!UnityEngine::RenderTextureDescriptor.get_width()";0.0045;0.0037;0.01639999;1184;1441;1446;11;21;1.39369996587629;0.004645667;0.0043;0.004699999;15357;51;51;108;300;1147;0;0.0033;1147;1267;0.004799999
"CustomRenderTextures.Update";0.0045;0.0024;0.06;1221;1273;1194;3;3;1.33609999227338;0.004453667;0.003;0.0051;300;1;1;1;300;1147;0.0024;0.06;1273;1194;0.0057
"mscorlib.dll!System.Runtime.InteropServices::GCHandle.AddrOfPinnedObject()";0.0045;0.004;0.016;1249;1169;1178;9;11;1.44619999499992;0.004820667;0.0043;0.0047;600;2;2;2;300;1147;0.0015;0.0142;1182;1178;0.0045
"AwesomeTechnologies.VegetationStudioPro.Runtime.dll!AwesomeTechnologies.VegetationSystem::VegetationStudioCamera.UpdatePotentialVisibleCells()";0.0045;0.0037;0.014;1254;1211;1360;6;6;1.4160999932792;0.004720333;0.0043;0.0047;300;1;1;1;300;1147;0.0037;0.014;1211;1360;0.005
"UnityEngine.CoreModule.dll!UnityEngine::UnitySynchronizationContext.Exec()";0.0045;0.0038;0.0149;1296;1351;1162;4;4;1.39519998943433;0.004650667;0.0043;0.0048;300;1;1;1;300;1147;0.0038;0.0149;1351;1162;0.0044
"mscorlib.dll!System::String.CreateString()";0.0045;0.0038;0.0151;1343;1255;1378;9;9;1.43599999323487;0.004786666;0.0043;0.0048;300;1;1;1;300;1147;0.0038;0.0151;1255;1378;0.0051
"AwesomeTechnologies.VegetationStudioPro.Runtime.dll!AwesomeTechnologies.VegetationSystem::VegetationSystemPro.GetFloatingOriginAnchor()";0.0045;0.0039;0.0141;1366;1269;1234;6;6;1.43989999173209;0.004799667;0.0044;0.0047;300;1;1;1;300;1147;0.0039;0.0141;1269;1234;0.0048
"Unity.InputSystem.dll!UnityEngine.InputSystem.LowLevel::NativeInputRuntime.get_isInPlayMode()";0.0045;0.0031;0.026;1404;1195;1446;6;8;1.41869997425238;0.004729;0.0039;0.0051;2136;7;6;22;300;1147;0.0002;0.0094;1150;1274;0.0053
"mscorlib.dll!System::Object.__castclass_with_cache()";0.0045;0.0034;0.0168;1409;1233;1425;14;19;1.66909996101458;0.005563667;0.004199999;0.0053;6922;23;23;45;300;1147;0;0.0105;1154;1385;0.0039
"Crest.dll!Crest::LodTransform.get_LodCount()";0.0045;0.0034;0.012;1441;1268;1446;7;11;1.44559996570024;0.004818667;0.0043;0.004799999;16515;55;55;64;300;1147;0;0.0072;1147;1346;0.007099998
"EarlyUpdate.UpdateInputManager";0.0045;0.0039;0.012;1443;1407;1285;2;2;1.42149998852983;0.004738333;0.0043;0.0048;300;1;1;1;300;1147;0.0039;0.012;1407;1285;0.005
"mscorlib.dll!System.Collections.Generic::List`1.set_Capacity()";0.0044;0.0044;0.0044;1446;1446;1446;22;24;0.00440000009257346;0.0044;0.0044;0.0044;4;4;4;4;1;1446;0.001;0.0013;1446;1446;0
"Unity.RenderPipelines.Universal.Runtime.dll!UnityEngine.Rendering.Universal::DebugDisplaySettingsRendering.get_debugMipInfoMode()";0.0044;0.0035;0.0148;1165;1301;1428;15;25;1.34869996718044;0.004495666;0.0042;0.0046;15652;52;52;104;300;1147;0;0.0103;1147;1428;0.0045
"Crest.dll!Crest::OceanRenderer.get_Scale()";0.0044;0.0033;0.01909999;1170;1211;1446;7;10;1.36049996581278;0.004535;0.0041;0.0046;15690;53;46;116;300;1147;0;0.0107;1147;1187;0.0043
"UnityEngine.CoreModule.dll!UnityEngine::RenderTextureDescriptor.get_height()";0.0044;0.0034;0.01639999;1213;1177;1446;11;21;1.36829996680171;0.004561;0.0042;0.0046;15056;50;50;106;300;1147;0;0.0033;1147;1446;0.004799999
"Unity.InputSystem.dll!UnityEngine.InputSystem.LowLevel::InputEventPtr.get_type()";0.0044;0.0008;0.008099999;1220;1256;1299;9;9;0.377099994802848;0.004054839;0.0023;0.0055;601;7;1;13;93;1153;0.0005;0.0026;1153;1191;0.0022
"UnityEngine.CoreModule.dll!UnityEngine.Experimental.Rendering::GraphicsFormatUtility.GetGraphicsFormat_Native_RenderTextureFormat()";0.0044;0.0038;0.016;1229;1198;1446;15;20;1.4038999899276;0.004679667;0.0042;0.0046;3311;11;11;22;300;1147;0.0001;0.0074;1147;1162;0.009699999
"AwesomeTechnologies.VegetationStudioPro.Runtime.dll!AwesomeTechnologies.VegetationSystem.Wind::HDWindController.GetDirectionAndSpeed()";0.0044;0.0041;0.0172;1328;1148;1299;8;8;1.41969999670982;0.004732333;0.0043;0.0045;300;1;1;1;300;1147;0.0041;0.0172;1148;1299;0.0045
"BoundingSphereDistanceBandEventJob (Burst)";0.0044;0.002;0.0141;1332;1198;1238;10;10;0.547499997541308;0.005214286;0.0035;0.0072;113;1;1;2;105;1147;0.002;0.0141;1198;1238;0
"UnityEngine.CoreModule.dll!UnityEngine::Quaternion.get_eulerAngles()";0.0044;0.0036;0.01;1362;1314;1214;6;6;1.35659999982454;0.004522;0.0042;0.0047;300;1;1;1;300;1147;0.0036;0.01;1314;1214;0.0046
"UnityEngine.IMGUIModule.dll!UnityEngine::Event.get_current()";0.0044;0.0038;0.0126;1376;1288;1349;4;5;1.38339995972638;0.004611333;0.0042;0.0045;3600;12;12;12;300;1147;0.0002;0.0085;1173;1349;0.0042
"Mirror.dll!Mirror::NetworkServer.NetworkEarlyUpdate()";0.0043;0.0035;0.0095;1158;1416;1446;4;4;1.31820000056177;0.004394;0.004;0.0045;300;1;1;1;300;1147;0.0035;0.0095;1416;1446;0.0046
"Crest.dll!Crest::UnderwaterRenderer.DisableOceanMaskKeywords()";0.0043;0.0035;0.0146;1176;1309;1436;13;13;1.32149999891408;0.004405;0.0041;0.0045;301;1;1;2;300;1147;0.0035;0.0146;1309;1436;0.0048
"UnityEngine.InputLegacyModule.dll!::HitInfo.SendMessage()";0.0043;0.0032;0.0136;1184;1228;1207;6;6;0.557599998312071;0.0044608;0.004;0.0046;125;1;1;1;125;1147;0.0032;0.0136;1228;1207;0.0052
"UnityEngine.CoreModule.dll!UnityEngine.Events::UnityEvent.GetDelegate()";0.0043;0.0036;0.0145;1185;1266;1285;7;12;1.36289999948349;0.004543;0.0041;0.0045;600;2;2;2;300;1147;0.0009;0.0134;1147;1285;0.0045
"Unity.RenderPipelines.Universal.Runtime.dll!UnityEngine.Rendering.Universal::XRSystem.UpdateRenderScale()";0.0043;0.004;0.047;1201;1168;1269;12;12;1.51129999337718;0.005037667;0.0042;0.0046;301;1;1;2;300;1147;0.004;0.047;1168;1269;0.0041
"UnityEngine.IMGUIModule.dll!UnityEngine::GUILayoutGroup.CalcWidth()";0.0043;0.0038;0.0098;1219;1167;1428;5;5;1.33180000103312;0.004439333;0.0042;0.0045;900;3;3;3;300;1147;0.0008;0.0077;1155;1428;0.0038
"System.Core.dll!System.Linq::Enumerable.Last()";0.0043;0.0035;0.0141;1247;1194;1153;7;7;1.31879999837838;0.004396;0.0041;0.0045;300;1;1;1;300;1147;0.0035;0.0141;1194;1153;0.0042
"BoundingSphereVisibleJob (Burst)";0.0043;0.0023;0.0072;1261;1238;1370;10;10;0.0438000001013279;0.004866667;0.0036;0.0062;9;1;1;1;9;1155;0.0023;0.0072;1238;1370;0
"Crest.dll!Crest::SampleHeightHelper.Init()";0.0043;0.0036;0.014;1279;1163;1421;5;7;1.34219999238849;0.004474;0.0041;0.0045;600;2;2;2;300;1147;0.0013;0.0081;1150;1277;0.0045
"mscorlib.dll!System::Number.DoubleToNumber()";0.0043;0.0036;0.0158;1288;1150;1285;8;8;1.37569999392144;0.004585667;0.0041;0.0046;300;1;1;1;300;1147;0.0036;0.0158;1150;1285;0.0042
"UnityEngine.CoreModule.dll!UnityEngine::Matrix4x4.SetColumn()";0.0043;0.0039;0.0127;1368;1426;1446;15;18;1.33130000089295;0.004437667;0.0042;0.0044;602;2;2;4;300;1147;0.0018;0.0074;1149;1344;0.0046
"Assembly-CSharp.dll!::EnviroSkyMgr.get_Time()";0.0043;0.0041;0.0111;1396;1397;1446;15;15;1.35340000677388;0.004511334;0.0043;0.0045;1204;4;4;8;300;1147;0.001;0.0054;1147;1432;0.0043
"Boxophobic.TheVegetationEngine.Runtime.dll!TheVegetationEngine::TVEGlobalVolume.SetGlobalShaderParameters()";0.0043;0.0034;0.013;1405;1181;1256;5;5;1.3756999974139;0.004585667;0.0039;0.0048;300;1;1;1;300;1147;0.0034;0.013;1181;1256;0.0044
"Unity.InputSystem.dll!UnityEngine.InputSystem::InputManager.WriteStateChange()";0.0043;0.0037;0.0093;1412;1401;1361;11;11;1.39209999970626;0.004640333;0.004;0.0052;693;2;2;3;300;1147;0.0009;0.0082;1168;1361;0.0061
"Assembly-CSharp.dll!::EnviroSkyMgr.HasInstance()";0.0043;0.0041;0.0179;1414;1151;1262;15;15;1.36279999394901;0.004542666;0.0042;0.0045;602;2;2;4;300;1147;0.0018;0.0155;1151;1262;0.0044
"UnityEngine.CoreModule.dll!UnityEngine::Vector3.op_Addition()";0.0043;0.003799999;0.0081;1187;1197;1298;5;9;1.32009995340195;0.004400333;0.0041;0.0044;4518;15;15;16;300;1147;0.0002;0.004;1147;1298;0.0042
"UnityEngine.CoreModule.dll!UnityEngine::Component.GetComponents()";0.0043;0.0036;0.0142;1245;1401;1151;5;5;1.33279998839134;0.004442667;0.0041;0.0045;600;2;2;2;300;1147;0.0007;0.0134;1213;1151;0.0044
"Unity.RenderPipelines.Universal.Runtime.dll!UnityEngine.Rendering.Universal::ScriptableRenderPass.get_colorAttachments()";0.0043;0.0033;0.0149;1323;1255;1253;18;18;1.38549996702932;0.004618333;0.0041;0.0046;13244;44;44;88;300;1147;0;0.011;1147;1253;0.0045
"mscorlib.dll!System.Globalization::CultureInfo.get_CurrentCulture()";0.0043;0.0043;0.0043;1446;1446;1446;23;23;0.00429999991320074;0.0043;0.0043;0.0043;3;3;3;3;1;1446;0.001;0.0021;1446;1446;0
"UnityEngine.CoreModule.dll!UnityEngine.Rendering::DrawingSettings.SetShaderPassName()";0.004299999;0.003799999;0.0132;1371;1386;1446;19;19;1.32859995485342;0.004428667;0.0041;0.0044;4515;15;15;30;300;1147;0.0002;0.0054;1147;1156;0.004
"mscorlib.dll!System.Reflection::RuntimeFieldInfo.get_Attributes()";0.0042;0.0042;0.0042;1446;1446;1446;21;25;0.00419999989389908;0.0042;0.0042;0.0042;51;51;51;51;1;1446;0;0.0002;1446;1446;0
"UnityEngine.InputLegacyModule.dll!::HitInfo.op_Implicit()";0.0042;0.0025;0.0082;1160;1299;1293;6;6;1.20059999331716;0.004002;0.0027;0.004699999;1801;6;6;7;300;1147;0.0003;0.0049;1152;1211;0.0042
"Assembly-CSharp-firstpass.dll!THOR::THOR_Thunderstorm.Update()";0.0042;0.0036;0.0095;1170;1242;1319;4;4;1.2800000004936;0.004266667;0.004;0.0044;300;1;1;1;300;1147;0.0036;0.0095;1242;1319;0.0045
"UnityEngine.CoreModule.dll!UnityEngine::Camera.GetAllCameras()";0.0042;0.0033;0.0346;1177;1415;1299;5;5;1.34630000055768;0.004487667;0.0039;0.0045;300;1;1;1;300;1147;0.0033;0.0346;1415;1299;0.0046
"Unity.RenderPipelines.Universal.Runtime.dll!UnityEngine.Rendering.Universal::PostProcessPasses.get_isCreated()";0.0042;0.0038;0.0133;1198;1205;1389;12;13;1.42239998001605;0.004741333;0.004;0.0044;1204;4;4;8;300;1147;0.0008;0.0094;1148;1389;0.0042
"Unity.InputSystem.dll!UnityEngine.InputSystem.LowLevel::NativeInputRuntime.get_isEditorActive()";0.0042;0.0031;0.0301;1222;1266;1231;8;8;1.40559999481775;0.004685333;0.0038;0.0047;300;1;1;1;300;1147;0.0031;0.0301;1266;1231;0.0044
"UnityEngine.IMGUIModule.dll!UnityEngine::GUILayoutGroup.SetVertical()";0.0042;0.0036;0.0217;1259;1196;1163;5;5;1.38520000275457;0.004617333;0.004;0.0044;900;3;3;3;300;1147;0.0007;0.0183;1184;1163;0.0041
"UnityEngine.IMGUIModule.dll!UnityEngine::GUILayoutUtility.LayoutFreeGroup()";0.0042;0.0038;0.0117;1275;1444;1157;5;5;1.34819997916929;0.004494;0.0041;0.0043;900;3;3;3;300;1147;0.0011;0.0065;1147;1407;0.0042
"Unity.RenderPipelines.Universal.Runtime.dll!UnityEngine.Rendering.Universal.Internal::DrawObjectsPass.OnCameraSetup()";0.0042;0.0035;0.016;1385;1218;1440;14;14;1.35969999118242;0.004532333;0.004;0.0044;602;2;2;4;300;1147;0.001;0.0149;1159;1440;0.0043
"UnityEngine.CoreModule.dll!UnityEngine::Material.SetBufferImpl()";0.004199999;0.003699999;0.007000001;1224;1317;1379;12;12;1.30189996767149;0.004339667;0.003999999;0.0044;4200;14;14;14;300;1147;0.0002;0.0033;1147;1301;0.004499999
"UnityEditor.CoreModule.dll!UnityEditor::SceneView.get_forceSceneViewFilteringForLodGroupEditing()";0.0041;0.0035;0.01219999;1368;1169;1446;21;21;1.27609996796673;0.004253666;0.003900001;0.0043;13244;44;44;88;300;1147;0;0.0052;1147;1223;0.0043
"Assembly-CSharp-firstpass.dll!PixelCrushers::InputDeviceManager.get_isInputAllowed()";0.0041;0.0037;0.0072;1383;1227;1319;7;7;1.26620000042021;0.004220667;0.004;0.0043;1200;4;4;4;300;1147;0.0008;0.0043;1227;1394;0.0039
"mscorlib.dll!System::IntPtr.op_Subtraction()";0.0041;0.0036;0.0131;1149;1240;1446;12;23;1.25649997958681;0.004230639;0.0039;0.0042;2090;7;7;18;297;1147;0.0005;0.0051;1147;1388;0.0039
"Initialization.DirectorSampleTime";0.0041;0.0028;0.0101;1205;1300;1178;2;2;1.33479999890551;0.004449334;0.0038;0.0044;300;1;1;1;300;1147;0.0028;0.0101;1300;1178;0.004
"UnityEngine.CoreModule.dll!UnityEngine::RenderTexture.GetDepthBuffer()";0.0041;0.0033;0.0505;1206;1203;1446;10;10;1.1261999841081;0.00441647;0.0039;0.0043;1890;7;7;70;255;1147;0.0003;0.0072;1147;1348;0.0037
"Animator.ProcessAnimations";0.0041;0.0032;0.0194;1212;1414;1263;7;7;1.30139999766834;0.004338;0.0039;0.0045;335;1;1;2;300;1147;0.0017;0.0152;1244;1263;0.0037
"RenderTexture.SetActive";0.0041;0.0025;0.01419999;1281;1327;1446;9;23;1.32169996935409;0.004405667;0.0037;0.0046;33228;111;104;312;300;1147;0;0.0039;1147;1409;0.005099999
"UnityEngine.CoreModule.dll!UnityEngine::ComputeShader.SetVector_Injected()";0.0041;0.0033;0.0165;1296;1359;1409;10;11;1.40509998335619;0.004683666;0.0039;0.0044;2100;7;7;7;300;1147;0.0002;0.0119;1156;1236;0.0043
"UnityEngine.CoreModule.dll!UnityEngine::SystemInfo.GetCompatibleFormat()";0.0041;0.0036;0.0148;1430;1210;1440;14;19;1.37339998691459;0.004578;0.004;0.0044;3311;11;11;22;300;1147;0.0001;0.0113;1148;1440;0.004499999
"mscorlib.dll!System::String.Ctor()";0.0041;0.0035;0.0148;1431;1255;1378;10;10;1.31259999587201;0.004375333;0.0039;0.0044;300;1;1;1;300;1147;0.0035;0.0148;1255;1378;0.0046
"UnityEngine.CoreModule.dll!Unity.Collections.LowLevel.Unsafe::AtomicSafetyHandle.SetStaticSafetyId()";0.004000001;0.0031;0.01339999;1319;1285;1446;16;23;1.25609996935964;0.004187;0.003800001;0.0042;14749;49;49;98;300;1147;0;0.0059;1147;1228;0.0045
"mscorlib.dll!System.Runtime.CompilerServices::JitHelpers.UnsafeEnumCast()";0.004000001;0.0034;0.01479999;1419;1175;1446;9;23;1.24569996925129;0.004152333;0.0039;0.0042;12026;40;40;66;300;1147;0;0.0041;1147;1446;0.004599999
"UnityEngine.CoreModule.dll!UnityEngine::Transform.set_position()";0.004;0.0035;0.0138;1244;1160;1362;5;7;1.28679998114239;0.004289333;0.0039;0.0042;1200;4;4;4;300;1147;0.0005;0.0114;1147;1362;0.0042
"Unity.RenderPipelines.Universal.Runtime.dll!UnityEngine.Rendering.Universal::ScriptableRenderPass.get_overrideCameraTarget()";0.004;0.0031;0.01379999;1272;1361;1446;15;18;1.22229996974784;0.004074333;0.003800001;0.0041;13244;44;44;88;300;1147;0;0.003;1147;1169;0.005799997
"Unity.RenderPipelines.Universal.Runtime.dll!UnityEngine.Rendering.Universal::ScriptableRenderPass.get_clearFlag()";0.004;0.0031;0.0121;1289;1177;1308;18;18;1.27969996962929;0.004265666;0.0038;0.0042;12943;43;43;86;300;1147;0;0.0083;1147;1308;0.01159999
"mscorlib.dll!System.Collections.Generic::List`1.ToArray()";0.004;0.003;0.0169;1325;1339;1323;9;9;1.30309999873862;0.004343667;0.0038;0.0043;301;1;1;2;300;1147;0.003;0.0169;1339;1323;0.004
"Unity.RenderPipelines.Universal.Runtime.dll!UnityEngine.Rendering.Universal::XRSystem.AddPassToFrame()";0.004;0.0032;0.0845;1383;1253;1394;9;9;1.51300000189804;0.005043333;0.0038;0.0044;301;1;1;2;300;1147;0.0032;0.0845;1253;1394;0.0039
"Assembly-CSharp.dll!UnityEngine.Rendering.LWRP::EnviroVolumeCloudsLWRP.CreateMaterialsAndTextures()";0.004;0.0037;0.0146;1414;1191;1446;15;15;1.2615000072401;0.004205;0.0039;0.0042;301;1;1;2;300;1147;0.0037;0.009;1191;1364;0.0044
"UnityEngine.UI.dll!UnityEngine.EventSystems::StandaloneInputModule.ProcessTouchEvents()";0.004;0.0037;0.0126;1421;1260;1329;6;6;1.2153000079561;0.004105743;0.0039;0.0041;296;1;1;1;296;1147;0.0037;0.0126;1260;1329;0.0043
"Unity.InputSystem.dll!UnityEngine.InputSystem.LowLevel::InputEventBuffer.Contains()";0.004;0.0013;0.006;1187;1161;1214;10;10;0.271699997363612;0.003354321;0.0023;0.0041;254;4;1;6;81;1153;0.0008;0.0019;1181;1398;0.0015
"UnityEngine.UI.dll!UnityEngine.EventSystems::BaseInput.GetAxisRaw()";0.004;0.0025;0.009000001;1300;1444;1356;6;8;1.21379999502096;0.004046;0.0038;0.0041;1192;4;2;4;300;1147;0.0005;0.0065;1148;1356;0.0042
"UnityEngine.IMGUIModule.dll!UnityEngine::GUIUtility.Internal_GetDefaultSkin()";0.004;0.0031;0.0102;1420;1172;1261;5;8;1.33369997800037;0.004445666;0.0038;0.0043;2100;7;7;7;300;1147;0.0002;0.0068;1147;1183;0.0042
"Batch.FillInstanceProperties";0.0039;0.0033;0.0512;1158;1309;1306;21;21;1.25309998300509;0.004177;0.0037;0.0041;2709;9;9;18;300;1147;0.0001;0.0482;1155;1306;0.0038
"ParticleSystem.ShapeModule";0.0039;0.0029;0.0147;1185;1316;1153;6;6;1.2096999969217;0.004032333;0.0036;0.0042;342;1;1;12;300;1147;0.0005;0.0147;1282;1153;0.0036
"UnityEngine.CoreModule.dll!Unity.Collections.LowLevel.Unsafe::AtomicSafetyHandle.Create()";0.0039;0.0029;0.0255;1206;1230;1390;13;21;1.25229998890427;0.004174333;0.0037;0.004;1505;5;5;10;300;1147;0.0003;0.0233;1147;1390;0.0045
"mscorlib.dll!System::RuntimeType.CheckValue()";0.0039;0.0033;0.0138;1223;1339;1302;9;9;1.20500000147149;0.004016667;0.0037;0.0041;300;1;1;1;300;1147;0.0033;0.0138;1339;1302;0.0044
"Assembly-CSharp.dll!UnityEngine.Rendering.LWRP::EnviroDistanceBlurPass.Configure()";0.0039;0.0035;0.0125;1253;1204;1224;17;17;1.23350000404753;0.004111667;0.0038;0.004;301;1;1;2;300;1147;0.0035;0.0125;1204;1224;0.0039
"UnityEngine.CoreModule.dll!UnityEngine::Transform.get_lossyScale()";0.0039;0.0034;0.0139;1253;1271;1357;5;7;1.20099999863305;0.004003333;0.0037;0.0041;1200;4;4;4;300;1147;0.0004;0.0115;1157;1357;0.0054
"mscorlib.dll!System.Reflection::RuntimeMethodInfo.GetParametersInternal()";0.0039;0.0027;0.0137;1313;1443;1198;8;8;1.1947000019718;0.003982333;0.0037;0.0041;300;1;1;1;300;1147;0.0027;0.0137;1443;1198;0.0037
"BoundingSphereEventJob (Burst)";0.0039;0.0028;0.009;1340;1414;1309;10;10;0.120599999558181;0.004824;0.0037;0.0069;25;1;1;1;25;1151;0.0028;0.009;1414;1309;0
"UnityEngine.CoreModule.dll!UnityEngine::Mesh.set_bounds()";0.0039;0.0032;0.0141;1383;1244;1188;6;6;1.23320000013337;0.004110666;0.0037;0.0042;300;1;1;1;300;1147;0.0032;0.0141;1244;1188;0.0042
"EarlyUpdate.ProcessRemoteInput";0.0039;0.0031;0.0142;1391;1150;1364;2;2;1.35569999460131;0.004519;0.0036;0.0054;300;1;1;1;300;1147;0.0031;0.0142;1150;1364;0.0061
"mscorlib.dll!System::Int32.System.IConvertible.ToInt64()";0.0039;0.0039;0.0039;1446;1446;1446;24;24;0.00389999989420176;0.0039;0.0039;0.0039;3;3;3;3;1;1446;0.0003;0.0032;1446;1446;0
"UnityEngine.CoreModule.dll!UnityEngine::Matrix4x4.GetColumn()";0.0039;0.003399999;0.009300001;1384;1438;1169;20;21;1.21439996222034;0.004048;0.0038;0.0041;3311;11;11;22;300;1147;0.0002;0.006;1147;1169;0.004
"UnityEngine.CoreModule.dll!UnityEngine::NoAllocHelpers.SafeLength()";0.0039;0.0039;0.0039;1446;1446;1446;20;26;0.00389999983599409;0.0039;0.0039;0.0039;12;12;12;12;1;1446;0.0001;0.0006;1446;1446;0
"UnityEngine.CoreModule.dll!UnityEngine.Experimental.Rendering::GraphicsFormatUtility.GetDepthBits()";0.003899999;0.003299999;0.0109;1199;1315;1446;13;22;1.20109996684914;0.004003666;0.0037;0.004;6022;20;20;42;300;1147;0;0.0053;1168;1167;0.008699998
"Unity.RenderPipelines.Universal.Runtime.dll!UnityEngine.Rendering.Universal::ScriptableRenderPass.get_input()";0.003800001;0.0029;0.02409999;1248;1306;1392;13;13;1.24679997133353;0.004156;0.0036;0.0041;13244;44;44;88;300;1147;0;0.0202;1147;1392;0.007899997
"UnityEngine.CoreModule.dll!UnityEngine::RenderTextureDescriptor.set_depthStencilFormat()";0.0038;0.0032;0.01209999;1418;1224;1446;12;22;1.1659999708354;0.003886667;0.0036;0.004;12947;43;43;90;300;1147;0;0.0033;1147;1190;0.0042
"FixedUpdate.Physics2DFixedUpdate";0.0038;0.0025;0.0339;1189;1225;1446;2;2;1.3507999915746;0.004502667;0.0032;0.0057;449;1;1;16;300;1147;0.0007;0.009;1151;1432;0.0034
"UnityEngine.IMGUIModule.dll!UnityEngine::GUILayoutGroup.CalcHeight()";0.0038;0.0033;0.046;1205;1309;1243;5;5;1.26040000701323;0.004201334;0.0036;0.0039;900;3;3;3;300;1147;0.0008;0.0432;1149;1243;0.004
"UnityEngine.UIModule.dll!UnityEngine::RectTransformUtility.RectangleContainsScreenPoint()";0.0038;0.003;0.005;1212;1163;1238;12;12;0.477499998174608;0.00382;0.0035;0.0041;125;1;1;1;125;1147;0.003;0.005;1163;1238;0.0045
"Assembly-CSharp.dll!UnityEngine.Rendering.LWRP::EnviroBlitPass.Configure()";0.0038;0.0034;0.014;1225;1159;1368;17;17;1.20179999666288;0.004006;0.0037;0.0039;301;1;1;2;300;1147;0.0034;0.014;1159;1368;0.0039
"mscorlib.dll!System.Threading::SynchronizationContext.get_Current()";0.0038;0.0031;0.0081;1231;1343;1199;4;4;1.14799999888055;0.003826667;0.0036;0.004;300;1;1;1;300;1147;0.0031;0.0081;1343;1199;0.0042
"UnityEngine.CoreModule.dll!UnityEngine::Transform.get_localScale()";0.0038;0.0033;0.0145;1235;1418;1297;6;9;1.22209998170729;0.004073666;0.0037;0.004;1536;5;5;7;300;1147;0.0003;0.0118;1148;1297;0.0042
"Unity.RenderPipelines.Universal.Runtime.dll!UnityEngine.Rendering.Universal.Internal::PostProcessPass.RequireSRGBConversionBlitToBackBuffer()";0.0038;0.0033;0.0153;1278;1182;1180;20;20;1.18390000076033;0.003946333;0.0037;0.004;301;1;1;2;300;1147;0.0033;0.0153;1182;1180;0.0038
"Assembly-CSharp.dll!::UCE_UI_Lootcrate.Update()";0.0038;0.0031;0.0096;1292;1168;1212;4;4;1.17949999729171;0.003931667;0.0035;0.0041;300;1;1;1;300;1147;0.0031;0.0096;1168;1212;0.0043
"ProcessRemoteInput";0.0038;0.003;0.014;1370;1150;1364;3;3;1.32659999327734;0.004422;0.0035;0.0053;300;1;1;1;300;1147;0.003;0.014;1150;1364;0.006
"Batch.DrawDynamic";0.0038;0.0038;0.0038;1446;1446;1446;20;20;0.00380000006407499;0.0038;0.0038;0.0038;1;1;1;1;1;1446;0.0038;0.0038;1446;1446;0
"Unity.RenderPipelines.Core.Runtime.dll!UnityEngine.Rendering::TextureCurve.GetTextureFormat()";0.0038;0.0038;0.0038;1446;1446;1446;19;19;0.00379999994765967;0.0038;0.0038;0.0038;8;8;8;8;1;1446;0.0004;0.0009;1446;1446;0
"mscorlib.dll!System::Type.IsIntegerType()";0.0038;0.0038;0.0038;1446;1446;1446;20;20;0.00379999986762414;0.0038;0.0038;0.0038;3;3;3;3;1;1446;0.0001;0.0035;1446;1446;0
"UnityEngine.CoreModule.dll!UnityEngine::RenderTextureDescriptor.set_createdFromScript()";0.0038;0.0032;0.0126;1191;1218;1364;16;18;1.1748999619449;0.003916333;0.0037;0.0039;3913;13;13;26;300;1147;0.0002;0.0097;1147;1364;0.0039
"UnityEngine.CoreModule.dll!UnityEngine.Rendering::CommandBuffer.SetGlobalMatrix()";0.0038;0.0032;0.009600001;1385;1247;1446;16;19;1.16819997120183;0.003894;0.0036;0.0039;2107;7;7;14;300;1147;0.0002;0.0058;1148;1153;0.0039
"Unity.TextMeshPro.dll!TMPro::TextMeshPro.SetActiveSubTextObjectRenderers()";0.0037;0.0037;0.0037;1446;1446;1446;18;18;0.00370000005932525;0.0037;0.0037;0.0037;3;3;3;3;1;1446;0.0008;0.0019;1446;1446;0
"UnityEngine.CoreModule.dll!UnityEngine::Vector3.SignedAngle()";0.0037;0.0032;0.0139;1165;1225;1317;7;7;1.16449999413453;0.003881667;0.0035;0.0038;300;1;1;1;300;1147;0.0032;0.0139;1225;1317;0.0039
"Unity.RenderPipelines.Universal.Runtime.dll!UnityEngine.Rendering.Universal::UniversalRenderer.FinishRendering()";0.0037;0.0034;0.0123;1214;1159;1222;14;14;1.18609999259934;0.003953666;0.0036;0.0038;301;1;1;2;300;1147;0.0034;0.0123;1159;1222;0.0068
"mscorlib.dll!System.Collections.Generic::Dictionary`2.Clear()";0.0037;0.0029;0.0183;1230;1336;1157;8;14;1.20309998768062;0.004010333;0.0035;0.0041;1502;5;5;7;300;1147;0;0.0177;1160;1157;0.0035
"UnityEngine.CoreModule.dll!UnityEngine::GameObject.SendMessage()";0.0037;0.0027;0.013;1240;1228;1207;7;7;0.487199997995049;0.0038976;0.0034;0.004;125;1;1;1;125;1147;0.0027;0.013;1228;1207;0.0046
"UnityEditor.CoreModule.dll!UnityEditorInternal::InternalEditorUtility.get_isApplicationActive()";0.0037;0.0027;0.0296;1275;1266;1231;9;9;1.2677999951411;0.004226;0.0034;0.0042;300;1;1;1;300;1147;0.0027;0.0296;1266;1231;0.004
"UnityEngine.InputLegacyModule.dll!UnityEngine::Input.GetButtonDown()";0.0037;0.003;0.0128;1278;1266;1296;7;9;1.13359999656677;0.003778667;0.0035;0.0039;1192;4;2;4;300;1147;0.0004;0.0112;1148;1296;0.0038
"Director.SampleTime";0.0037;0.0025;0.0098;1329;1300;1178;3;3;1.22599999327213;0.004086667;0.0035;0.0041;300;1;1;1;300;1147;0.0025;0.0098;1300;1178;0.0036
"Unity.RenderPipelines.Universal.Runtime.dll!::ScreenSpaceShadowsPostPass.Configure()";0.0037;0.0034;0.0169;1340;1384;1190;17;17;1.27629999280907;0.004254333;0.0036;0.0038;301;1;1;2;300;1147;0.0034;0.0169;1384;1190;0.0038
"UnityEngine.CoreModule.dll!UnityEngine.Rendering::RenderPipelineManager.IsPipelineRequireCreation()";0.0037;0.0031;0.0137;1366;1250;1246;4;4;1.16969999484718;0.003899;0.0035;0.004;301;1;1;2;300;1147;0.0031;0.0137;1250;1246;0.0041
"Unity.RenderPipelines.Universal.Runtime.dll!::BeautifyRenderPass.UpdateMaterialBloomIntensityAndThreshold()";0.0037;0.0033;0.0115;1373;1418;1359;16;16;1.20159999630414;0.004005333;0.0036;0.0039;301;1;1;2;300;1147;0.0033;0.0115;1418;1359;0.0043
"UnityEngine.CoreModule.dll!UnityEngine::Light.get_type()";0.0037;0.0031;0.0108;1238;1246;1446;6;6;1.20329996964574;0.004011;0.0035;0.004;3900;13;13;13;300;1147;0.0001;0.0058;1147;1209;0.003499999
"Inl_ScriptableRenderPass.Configure";0.0037;0.0031;0.01569999;1231;1188;1446;18;18;1.16099997133279;0.00387;0.003599999;0.003899999;6622;22;22;44;300;1147;0.0001;0.0049;1147;1446;0.003799999
"UnityEngine.ParticleSystemModule.dll!UnityEngine::ParticleSystem.get_isStopped()";0.0037;0.0029;0.0103;1418;1315;1446;7;7;1.15549998541246;0.003851667;0.0035;0.0039;3600;12;12;12;300;1147;0.0001;0.0069;1147;1297;0.0041
"UnityEngine.CoreModule.dll!UnityEngine::Object.GetHashCode()";0.0036;0.0027;0.0077;1376;1443;1446;10;20;1.09299997245398;0.003643333;0.0034;0.0038;11382;38;33;38;300;1147;0;0.0028;1147;1268;0.004000001
"mscorlib.dll!System.Collections.Generic::List`1..ctor()";0.0036;0.003;0.0137;1426;1166;1370;6;21;1.13669999172998;0.003789;0.0034;0.0039;2409;8;8;17;300;1147;0;0.0121;1182;1370;0.0036
"Assembly-CSharp.dll!::EnviroCore.OrbitalToLocal()";0.0036;0.0033;0.0065;1151;1165;1262;7;7;1.08350000320934;0.003611667;0.0035;0.0036;600;2;2;2;300;1147;0.0015;0.0048;1187;1262;0.0037
"Assembly-CSharp.dll!::EnviroSkyMgr.get_Components()";0.0036;0.0033;0.0135;1164;1222;1446;5;15;1.0959999904735;0.003653333;0.0035;0.0037;902;3;3;5;300;1147;0.001;0.0052;1147;1266;0.0066
"Unity.InputSystem.dll!UnityEngine.InputSystem.LowLevel::InputEventStream.Peek()";0.0036;0.0002;0.006000001;1179;1158;1214;7;7;0.284899995007436;0.003063441;0.002;0.0041;347;4;1;7;93;1153;0.0001;0.0022;1156;1241;0.0019
"UnityEngine.CoreModule.dll!UnityEngine::RenderTexture.set_active()";0.0036;0.0029;0.015;1200;1398;1368;18;18;1.22299999522511;0.004076667;0.0034;0.0038;602;2;2;4;300;1147;0.0011;0.0133;1258;1368;0.0035
"mscorlib.dll!System.Collections.Generic::Dictionary`2.TryInsert()";0.0036;0.003;0.0206;1223;1186;1446;7;17;1.13299998895673;0.003776667;0.0034;0.0038;1208;4;4;12;300;1147;0.0002;0.006;1148;1362;0.0035
"UnityEngine.CoreModule.dll!UnityEngine::Transform.Internal_LookAt()";0.0036;0.0032;0.014;1319;1152;1374;7;8;1.10639997938415;0.003688;0.0035;0.0037;900;3;3;3;300;1147;0.0006;0.0126;1147;1374;0.0033
"UMA_Core.dll!UMA::UMAGeneratorBuiltin.Update()";0.0036;0.0031;0.0131;1353;1246;1208;4;4;1.14659999497235;0.003822;0.0034;0.0039;300;1;1;1;300;1147;0.0031;0.0131;1246;1208;0.0042
"Assembly-CSharp.dll!UnityEngine.Rendering.LWRP::EnviroBlitPassVolumeClouds.Configure()";0.0036;0.0033;0.0502;1362;1197;1221;17;17;1.17049999069422;0.003901667;0.0035;0.0038;301;1;1;2;300;1147;0.0033;0.0502;1197;1221;0.0038
"UnityEngine.CoreModule.dll!UnityEngine::Light.get_lightmapBakeType()";0.003599999;0.003099999;0.009899997;1350;1230;1281;6;6;1.14799996737565;0.003826667;0.003499999;0.003799999;3900;13;13;13;300;1147;0.0001;0.0072;1147;1281;0.003699999
"UnityEngine.CoreModule.dll!UnityEngine::RenderTextureDescriptor.get_depthStencilFormat()";0.0035;0.003;0.01059999;1346;1164;1446;13;22;1.0873999722171;0.003624666;0.0034;0.0037;11446;38;38;84;300;1147;0;0.0053;1147;1381;0.0039
"Unity.RenderPipelines.Universal.Runtime.dll!UnityEngine.Rendering.Universal::ScriptableRenderPass.get_depthAttachment()";0.0035;0.0028;0.01019999;1396;1356;1446;15;18;1.11979997401068;0.003732667;0.0033;0.0038;11129;37;37;66;300;1147;0;0.0054;1147;1164;0.0035
"UnityEditor.CoreModule.dll!UnityEditor.SceneManagement::StageUtility.IsGameObjectRenderedByCamera()";0.0035;0.0028;0.0137;1156;1394;1282;13;13;1.09490000130609;0.003649667;0.0033;0.0036;602;2;2;4;300;1147;0.0013;0.0118;1160;1282;0.0032
"UnityEngine.CoreModule.dll!UnityEngine::SystemInfo.get_usesReversedZBuffer()";0.0035;0.0031;0.0135;1195;1172;1353;15;20;1.11599998125166;0.00372;0.0034;0.0037;1806;6;6;12;300;1147;0.0002;0.0113;1148;1353;0.0035
"UnityEngine.CoreModule.dll!UnityEngine.Rendering::AsyncGPUReadbackRequest.get_hasError()";0.0035;0.0025;0.0079;1333;1199;1381;4;5;1.06019998999545;0.003534;0.0033;0.0037;900;3;3;3;300;1147;0.0004;0.0066;1156;1381;0.0039
"Unity.RenderPipelines.Universal.Runtime.dll!UnityEngine.Rendering.Universal::PostProcessUtils.SetSourceSize()";0.0035;0.0031;0.0111;1412;1201;1392;18;18;1.15669998619705;0.003855667;0.0034;0.0037;602;2;2;4;300;1147;0.0011;0.0098;1162;1392;0.0034
"UnityEngine.CoreModule.dll!UnityEngine::Camera.get_pixelRect()";0.0035;0.0028;0.0152;1419;1360;1157;5;12;1.10529999481514;0.003684333;0.0033;0.0038;601;2;2;3;300;1147;0.0013;0.012;1169;1157;0.0039
"mscorlib.dll!System.Runtime.InteropServices::GCHandle.Alloc()";0.0035;0.003;0.0133;1430;1210;1443;9;11;1.12159999774303;0.003738667;0.0034;0.0038;600;2;2;2;300;1147;0.0008;0.0122;1176;1443;0.0031
"UnityEngine.CoreModule.dll!::JobScheduleParameters..ctor()";0.0035;0.0031;0.006499999;1436;1266;1301;9;9;1.08679997900617;0.003622667;0.0035;0.0037;2400;8;8;8;300;1147;0.0003;0.0033;1147;1273;0.0037
"UnityEngine.CoreModule.dll!UnityEngine::Mesh.CheckCanAccessSubmeshIndices()";0.0035;0.0035;0.0035;1446;1446;1446;22;24;0.0034999999916181;0.0035;0.0035;0.0035;2;2;2;2;1;1446;0.0016;0.0019;1446;1446;0
"Unity.RenderPipelines.Universal.Runtime.dll!::Profiling.TryGetOrAddCameraSampler()";0.0035;0.0029;0.0141;1151;1206;1343;9;9;1.14099999167956;0.003803333;0.0033;0.0037;301;1;1;2;300;1147;0.0029;0.0141;1206;1343;0.0033
"Unity.RenderPipelines.Core.Runtime.dll!UnityEngine.Rendering::DebugManager.UpdateAction()";0.0035;0.0024;0.0132;1155;1184;1415;6;6;1.21389996958897;0.004046333;0.0033;0.0038;2700;9;9;9;300;1147;0.0002;0.0097;1147;1415;0.0058
"mscorlib.dll!System.Reflection::RuntimeMethodInfo.get_DeclaringType()";0.0035;0.0028;0.008699999;1326;1254;1312;8;9;1.06829998793546;0.003561;0.0033;0.0037;600;2;2;2;300;1147;0.0006;0.0079;1426;1312;0.0041
"Unity.RenderPipelines.Core.Runtime.dll!UnityEngine.Rendering::DebugManager.GetActionToggleDebugMenuWithTouch()";0.0035;0.0029;0.0136;1327;1269;1438;5;5;1.10089999414049;0.003669667;0.0033;0.0037;300;1;1;1;300;1147;0.0029;0.0136;1269;1438;0.0039
"UnityEngine.CoreModule.dll!UnityEngine::Mesh.set_bounds_Injected()";0.0035;0.0028;0.0138;1375;1271;1227;7;7;1.10209999443032;0.003673667;0.0033;0.0037;300;1;1;1;300;1147;0.0028;0.0138;1271;1227;0.0038
"mscorlib.dll!System::Array.CreateInstanceImpl()";0.0035;0.0035;0.0035;1446;1446;1446;23;23;0.00349999993341044;0.0035;0.0035;0.0035;3;3;3;3;1;1446;0.0006;0.0018;1446;1446;0
"UnityEditor.CoreModule.dll!UnityEditor::EditorMaterialUtility.get_disableApplyMaterialPropertyDrawers()";0.0035;0.0035;0.0035;1446;1446;1446;16;22;0.00349999990430661;0.0035;0.0035;0.0035;11;11;11;11;1;1446;0.0002;0.0006;1446;1446;0
"Unity.InputSystem.dll!UnityEngine.InputSystem.LowLevel::InputEvent.get_type()";0.0035;0.0011;0.0076;1215;1180;1214;7;10;0.300699989835266;0.003233333;0.0021;0.004199999;948;11;2;20;93;1153;0.0002;0.0026;1153;1214;0.0019
"mscorlib.dll!System.Collections.Generic::GenericComparer`1.Compare()";0.0035;0.0035;0.0035;1446;1446;1446;24;24;0.00349999984609894;0.0035;0.0035;0.0035;11;11;11;11;1;1446;0.0002;0.0006;1446;1446;0
"Crest.dll!Crest::LodDataMgr.get_DataTexture()";0.003499999;0.0028;0.0496;1254;1268;1236;9;11;1.17329995936598;0.003911;0.0032;0.0037;3630;12;12;30;300;1147;0.0002;0.0459;1147;1236;0.0032
"UnityEngine.CoreModule.dll!UnityEngine::SystemInfo.IsFormatSupported()";0.003499999;0.0031;0.01489999;1259;1160;1446;13;23;1.07869997090165;0.003595666;0.003399999;0.003599999;3938;13;13;51;300;1147;0.0001;0.0043;1148;1415;0.0034
"UnityEngine.CoreModule.dll!UnityEngine::Mathf.Clamp()";0.003499999;0.002899999;0.007599999;1422;1246;1446;5;17;1.05219997343374;0.003507333;0.0033;0.0036;9006;30;30;36;300;1147;0;0.0036;1147;1165;0.004
"Crest.dll!Crest::OceanRenderer.get_LodDataResolution()";0.0034;0.0022;0.01789999;1249;1304;1446;8;10;1.06279997298407;0.003542667;0.0031;0.003600001;11820;40;33;121;300;1147;0;0.0052;1147;1238;0.003
"UnityEngine.UI.dll!UnityEngine.EventSystems::BaseInputModule.ShouldActivateModule()";0.0034;0.0028;0.0135;1186;1173;1235;6;6;1.03819999657571;0.003460667;0.0032;0.0036;300;1;1;1;300;1147;0.0028;0.0135;1173;1235;0.0042
"UnityEngine.CoreModule.dll!UnityEngine::ComputeShader.FindKernel()";0.0034;0.0024;0.0133;1216;1283;1295;10;10;1.0750999962911;0.003583667;0.0031;0.0036;630;2;2;20;300;1147;0.0003;0.0128;1178;1295;0.0031
"PlayerEndOfFrame";0.0034;0.0025;0.0139;1272;1264;1446;2;2;1.05129999690689;0.003504333;0.0032;0.0036;301;1;1;2;300;1147;0.0025;0.0099;1264;1446;0.0033
"Unity.RenderPipelines.Universal.Runtime.dll!::ScreenSpaceAmbientOcclusionPass.Setup()";0.0034;0.0028;0.0086;1314;1412;1446;15;15;1.06599999312311;0.003553333;0.0032;0.0036;301;1;1;2;300;1147;0.0028;0.0084;1412;1425;0.0035
"Crest.dll!Crest::PropertyWrapperComputeStandalone.SetTexture()";0.0034;0.0028;0.0139;1329;1254;1365;10;10;1.13549998897361;0.003785;0.0032;0.0037;600;2;2;2;300;1147;0.0007;0.0128;1157;1206;0.0031
"Crest.dll!Crest::ShapeWaves.get_WindSpeed()";0.0034;0.003;0.0129;1380;1182;1363;10;10;1.09939999063499;0.003664667;0.0033;0.0036;300;1;1;1;300;1147;0.003;0.0129;1182;1363;0.0031
"Crest.dll!Crest::Hashy.AddFloat()";0.0034;0.0029;0.0128;1393;1158;1348;7;12;1.07769998218282;0.003592333;0.0033;0.0036;1500;5;5;5;300;1147;0.0003;0.0068;1151;1253;0.0034
"UnityEngine.CoreModule.dll!UnityEngine::SystemInfo.get_graphicsUVStartsAtTop()";0.0034;0.0029;0.0088;1395;1235;1446;16;20;1.10249998408835;0.003675;0.0033;0.0036;1806;6;6;12;300;1147;0.0003;0.0058;1147;1414;0.0033
"CullPerObjectReflectionProbes";0.0034;0.0024;2.0322;1419;1296;1446;15;15;3.08159998757765;0.010272;0.0032;0.0037;301;1;1;2;300;1147;0.0024;2.0251;1296;1446;0.0029
"UnityEngine.CoreModule.dll!UnityEngine::Camera.get_cameraToWorldMatrix_Injected()";0.0034;0.003;0.0094;1442;1156;1446;17;19;1.06639998979517;0.003554667;0.0033;0.0036;1204;4;4;8;300;1147;0.0004;0.0064;1149;1211;0.0038
"UnityEngine.CoreModule.dll!UnityEngine::GL.get_wireframe()";0.0034;0.0029;0.021;1151;1285;1403;13;18;1.06279998586251;0.003542667;0.0032;0.0035;2709;9;9;18;300;1147;0.0001;0.0177;1151;1403;0.0034
"UnityEngine.CoreModule.dll!Unity.Collections::NativeSliceExtensions.Slice()";0.0034;0.0028;0.0139;1196;1417;1178;8;10;1.06109999248292;0.003537;0.0032;0.0036;600;2;2;2;300;1147;0.001;0.0125;1180;1178;0.0032
"UnityEngine.CoreModule.dll!UnityEngine::Quaternion.AngleAxis()";0.0034;0.0029;0.0138;1325;1360;1350;8;8;1.11309997105855;0.003710333;0.0033;0.0036;2100;7;7;7;300;1147;0.0003;0.0109;1147;1350;0.0037
"mscorlib.dll!System::Array.Copy()";0.0034;0.0027;0.0197;1352;1277;1250;5;22;1.07089999213349;0.003569667;0.0032;0.0036;604;2;2;6;300;1147;0.0009;0.0186;1339;1250;0.0038
"Crest.dll!Crest::LodDataMgrSeaFloorDepth.get_Settings()";0.0034;0.0031;0.0101;1397;1247;1293;7;8;1.19369999720948;0.003979;0.0033;0.0037;900;3;3;3;300;1147;0.0008;0.0082;1151;1293;0.0032
"mscorlib.dll!System::String.wstrcpy()";0.0034;0.003;0.09190006;1413;1165;1446;7;20;1.1826999761397;0.003942333;0.0033;0.0037;1020;3;3;123;300;1147;0.0005;0.0121;1446;1378;0.0038
"mscorlib.dll!Mono::SafeGPtrArrayHandle.Dispose()";0.0034;0.0034;0.0034;1446;1446;1446;22;22;0.00339999992866069;0.0034;0.0034;0.0034;3;3;3;3;1;1446;0.0007;0.0014;1446;1446;0
"UnityEngine.IMGUIModule.dll!UnityEngine::GUIUtility.get_guiDepth()";0.0034;0.002899999;0.0079;1413;1353;1400;5;7;1.04019997458818;0.003467333;0.0032;0.003599999;5400;18;18;18;300;1147;0.0001;0.0054;1147;1400;0.0032
"UnityEngine.CoreModule.dll!UnityEngine.Rendering::CommandBuffer.SetViewport()";0.0033;0.0027;0.0086;1151;1359;1229;20;20;1.00489998300327;0.003349667;0.0031;0.0034;1505;5;5;10;300;1147;0.0003;0.0065;1147;1229;0.0033
"UnityEngine.CoreModule.dll!UnityEngine::Component.GetComponentsForListInternal()";0.0033;0.0027;0.0132;1200;1403;1151;6;6;1.02729998523137;0.003424333;0.0031;0.0035;600;2;2;2;300;1147;0.0005;0.0126;1218;1151;0.0036
"UnityEditor.CoreModule.dll!UnityEditor::Selection.Contains()";0.0033;0.0028;0.014;1216;1246;1170;5;6;1.067899995076;0.003559667;0.0032;0.0035;600;2;2;2;300;1147;0.0008;0.0086;1349;1386;0.0033
"UnityEngine.CoreModule.dll!UnityEngine::Shader.SetGlobalMatrixImpl_Injected()";0.0033;0.0028;0.0091;1300;1275;1446;9;20;1.03909998402378;0.003463667;0.0032;0.0035;2106;7;7;13;300;1147;0.0001;0.0057;1149;1258;0.0034
"mscorlib.dll!System.Collections.Generic::Dictionary`2.set_Item()";0.0033;0.0029;0.0084;1308;1276;1362;6;10;1.03299999970477;0.003443333;0.0032;0.0035;601;2;2;3;300;1147;0.0012;0.0071;1152;1362;0.0036
"UnityEngine.UI.dll!UnityEngine.EventSystems::PointerInputModule.ProcessMove()";0.0033;0.0029;0.0081;1359;1254;1206;8;8;1.01699999696575;0.003435811;0.0032;0.0035;296;1;1;1;296;1147;0.0029;0.0081;1254;1206;0.0034
"CullQueryPortalVisibilityCombineJob";0.0033;0.0027;0.0039;1362;1255;1434;16;16;0.0263999998569489;0.0033;0.0028;0.0035;8;1;1;1;8;1165;0.0027;0.0039;1255;1434;0
"Assembly-CSharp.dll!::TargetsBloodUI.Update()";0.0033;0.0027;0.0087;1400;1349;1158;4;4;1.04549999698065;0.003485;0.0032;0.0036;600;2;2;2;300;1147;0.0013;0.0069;1147;1252;0.0032
"UnityEngine.CoreModule.dll!UnityEngine::Quaternion.Internal_FromEulerRad()";0.0033;0.0029;0.0134;1419;1244;1379;7;8;1.0672999911767;0.003557667;0.0032;0.0035;1200;4;4;4;300;1147;0.0003;0.0117;1159;1402;0.0034
"Gfx.EndAsyncJobFrame";0.0033;0.0025;0.0092;1421;1197;1214;2;4;1.06279999116668;0.003542667;0.0031;0.0037;901;3;3;4;300;1147;0.0005;0.006;1342;1241;0.0039
"Unity.RenderPipelines.Universal.Runtime.dll!::ScreenSpaceAmbientOcclusionPass.OnCameraCleanup()";0.0033;0.0028;0.0136;1429;1151;1337;15;15;1.07619999418966;0.003587333;0.0032;0.0035;301;1;1;2;300;1147;0.0028;0.0136;1151;1337;0.0036
"UnityEngine.CoreModule.dll!UnityEngine::GL.GetGPUProjectionMatrix_Injected()";0.0033;0.0029;0.0091;1442;1410;1446;15;20;1.03369998302514;0.003445667;0.0032;0.0035;2107;7;7;14;300;1147;0.0001;0.0046;1320;1389;0.0033
"mscorlib.dll!System::Double.IsNaN()";0.0033;0.0024;0.0103;1294;1222;1276;12;19;1.05909998172137;0.003530333;0.0031;0.0035;3004;10;10;14;300;1147;0.0002;0.0071;1147;1276;0.003
"UnityEngine.CoreModule.dll!UnityEngine::GameObject.get_activeInHierarchy()";0.0033;0.0026;0.0074;1181;1165;1436;7;10;0.993399981889524;0.003311333;0.003099999;0.003499999;3000;10;10;10;300;1147;0.0001;0.0048;1147;1436;0.0034
"Unity.RenderPipelines.Universal.Runtime.dll!UnityEngine.Rendering.Universal::ScriptableRenderPass.get_renderTargetWidth()";0.0032;0.0022;0.0108;1181;1278;1313;14;20;1.07599997551006;0.003586667;0.0029;0.0036;10234;34;34;68;300;1147;0;0.008;1147;1313;0.0035
"mscorlib.dll!System.Collections.Generic::KeyValuePair`2..ctor()";0.0032;0.0024;0.01569999;1298;1272;1446;7;14;1.00989997587749;0.003366333;0.003;0.0034;10833;36;36;69;300;1147;0;0.0103;1147;1264;0.0033
"Crest.dll!Crest::OceanRenderer.get_ScaleCouldIncrease()";0.0032;0.0027;0.0143;1364;1196;1297;6;8;1.02860000275541;0.003428667;0.0031;0.0034;600;2;2;2;300;1147;0.0009;0.0133;1149;1297;0.0033
"Crest.dll!Crest::PropertyWrapperCompute.SetFloat()";0.0032;0.0028;0.04689999;1177;1296;1446;9;10;1.09359996588319;0.003645333;0.0031;0.0033;2520;8;8;80;300;1147;0.0003;0.007;1147;1379;0.003
"UnityEngine.CoreModule.dll!UnityEngine::Transform.set_rotation()";0.0032;0.0027;0.0082;1177;1254;1206;6;7;0.976799986208789;0.003256;0.003;0.0033;900;3;3;3;300;1147;0.0006;0.0064;1147;1380;0.0034
"Boxophobic.TheVegetationEngine.Runtime.dll!TheVegetationEngine::TVEGlobalVolume.UpdateRenderBuffers()";0.0032;0.0027;0.0131;1194;1173;1200;5;5;1.01380000053905;0.003379333;0.003;0.0034;300;1;1;1;300;1147;0.0027;0.0131;1173;1200;0.003
"Unity.RenderPipelines.Universal.Runtime.dll!UnityEngine.Rendering.Universal::CameraData.get_requireSrgbConversion()";0.0032;0.0027;0.0147;1225;1182;1180;21;21;0.993699999526143;0.003312333;0.0031;0.0033;301;1;1;2;300;1147;0.0027;0.0147;1182;1180;0.0033
"UnityEngine.CoreModule.dll!UnityEngine::Camera.ScreenPointToRay_Injected()";0.0032;0.0027;0.0088;1247;1173;1205;8;8;0.422299999278039;0.003405645;0.003;0.0036;124;1;1;1;124;1147;0.0027;0.0088;1173;1205;0.0037
"mscorlib.dll!System::Number.NumberToString()";0.0032;0.0027;0.0082;1266;1147;1153;8;8;1.12649999675341;0.003755;0.003;0.0036;300;1;1;1;300;1147;0.0027;0.0082;1147;1153;0.0036
"ParticleSystem.RotationOverLifetimeModule";0.0032;0.0028;0.0336;1276;1306;1446;6;6;1.22179999091895;0.004072667;0.003;0.0042;684;2;2;24;300;1147;0.0001;0.0094;1147;1263;0.003
"Crest.dll!Crest::OceanRenderer.get_RunningWithoutGPU()";0.0032;0.0028;0.0083;1288;1295;1287;7;7;0.994699997827411;0.003315667;0.0031;0.0033;300;1;1;1;300;1147;0.0028;0.0083;1295;1287;0.0032
"CullPerObjectLights";0.0032;0.0025;0.0086;1303;1188;1446;15;15;0.981399996904656;0.003271333;0.003;0.0034;301;1;1;2;300;1147;0.0025;0.0067;1188;1166;0.0038
"UnityEngine.CoreModule.dll!UnityEngine::Camera.GetAllCamerasImpl()";0.0032;0.0025;0.0335;1341;1415;1299;6;6;1.04529999801889;0.003484333;0.003;0.0035;300;1;1;1;300;1147;0.0025;0.0335;1415;1299;0.0037
"Assembly-CSharp-firstpass.dll!PixelCrushers.DialogueSystem::StandardUIAlertControls.get_isVisible()";0.0032;0.0027;0.0132;1351;1363;1413;6;6;1.00679999752901;0.003356;0.0031;0.0034;300;1;1;1;300;1147;0.0027;0.0132;1363;1413;0.0032
"UnityEngine.CoreModule.dll!Unity.Collections.LowLevel.Unsafe::AtomicSafetyHandle.CheckReadAndThrowNoEarlyOut_Injected()";0.0032;0.002;0.0079;1354;1230;1299;9;11;0.972499981464352;0.003241667;0.0025;0.0036;1800;6;6;6;300;1147;0.0001;0.0059;1151;1316;0.0031
"UnityEngine.CoreModule.dll!UnityEngine.Rendering::CullingResults.get_visibleLights()";0.0032;0.0028;0.0131;1368;1206;1333;12;12;1.00979999848641;0.003366;0.0031;0.0034;301;1;1;2;300;1147;0.0028;0.0131;1206;1333;0.0036
"ParticleSystem.Draw";0.0032;0.0024;0.0079;1380;1376;1249;20;20;0.977099997806363;0.003257;0.003;0.0033;600;2;2;2;300;1147;0.0006;0.0069;1334;1249;0.0035
"UnityEngine.CoreModule.dll!Unity.Collections.LowLevel.Unsafe::AtomicSafetyHandle.Release()";0.0032;0.0028;0.0079;1388;1213;1253;13;21;1.01139999425504;0.003371333;0.0031;0.0033;1505;5;5;10;300;1147;0.0003;0.0058;1147;1253;0.0035
"mscorlib.dll!System.Reflection::MonoMethodInfo.GetParametersInfo()";0.0032;0.0022;0.013;1429;1443;1198;9;9;0.999099996872246;0.003330333;0.003;0.0035;300;1;1;1;300;1147;0.0022;0.013;1443;1198;0.003
"UnityEngine.IMGUIModule.dll!UnityEngine::GUIUtility.CheckOnGUI()";0.0031;0.0026;0.007699999;1173;1344;1400;6;6;0.941099988122005;0.003137;0.003;0.0032;1800;6;6;6;300;1147;0.0003;0.0058;1147;1400;0.0029
"FindBrightestDirectionalLight";0.0031;0.0022;0.0137;1193;1376;1446;15;16;0.998299997823779;0.003327667;0.0029;0.0034;602;2;2;4;300;1147;0.0006;0.0072;1147;1299;0.0032
"Unity.RenderPipelines.Universal.Runtime.dll!UnityEngine.Rendering.Universal.Internal::PostProcessPass.Setup()";0.0031;0.0029;0.0126;1201;1176;1284;12;12;0.98020000802353;0.003267333;0.003;0.0031;301;1;1;2;300;1147;0.0029;0.0126;1176;1284;0.0031
"System.Core.dll!System.Linq::Enumerable.TryGetLast()";0.0031;0.0025;0.0127;1231;1194;1153;8;8;0.952699999790639;0.003175667;0.0029;0.0033;300;1;1;1;300;1147;0.0025;0.0127;1194;1153;0.003
"Unity.TextMeshPro.dll!TMPro::TMP_UpdateManager.DoRebuilds()";0.0031;0.0024;0.0134;1232;1315;1355;7;7;0.974399994127452;0.003248;0.0029;0.0033;300;1;1;1;300;1147;0.0024;0.0134;1315;1355;0.0031
"AwesomeTechnologies.VegetationStudioPro.Runtime.dll!AwesomeTechnologies.VegetationSystem::VegetationSystemPro.DisposeTemporaryTerrainMemory()";0.0031;0.0024;0.0134;1236;1377;1243;5;5;1.1384999928996;0.003795;0.0029;0.0034;300;1;1;1;300;1147;0.0024;0.0134;1377;1243;0.0029
"Assembly-CSharp-firstpass.dll!PixelCrushers::InputDeviceManager.DefaultGetKeyDown()";0.0031;0.0025;0.0076;1242;1303;1410;7;7;0.944900007452816;0.003149667;0.003;0.0032;1200;4;4;4;300;1147;0.0004;0.0063;1148;1355;0.0031
"UnityEngine.CoreModule.dll!UnityEngine::Renderer.CopySharedMaterialArray()";0.0031;0.0025;0.0115;1295;1225;1389;13;13;0.971599996555597;0.003238667;0.0029;0.0033;300;1;1;1;300;1147;0.0025;0.0115;1225;1389;0.0031
"mscorlib.dll!System::RuntimeType.TryConvertToType()";0.0031;0.0027;0.013;1331;1147;1302;10;10;0.962899998063222;0.003209667;0.003;0.0033;300;1;1;1;300;1147;0.0027;0.013;1147;1302;0.0033
"AwesomeTechnologies.VegetationStudioPro.Runtime.dll!AwesomeTechnologies.VegetationSystem::VegetationStudioCamera.PrepareRenderLists()";0.0031;0.0025;0.013;1339;1271;1318;5;5;0.967999995918944;0.003226667;0.0029;0.0033;300;1;1;1;300;1147;0.0025;0.013;1271;1318;0.0032
"UnityEngine.CoreModule.dll!UnityEngine::ComputeShader.SetBuffer()";0.0031;0.0023;0.0559;1354;1334;1301;8;9;1.13659999813535;0.003788667;0.0029;0.0034;900;3;3;3;300;1147;0.0003;0.0544;1203;1301;0.004
"UnityEngine.UI.dll!UnityEngine.EventSystems::StandaloneInputModule.ProcessMousePress()";0.0031;0.0028;0.0078;1370;1207;1318;8;8;0.956199985812418;0.003230405;0.003;0.0033;888;3;3;3;296;1147;0.0007;0.0063;1147;1318;0.0034
"Unity.RenderPipelines.Universal.Runtime.dll!UnityEngine.Rendering.Universal::ScriptableRenderer.get_activeRenderPassQueue()";0.0031;0.0024;0.01019999;1434;1297;1446;12;14;0.987099975791352;0.003290333;0.003;0.0033;11739;39;39;78;300;1147;0;0.0067;1147;1369;0.0033
"Assembly-CSharp.dll!::UIGuildInvite.Update()";0.0031;0.0028;0.0132;1442;1178;1153;4;4;1.05429999879561;0.003514333;0.003;0.0034;300;1;1;1;300;1147;0.0028;0.0132;1178;1153;0.0031
"UnityEngine.CoreModule.dll!UnityEngine::Light.get_shadows()";0.0031;0.0027;0.008099999;1156;1222;1217;12;20;0.98059998115059;0.003268667;0.003;0.0033;3311;11;11;22;300;1147;0.0001;0.0055;1147;1217;0.0034
"Crest.dll!Crest::LodDataMgrAnimWaves.get_SettingsBase()";0.0031;0.0026;0.0095;1158;1243;1353;7;7;1.0393000068143;0.003464333;0.0029;0.0033;600;2;2;2;300;1147;0.001;0.0085;1150;1353;0.003
"Crest.dll!Crest::LodDataMgrAnimWaves.ParamIdSampler()";0.0031;0.0024;0.012;1171;1401;1446;11;12;0.960799968597712;0.003202667;0.0029;0.0033;2715;9;9;18;300;1147;0.0002;0.0037;1147;1215;0.0029
"UnityEngine.CoreModule.dll!UnityEngine::Material.get_passCount()";0.0031;0.0025;0.013;1243;1274;1206;18;18;1.0083999999988;0.003361333;0.0029;0.0033;1204;4;4;8;300;1147;0.0001;0.0121;1167;1206;0.0028
"mscorlib.dll!System.Collections.Generic::ObjectEqualityComparer`1.LastIndexOf()";0.0031;0.0025;0.009699999;1280;1188;1446;15;19;0.949599985440727;0.003165333;0.0029;0.0033;1204;4;4;8;300;1147;0.0004;0.0035;1161;1338;0.0033
"UnityEngine.CoreModule.dll!Unity.Collections.LowLevel.Unsafe::AtomicSafetyHandle.CheckGetSecondaryDataPointerAndThrow_Injected()";0.0031;0.0021;0.0114;1310;1231;1435;9;11;1.0344999752997;0.003448333;0.002899999;0.0034;3600;12;12;12;300;1147;0.0001;0.0093;1147;1435;0.003
"UnityEngine.CoreModule.dll!UnityEngine::QualitySettings.get_activeColorSpace()";0.0031;0.0025;0.017;1375;1394;1298;6;19;0.973099983406428;0.003243667;0.003;0.0032;3912;13;13;25;300;1147;0.0001;0.0143;1147;1298;0.0034
"UnityEngine.CoreModule.dll!UnityEngine::Vector2.op_Inequality()";0.0031;0.0026;0.0081;1395;1307;1375;9;9;0.967699966393411;0.003225666;0.003;0.0032;3300;11;11;11;300;1147;0.0002;0.0053;1147;1375;0.0034
"mscorlib.dll!System::RuntimeType.get_Assembly()";0.0031;0.0031;0.0031;1446;1446;1446;23;23;0.00309999997261912;0.0031;0.0031;0.0031;3;3;3;3;1;1446;0.0007;0.0015;1446;1446;0
"UnityEngine.CoreModule.dll!UnityEngine::Texture.ValidateFormat()";0.0031;0.0031;0.0031;1446;1446;1446;22;22;0.00309999988530762;0.0031;0.0031;0.0031;8;8;8;8;1;1446;0.0003;0.0007;1446;1446;0
"UnityEngine.CoreModule.dll!UnityEngine::Vector3.get_forward()";0.0031;0.002299999;0.0079;1231;1185;1274;7;19;0.997099974993034;0.003323667;0.0029;0.0032;8404;28;28;32;300;1147;0;0.0052;1147;1274;0.0029
"UnityEngine.CoreModule.dll!UnityEngine::Vector3.op_UnaryNegation()";0.0031;0.0027;0.0082;1252;1170;1446;6;18;0.927899967529811;0.003093;0.0029;0.0032;3001;10;10;11;300;1147;0.0002;0.0044;1147;1237;0.0034
"Unity.InputSystem.dll!UnityEngine.InputSystem.Utilities::FourCC.op_Implicit()";0.0031;0.0006;0.0054;1277;1171;1214;7;9;0.262499990363722;0.002822581;0.0017;0.003799999;1041;12;3;21;93;1153;0.0001;0.0005;1154;1158;0.0017
"Crest.dll!Crest::PreparedReflections.GetRenderTexture()";0.003;0.0023;0.007199999;1417;1270;1446;18;18;0.940699981932994;0.003135667;0.0029;0.0032;9000;30;30;30;300;1147;0;0.0028;1147;1290;0.003400001
"mscorlib.dll!System.Collections.Generic::List`1.RemoveAt()";0.003;0.0024;0.0205;1153;1172;1250;4;15;0.944499993696809;0.003148333;0.0028;0.0033;601;2;2;3;300;1147;0.0001;0.0203;1182;1250;0.0036
"Unity.RenderPipelines.Universal.Runtime.dll!UnityEngine.Rendering.Universal::ScriptableRenderer.DrawWireOverlay()";0.003;0.0026;0.0076;1170;1376;1446;12;12;0.920099996495992;0.003067;0.0028;0.0031;301;1;1;2;300;1147;0.0026;0.0073;1376;1242;0.003
"UnityEngine.CoreModule.dll!UnityEngine::Application.InvokeOnBeforeRender()";0.003;0.0022;0.0142;1185;1408;1347;3;3;0.969999995082617;0.003233333;0.0028;0.0032;301;1;1;2;300;1147;0.0022;0.0142;1408;1347;0.0028
"Crest.dll!Crest::LodDataMgrSeaFloorDepth.get_SettingsBase()";0.003;0.0026;0.0098;1227;1402;1293;7;7;1.07289999828208;0.003576333;0.0029;0.0033;600;2;2;2;300;1147;0.001;0.0087;1147;1293;0.0031
"Unity.RenderPipelines.Universal.Runtime.dll!UnityEngine.Rendering.Universal::UniversalRenderer.IsGLESDevice()";0.003;0.0027;0.009500001;1229;1196;1446;13;14;0.912400000321213;0.003041333;0.0029;0.0031;903;3;3;6;300;1147;0.0008;0.0048;1154;1173;0.003
"UnityEngine.UIModule.dll!UnityEngine::RectTransformUtility.PointInRectangle()";0.003;0.0024;0.0042;1268;1256;1238;13;13;0.388499998487532;0.003108;0.0028;0.0034;125;1;1;1;125;1147;0.0024;0.0042;1256;1238;0.0035
"Crest.dll!Crest::RenderPipelineHelper.get_IsUniversal()";0.003;0.0024;0.0138;1281;1228;1339;7;7;1.00969999458175;0.003365667;0.0028;0.0033;600;2;2;2;300;1147;0.0005;0.0132;1149;1339;0.0082
"Crest.dll!Crest::LodDataMgrFoam.get_SettingsBase()";0.003;0.0027;0.0083;1312;1149;1261;7;7;0.975000007427298;0.00325;0.0029;0.0031;600;2;2;2;300;1147;0.001;0.0073;1147;1261;0.003
"Assembly-CSharp.dll!::UIInventory.Update()";0.003;0.0025;0.0082;1347;1267;1202;4;4;0.947899996535853;0.003159667;0.0028;0.0032;300;1;1;1;300;1147;0.0025;0.0082;1267;1202;0.0031
"Assembly-CSharp.dll!::UIPartyHUD.Update()";0.003;0.0025;0.0082;1414;1173;1215;4;4;0.953599996631965;0.003178667;0.0029;0.0032;300;1;1;1;300;1147;0.0025;0.0082;1173;1215;0.003
"UnityEngine.CoreModule.dll!UnityEngine.Rendering::AsyncGPUReadbackRequest.get_done()";0.003;0.0019;0.0084;1424;1267;1293;4;5;0.893799992103595;0.002979333;0.0025;0.0033;900;3;3;3;300;1147;0.0004;0.0066;1154;1293;0.0033
"UnityEngine.CoreModule.dll!UnityEngine.Experimental.Rendering::GraphicsFormatUtility.IsDepthFormat()";0.003;0.0027;0.009599996;1428;1443;1446;16;20;0.952799974118534;0.003176;0.0029;0.0032;5424;18;18;42;300;1147;0;0.0056;1155;1316;0.003
"UnityEngine.CoreModule.dll!UnityEngine::Material.SetMatrixImpl_Injected()";0.003;0.0025;0.0115;1271;1244;1446;9;20;0.971199976687785;0.003237333;0.0029;0.0032;2106;7;7;13;300;1147;0.0002;0.0076;1147;1432;0.0035
"mscorlib.dll!System.Reflection::MonoMethodInfo.GetDeclaringType()";0.003;0.0023;0.007999999;1292;1254;1312;9;10;0.909699995070696;0.003032333;0.0028;0.0032;600;2;2;2;300;1147;0.0005;0.0075;1147;1312;0.0034
"mscorlib.dll!System::DateTime.GetDatePart()";0.003;0.0026;0.008;1377;1188;1225;7;9;0.934099983016495;0.003113667;0.0029;0.0031;1800;6;6;6;300;1147;0.0002;0.0062;1147;1225;0.003
"UnityEngine.CoreModule.dll!UnityEngine::Camera.get_targetTexture()";0.003;0.0024;0.0082;1380;1160;1365;5;15;0.933899974872475;0.003113;0.0029;0.0031;1805;6;6;11;300;1147;0.0001;0.0059;1147;1365;0.0034
"Unity.RenderPipelines.Universal.Runtime.dll!::<>c.<Setup>b__81_0()";0.003;0.0026;0.0118;1163;1226;1446;13;13;1.04509996827983;0.003483667;0.002899999;0.0031;3311;11;11;22;300;1147;0.0002;0.0038;1147;1395;0.0031
"Unity.RenderPipelines.Universal.Runtime.dll!UnityEngine.Rendering.Universal::ScriptableRenderPass.get_renderTargetHeight()";0.0029;0.002099999;0.007699995;1147;1194;1446;14;20;0.89289997798187;0.002976333;0.0027;0.003;10234;34;34;68;300;1147;0;0.0029;1147;1156;0.003
"UnityEngine.CoreModule.dll!UnityEngine.Rendering::AsyncGPUReadbackRequest.SetScriptingCallback()";0.0029;0.0021;0.011;1159;1238;1312;8;8;0.894799994770437;0.002982667;0.0026;0.0031;300;1;1;1;300;1147;0.0021;0.011;1238;1312;0.0031
"UnityEngine.InputLegacyModule.dll!UnityEngine::Input.GetAxisRaw()";0.0029;0.0018;0.007199999;1167;1444;1261;7;9;0.868699982762337;0.002895667;0.0028;0.003;1192;4;2;4;300;1147;0.0003;0.0056;1148;1261;0.0029
"UnityEngine.CoreModule.dll!Unity.Collections.LowLevel.Unsafe::AtomicSafetyHandle.CheckDeallocateAndThrow()";0.0029;0.0025;0.008199999;1185;1147;1446;13;21;0.905599989302573;0.003018667;0.0028;0.003;1505;5;5;10;300;1147;0.0002;0.0059;1155;1205;0.0031
"Crest.dll!Crest::OceanRenderer.get_WindSpeedKPH()";0.0029;0.0025;0.0124;1191;1205;1363;11;11;0.925299992552027;0.003084333;0.0028;0.003;300;1;1;1;300;1147;0.0025;0.0124;1205;1363;0.0027
"WaitForRenderJobs";0.0029;0.0021;0.008799999;1278;1197;1214;3;5;0.915999989345437;0.003053333;0.0026;0.0032;901;3;3;4;300;1147;0.0004;0.0056;1240;1161;0.0034
"mscorlib.dll!System::RuntimeType.IsAssignableFrom()";0.0029;0.0024;0.0144;1308;1169;1294;14;14;0.950699996436015;0.003169;0.0027;0.0031;301;1;1;2;300;1147;0.0024;0.0144;1169;1294;0.0029
"Crest.dll!Crest::LodDataMgrFoam.GetSimSubstepData()";0.0029;0.0017;0.018;1326;1181;1397;9;9;0.878099996130913;0.002927;0.0028;0.003;300;1;1;1;300;1147;0.0017;0.018;1181;1397;0.0028
"mscorlib.dll!System.Runtime.InteropServices::GCHandle..ctor()";0.0029;0.0023;0.0084;1353;1210;1299;10;12;0.91839999333024;0.003061333;0.0027;0.0031;600;2;2;2;300;1147;0.0006;0.0075;1176;1299;0.0026
"Assembly-CSharp.dll!::EnviroSky.UpdateCloudShadows()";0.0029;0.0025;0.0137;1373;1230;1283;5;5;0.955899995751679;0.003186333;0.0028;0.0031;300;1;1;1;300;1147;0.0025;0.0137;1230;1283;0.0032
"UnityEngine.CoreModule.dll!UnityEngine::SystemInfo.get_supportsMultisampledTextures()";0.0029;0.0025;0.0218;1378;1151;1382;13;18;0.915899986604927;0.003053;0.0028;0.0031;1204;4;4;8;300;1147;0.0003;0.015;1229;1382;0.0031
"mscorlib.dll!System::Math.Atan2()";0.0029;0.0024;0.007900001;1154;1178;1422;8;8;0.898799969101674;0.002996;0.0027;0.0031;3000;10;10;10;300;1147;0.0001;0.0057;1147;1422;0.003499999
"UnityEngine.CoreModule.dll!UnityEngine::Matrix4x4.get_Item()";0.0029;0.0023;0.0127;1286;1341;1444;16;19;0.910899985799915;0.003036333;0.0027;0.003;1806;6;6;12;300;1147;0.0001;0.0058;1167;1444;0.0031
"UnityEngine.CoreModule.dll!UnityEngine::Object.DoesObjectWithInstanceIDExist()";0.0029;0.002499999;0.0106;1320;1230;1446;8;24;0.928899968101177;0.003096333;0.0028;0.003;4207;14;14;21;300;1147;0;0.0042;1165;1164;0.003
"UnityEngine.CoreModule.dll!UnityEngine::Vector2.op_Implicit()";0.0029;0.0015;0.007900001;1419;1443;1183;5;12;0.916799970174907;0.003056;0.0026;0.0032;2333;7;3;9;300;1147;0.0002;0.0054;1147;1183;0.0035
"mscorlib.dll!System::Enum.GetValue()";0.0029;0.0029;0.0029;1446;1446;1446;23;23;0.00289999996311963;0.0029;0.0029;0.0029;3;3;3;3;1;1446;0.0007;0.0013;1446;1446;0
"UnityEngine.IMGUIModule.dll!UnityEngine::GUIStyle.SetDefaultFont()";0.002899999;0.0024;0.0082;1334;1216;1284;5;8;0.931399984212476;0.003104667;0.0027;0.0031;2100;7;7;7;300;1147;0.0001;0.0062;1147;1284;0.002899999
"UnityEngine.CoreModule.dll!Unity.Collections.LowLevel.Unsafe::UnsafeUtility.WriteArrayElement()";0.0028;0.001999999;0.009199999;1239;1367;1202;9;20;0.900899978660163;0.003003;0.0026;0.003;8717;29;29;46;300;1147;0;0.0066;1147;1160;0.005599998
"UnityEngine.CoreModule.dll!Unity.Collections.LowLevel.Unsafe::AtomicSafetyHandle.IsTempMemoryHandle()";0.0028;0.0024;0.0078;1408;1203;1427;13;21;0.883399989834288;0.002944667;0.0027;0.003;1505;5;5;10;300;1147;0.0002;0.0056;1160;1427;0.0029
"Unity.RenderPipelines.Universal.Runtime.dll!UnityEngine.Rendering.Universal.Internal::CopyColorPass.OnCameraCleanup()";0.0028;0.0025;0.0125;1168;1212;1446;15;15;0.917099997168407;0.003057;0.0027;0.0029;301;1;1;2;300;1147;0.0025;0.0109;1212;1214;0.0028
"UnityEngine.CoreModule.dll!UnityEngine::RenderTexture.SetActive()";0.0028;0.0022;0.0104;1177;1255;1370;19;19;0.94189998996444;0.003139667;0.0026;0.0029;602;2;2;4;300;1147;0.0009;0.0091;1147;1370;0.0027
"Assembly-CSharp.dll!::UINpcDialogue.Update()";0.0028;0.0023;0.0129;1212;1193;1361;4;4;0.889499995857477;0.002965;0.0026;0.0029;300;1;1;1;300;1147;0.0023;0.0129;1193;1361;0.0032
"UnityEngine.CoreModule.dll!UnityEngine::Transform.set_position_Injected()";0.0028;0.0023;0.0113;1219;1266;1293;6;8;0.894099991681287;0.002980333;0.0026;0.0029;1200;4;4;4;300;1147;0.0003;0.0062;1147;1267;0.0031
"UnityEngine.InputLegacyModule.dll!UnityEngine::CameraRaycastHelper.RaycastTry2D()";0.0028;0.0024;0.0135;1219;1173;1235;5;5;0.375599999446422;0.003029032;0.0027;0.003;124;1;1;1;124;1147;0.0024;0.0135;1173;1235;0.0126
"Assembly-CSharp.dll!::UIGuild.Update()";0.0028;0.0023;0.0125;1223;1147;1216;4;4;0.882199994986877;0.002940667;0.0026;0.003;300;1;1;1;300;1147;0.0023;0.0125;1147;1216;0.003
"Unity.InputSystem.dll!UnityEngine.InputSystem.LowLevel::InputEvent.GetNextInMemory()";0.0028;0.0011;0.0044;1276;1161;1214;8;8;0.204499995277729;0.002524691;0.0019;0.003;254;4;1;6;81;1153;0.0005;0.0016;1155;1163;0.0015
"mscorlib.dll!System.Reflection::MonoMethodInfo.get_parameter_info()";0.0028;0.002;0.0126;1282;1443;1198;10;10;0.866299997316673;0.002887667;0.0026;0.003;300;1;1;1;300;1147;0.002;0.0126;1443;1198;0.0025
"UnityEditor.CoreModule.dll!UnityEditor.SceneManagement::StageUtility.IsGameObjectRenderedByCameraInternal()";0.0028;0.0021;0.0131;1285;1207;1282;14;14;0.886899989331141;0.002956333;0.0026;0.0029;602;2;2;4;300;1147;0.001;0.0114;1207;1282;0.0025
"Shadows.SplitAndSortCasters";0.0028;0.0008;0.008999999;1290;1372;1436;19;19;0.847999987076037;0.002845638;0.0021;0.0032;750;3;1;6;298;1147;0.0006;0.0054;1151;1177;0.0021
"AwesomeTechnologies.VegetationStudioPro.Runtime.dll!AwesomeTechnologies.VegetationSystem::VegetationSystemPro.SetupInstancedIndirectComputeBuffers()";0.0028;0.0025;0.0128;1302;1295;1293;5;5;0.875199993839487;0.002917333;0.0027;0.0029;300;1;1;1;300;1147;0.0025;0.0128;1295;1293;0.0032
"UnityEngine.CoreModule.dll!UnityEngine.Rendering::ScriptableRenderContext.DrawShadows_Internal()";0.0028;0.0023;0.0101;1311;1219;1308;21;21;0.901199985761195;0.003004;0.0027;0.0029;1204;4;4;8;300;1147;0.0003;0.0064;1149;1215;0.0029
"Camera.Render";0.0028;0.0007;0.0132;1318;1244;1408;2;2;0.873899994767271;0.002913;0.0027;0.0029;301;1;1;2;300;1147;0.0007;0.0132;1244;1408;0.0031
"Unity.RenderPipelines.Universal.Runtime.dll!UnityEngine.Rendering.Universal.Internal::RenderTargetBufferSystem.GetFrontBuffer()";0.0028;0.0022;0.007999999;1321;1147;1151;18;20;0.872299992246553;0.002907667;0.0027;0.0029;602;2;2;4;300;1147;0.0009;0.0069;1147;1151;0.0029
"UnityEngine.InputLegacyModule.dll!UnityEngine::Input.GetKeyDown()";0.0028;0.0024;0.0073;1355;1384;1410;5;8;0.857199980106088;0.002857333;0.0027;0.0029;1500;5;5;5;300;1147;0.0002;0.0056;1168;1410;0.003
"Unity.RenderPipelines.Universal.Runtime.dll!UnityEngine.Rendering.Universal.Internal::CopyDepthPass.Setup()";0.0028;0.0024;0.0135;1364;1294;1440;12;12;0.930099996970966;0.003100333;0.0027;0.003;301;1;1;2;300;1147;0.0024;0.0135;1294;1440;0.003
"UnityEngine.CoreModule.dll!UnityEngine::Vector3.get_normalized()";0.0028;0.0023;0.0077;1369;1217;1199;8;9;0.904900000838097;0.003016333;0.0026;0.003;600;2;2;2;300;1147;0.0008;0.0068;1154;1199;0.0029
"AudioProfiler.CaptureFrame";0.0028;0.0021;0.013;1376;1213;1368;4;4;0.887499996228144;0.002958333;0.0027;0.003;300;1;1;1;300;1147;0.0021;0.013;1213;1368;0.0027
"UnityEngine.CoreModule.dll!UnityEngine::Vector2.set_Item()";0.0028;0.001999999;0.006299999;1392;1223;1446;8;8;0.879999978569685;0.002933333;0.0026;0.0029;8400;28;28;28;300;1147;0;0.003;1147;1363;0.0028
"Assembly-CSharp.dll!::EnviroSky.UpdatePostProcessing()";0.0028;0.0026;0.0091;1411;1160;1289;6;6;0.891699990956113;0.002972333;0.0028;0.0029;300;1;1;1;300;1147;0.0026;0.0091;1160;1289;0.003
"Unity.RenderPipelines.Core.Runtime.dll!UnityEngine.Rendering::Volume.UpdateLayer()";0.0028;0.0023;0.0077;1431;1255;1337;5;5;0.89890000061132;0.002996333;0.0027;0.003;600;2;2;2;300;1147;0.0007;0.0067;1255;1192;0.0028
"UnityEngine.CoreModule.dll!UnityEngine.Rendering::CullingResults.GetNativeArray()";0.0028;0.0023;0.0127;1435;1206;1333;13;13;0.891499998047948;0.002971667;0.0027;0.003;301;1;1;2;300;1147;0.0023;0.0127;1206;1333;0.0032
"UnityEngine.CoreModule.dll!UnityEngine::Texture2D.get_isReadable()";0.0028;0.0028;0.0028;1446;1446;1446;20;21;0.00279999991471414;0.0028;0.0028;0.0028;16;16;16;16;1;1446;0.0001;0.0006;1446;1446;0
"UnityEngine.CoreModule.dll!UnityEngine::Vector2..ctor()";0.0028;0.001999999;0.006800001;1263;1310;1276;5;22;0.876299978073803;0.002921;0.0026;0.0031;8745;28;22;42;300;1147;0;0.003;1147;1276;0.0032
"Unity.RenderPipelines.Universal.Runtime.dll!UnityEngine.Rendering.Universal::ScriptableRenderPass.get_colorAttachment()";0.0028;0.002299999;0.0124;1361;1239;1186;15;18;0.906399977800902;0.003021333;0.0026;0.0029;7523;25;25;48;300;1147;0;0.0097;1148;1186;0.0026
"Unity.InputSystem.dll!UnityEngine.InputSystem::InputManager.FlipBuffersForDeviceIfNecessary()";0.0027;0.0021;0.0114;1158;1264;1169;11;11;0.852299991674954;0.002841;0.0025;0.003;693;2;2;3;300;1147;0.0001;0.0113;1148;1169;0.0033
"Assembly-CSharp.dll!::UIPartyInvite.Update()";0.0027;0.0023;0.0079;1168;1147;1271;4;4;0.853499992517754;0.002845;0.0025;0.0029;300;1;1;1;300;1147;0.0023;0.0079;1147;1271;0.0028
"UnityEngine.UI.dll!UnityEngine.EventSystems::UIBehaviour.IsActive()";0.0027;0.0021;0.0081;1169;1395;1387;10;10;0.813599994289689;0.002748649;0.0025;0.0028;1480;5;5;5;296;1147;0.0003;0.0057;1148;1249;0.0029
"UnityEngine.CoreModule.dll!Unity.Jobs::JobHandle.CombineDependenciesInternalPtr()";0.0027;0.002;0.0072;1189;1193;1252;7;9;0.839699987773201;0.002799;0.0025;0.0029;1200;4;4;4;300;1147;0.0002;0.0052;1193;1252;0.0026
"AwesomeTechnologies.VegetationStudioPro.Runtime.dll!AwesomeTechnologies.Utility.Culling::JobCullingGroup.GetTargetCameraPosition()";0.0027;0.0024;0.009799999;1192;1362;1342;8;8;0.847199984360486;0.002824;0.0026;0.0028;600;2;2;2;300;1147;0.0011;0.0085;1158;1342;0.0027
"Unity.RenderPipelines.Universal.Runtime.dll!UnityEngine.Rendering.Universal::UniversalRenderPipeline.GetPerObjectLightFlags()";0.0027;0.0024;0.0086;1210;1220;1446;12;12;0.825399998342618;0.002751333;0.0026;0.0028;301;1;1;2;300;1147;0.0024;0.0082;1220;1358;0.0028
"mscorlib.dll!System::Buffer.Memmove()";0.0027;0.0021;0.06700001;1223;1309;1446;8;21;0.915000004169997;0.00305;0.0025;0.0028;1020;3;3;123;300;1147;0.0004;0.0117;1151;1378;0.0029
"Unity.RenderPipelines.Universal.Runtime.dll!UnityEngine.Rendering.Universal::UniversalRenderPipeline.CleanupLightData()";0.0027;0.0025;0.0146;1266;1156;1289;10;10;0.849999997531995;0.002833333;0.0026;0.0028;301;1;1;2;300;1147;0.0025;0.0146;1156;1289;0.0026
"UnityEngine.CoreModule.dll!UnityEngine::Transform.Internal_LookAt_Injected()";0.0027;0.0023;0.0131;1284;1261;1374;8;9;0.82250000530621;0.002741667;0.0026;0.0028;900;3;3;3;300;1147;0.0004;0.0121;1147;1374;0.0024
"UnityEngine.CoreModule.dll!UnityEngine::Camera.get_pixelRect_Injected()";0.0027;0.0021;0.0142;1302;1426;1157;6;13;0.839399990625679;0.002798;0.0025;0.003;601;2;2;3;300;1147;0.0009;0.0115;1223;1157;0.0031
"UnityEngine.CoreModule.dll!UnityEngine::Transform.get_lossyScale_Injected()";0.0027;0.0023;0.0079;1324;1168;1357;6;8;0.843699981138343;0.002812333;0.0026;0.0029;1200;4;4;4;300;1147;0.0002;0.0062;1158;1357;0.0037
"Assembly-CSharp.dll!::UICrafting.Update()";0.0027;0.0024;0.008;1351;1309;1244;4;4;0.873499997425824;0.002911667;0.0026;0.0029;300;1;1;1;300;1147;0.0024;0.008;1309;1244;0.0028
"Assembly-CSharp.dll!UnityEngine.Rendering.LWRP::EnviroBlitPassVolumeClouds.FinalizeFrame()";0.0027;0.0025;0.0089;1355;1164;1446;17;17;0.907900005113333;0.003026333;0.0026;0.0029;301;1;1;2;300;1147;0.0025;0.0079;1164;1243;0.0026
"Assembly-CSharp.dll!::UIParty.Update()";0.0027;0.0023;0.0082;1412;1286;1362;4;4;0.866899996995926;0.002889667;0.0026;0.0029;300;1;1;1;300;1147;0.0023;0.0082;1286;1362;0.0027
"Assembly-CSharp.dll!::UIPlayerTradeRequest.Update()";0.0027;0.0022;0.0128;1424;1184;1171;4;4;1.06089999689721;0.003536333;0.0026;0.0051;300;1;1;1;300;1147;0.0022;0.0128;1184;1171;0.0027
"Unity.RenderPipelines.Core.Runtime.dll!UnityEngine.Rendering::VolumeManager.get_instance()";0.0027;0.0021;0.0094;1435;1199;1446;10;18;0.85589998679643;0.002853;0.0026;0.0029;1806;6;6;12;300;1147;0.0002;0.0057;1147;1396;0.003
"Unity.RenderPipelines.Universal.Runtime.dll!::BeautifyRenderPass.CheckSceneSettings()";0.0027;0.0027;0.0027;1446;1446;1446;16;16;0.00270000007003546;0.0027;0.0027;0.0027;1;1;1;1;1;1446;0.0027;0.0027;1446;1446;0
"Crest.dll!Crest::OceanRenderer.get_OceanMaterial()";0.0027;0.002099999;0.005699997;1179;1208;1398;7;18;0.808999979584769;0.002696667;0.0025;0.0028;9601;32;32;33;300;1147;0;0.0028;1147;1260;0.0024
"UnityEngine.CoreModule.dll!UnityEngine.Rendering::CommandBuffer.DispatchCompute()";0.0027;0.0022;0.0131;1207;1245;1160;9;13;0.855099979933584;0.002850333;0.0025;0.0028;1215;4;4;13;300;1147;0.0003;0.0118;1150;1160;0.0027
"UnityEngine.CoreModule.dll!UnityEngine.Events::InvokableCall..ctor()";0.0027;0.0022;0.0126;1208;1173;1285;8;13;0.830999992380384;0.00277;0.0025;0.0028;600;2;2;2;300;1147;0.0005;0.0119;1227;1285;0.0029
"Crest.dll!Crest::OceanRenderer.get_Root()";0.0027;0.001999999;0.009499997;1274;1154;1238;7;10;0.831299979152391;0.002771;0.0025;0.0029;9615;32;32;41;300;1147;0;0.0068;1147;1238;0.0026
"Unity.RenderPipelines.Universal.Runtime.dll!::BlockRange.MoveNext()";0.0027;0.0023;0.006099997;1308;1292;1446;14;14;0.850299979370902;0.002834333;0.0026;0.0028;7826;26;26;52;300;1147;0;0.003;1147;1325;0.0046
"MeshRendererFinalizeUpdate";0.0027;0.0016;0.1035;1239;1182;1195;4;17;1.03349998290651;0.003445;0.0023;0.003;3603;12;12;15;300;1147;0;0.1017;1147;1195;0.0028
"Crest.dll!::UniversalRegisterRendererRequirements.OnEndCameraRendering()";0.0026;0.0021;0.0122;1177;1154;1409;13;13;0.810199990635738;0.002700667;0.0024;0.0027;301;1;1;2;300;1147;0.0021;0.0122;1154;1409;0.0024
"UnityEngine.UI.dll!UnityEngine.UI::GraphicRaycaster.get_eventCamera()";0.0026;0.0022;0.0075;1185;1383;1372;11;11;0.797199989436194;0.002693243;0.0024;0.0027;296;1;1;1;296;1147;0.0022;0.0075;1383;1372;0.0029
"UnityEngine.UIModule.dll!UnityEngine::RectTransformUtility.PointInRectangle_Injected()";0.0026;0.0019;0.0036;1187;1245;1238;14;14;0.326799997594208;0.0026144;0.0024;0.0028;125;1;1;1;125;1147;0.0019;0.0036;1245;1238;0.003
"Crest.dll!Crest::LodTransform.UpdateScaleDifference()";0.0026;0.0024;0.0164;1189;1169;1159;8;8;0.805999992182478;0.002686667;0.0025;0.0026;300;1;1;1;300;1147;0.0024;0.0164;1169;1159;0.0026
"Assembly-CSharp.dll!::EnviroCore.RenderEnviroOnThisCam()";0.0026;0.0022;0.007699999;1191;1256;1208;15;15;0.826499991409946;0.002755;0.0025;0.0027;903;3;3;6;300;1147;0.0006;0.0061;1151;1208;0.0026
"Profiler.SerializeStats";0.0026;0.0023;0.0073;1201;1168;1246;3;3;0.789799991995096;0.002632667;0.0025;0.0027;300;1;1;1;300;1147;0.0023;0.0073;1168;1246;0.0026
"UnityEngine.CoreModule.dll!UnityEngine.Rendering::CommandBuffer.SetComputeFloatParam()";0.0026;0.0021;0.02279999;1205;1247;1446;10;13;0.843799981099437;0.002812667;0.0025;0.0028;3420;11;11;83;300;1147;0.0001;0.0056;1147;1186;0.0025
"Unity.RenderPipelines.Universal.Runtime.dll!UnityEngine.Rendering.Universal::InvokeOnRenderObjectCallbackPass.Execute()";0.0026;0.0022;0.0117;1247;1347;1373;16;16;0.840199992293492;0.002800667;0.0025;0.0027;301;1;1;2;300;1147;0.0022;0.0117;1347;1373;0.0025
"Assembly-CSharp.dll!::EnviroVegetationInstance.KeepVariablesClear()";0.0026;0.0023;0.0049;1299;1196;1446;7;7;0.0490999997127801;0.002727778;0.0025;0.0027;18;1;1;1;18;1161;0.0023;0.0049;1196;1446;0
"Unity.RenderPipelines.Universal.Runtime.dll!UnityEngine.Rendering.Universal.Internal::MainLightShadowCasterPass.OnCameraCleanup()";0.0026;0.0023;0.0366;1306;1294;1402;15;15;0.930199995404109;0.003100667;0.0025;0.0027;301;1;1;2;300;1147;0.0023;0.0366;1294;1402;0.0024
"UnityEngine.CoreModule.dll!UnityEngine::Transform.get_worldToLocalMatrix()";0.0026;0.0023;0.0071;1309;1217;1199;7;7;0.800299992086366;0.002667667;0.0025;0.0028;300;1;1;1;300;1147;0.0023;0.0071;1217;1199;0.0028
"UnityEngine.CoreModule.dll!Unity.Collections.LowLevel.Unsafe::AtomicSafetyHandle.Create_Injected()";0.0026;0.0018;0.0242;1310;1162;1390;14;22;0.870999980747001;0.002903333;0.0025;0.0028;1505;5;5;10;300;1147;0.0001;0.023;1147;1390;0.0033
"mscorlib.dll!System.Globalization::NumberFormatInfo.get_CurrentInfo()";0.0026;0.0021;0.0075;1313;1230;1202;6;6;0.800099993590266;0.002667;0.0025;0.0028;300;1;1;1;300;1147;0.0021;0.0075;1230;1202;0.0026
"UnityEngine.CoreModule.dll!UnityEngine.Rendering::ScriptableRenderContext.GetCameras_Internal()";0.0026;0.002;0.0121;1335;1154;1250;4;4;0.823099995031953;0.002743667;0.0024;0.0028;301;1;1;2;300;1147;0.002;0.0121;1154;1250;0.0028
"Assembly-CSharp.dll!::TargetsLifeUI.Update()";0.0026;0.0023;0.0076;1370;1246;1347;4;4;0.84029999980703;0.002801;0.0025;0.0028;600;2;2;2;300;1147;0.0009;0.0061;1150;1347;0.0027
"Unity.RenderPipelines.Universal.Runtime.dll!UnityEngine.Rendering.Universal::ScriptableRenderer.ResetNativeRenderPassFrameData()";0.0026;0.002;0.0127;1388;1225;1258;13;13;0.877399995923042;0.002924667;0.0025;0.0029;301;1;1;2;300;1147;0.002;0.0127;1225;1258;0.003
"UnityEngine.CoreModule.dll!UnityEngine.Events::UnityEventBase.AddCall()";0.0026;0.0021;0.0077;1416;1344;1261;7;12;0.807099995727185;0.002690333;0.0025;0.0028;600;2;2;2;300;1147;0.0005;0.0071;1154;1261;0.0032
"FixedUpdate.AudioFixedUpdate";0.0026;0.0016;0.0275;1442;1352;1446;2;2;0.950199993763817;0.003167333;0.0023;0.0034;449;1;1;16;300;1147;0.0004;0.0135;1158;1444;0.0023
"UnityEngine.CoreModule.dll!UnityEngine::Mesh.CheckCanAccessSubmesh()";0.0026;0.0026;0.0026;1446;1446;1446;23;25;0.00260000000707805;0.0026;0.0026;0.0026;2;2;2;2;1;1446;0.0011;0.0015;1446;1446;0
"UnityEngine.CoreModule.dll!UnityEngineInternal::GenericStack..ctor()";0.0026;0.0026;0.0026;1446;1446;1446;7;7;0.00260000000707805;0.0026;0.0026;0.0026;1;1;1;1;1;1446;0.0026;0.0026;1446;1446;0
"UnityEngine.CoreModule.dll!UnityEngine.Rendering::CommandBuffer.Internal_DrawRenderer()";0.0026;0.0022;0.0076;1300;1267;1166;13;13;0.829599983786466;0.002765333;0.0025;0.0028;2100;7;7;7;300;1147;0.0002;0.0061;1147;1166;0.0025
"Unity.InputSystem.dll!UnityEngine.InputSystem.Utilities::FourCC..ctor()";0.0026;0.0004;0.0046;1302;1239;1214;8;11;0.221099994480028;0.002377419;0.0015;0.0032;2497;29;5;53;93;1153;0;0.0017;1153;1267;0.0013
"UnityEngine.CoreModule.dll!UnityEngine.Rendering::AsyncGPUReadbackRequest.HasError()";0.0025;0.0017;0.0057;1171;1199;1425;5;6;0.732599995011697;0.002442;0.0023;0.0026;900;3;3;3;300;1147;0.0002;0.0048;1156;1425;0.0028
"UnityEngine.UI.dll!UnityEngine.EventSystems::PointerInputModule.ProcessDrag()";0.0025;0.0021;0.0128;1175;1293;1325;8;8;0.963099981367122;0.003253716;0.0023;0.0049;888;3;3;3;296;1147;0.0005;0.0116;1148;1325;0.0053
"Assembly-CSharp.dll!::EnviroCore.UpdateTime()";0.0025;0.002;0.0126;1269;1387;1212;5;5;0.796299991896376;0.002654333;0.0024;0.0027;300;1;1;1;300;1147;0.002;0.0126;1387;1212;0.0026
"UnityEngine.CoreModule.dll!UnityEngine::Vector3.Angle()";0.0025;0.0021;0.012;1273;1225;1244;8;8;0.806699990760535;0.002689;0.0024;0.0026;300;1;1;1;300;1147;0.0021;0.012;1225;1244;0.0027
"Assembly-CSharp.dll!::UITarget.Update()";0.0025;0.0021;0.0122;1302;1239;1158;4;4;0.78059999179095;0.002602;0.0024;0.0027;300;1;1;1;300;1147;0.0021;0.0122;1239;1158;0.0025
"UnityEngine.CoreModule.dll!UnityEngine::Vector4.op_Multiply()";0.0025;0.0021;0.0083;1302;1418;1446;13;17;0.782799971741042;0.002609333;0.0024;0.0026;2408;8;8;16;300;1147;0.0002;0.004;1147;1394;0.0025
"mscorlib.dll!System::Int32.Equals()";0.0025;0.0017;0.005699997;1326;1314;1284;9;16;0.76969998068671;0.002565667;0.0024;0.0027;8437;27;24;34;300;1147;0;0.0029;1147;1284;0.0028
"UnityEngine.InputLegacyModule.dll!::HitInfo.Compare()";0.0025;0.0023;0.0054;1339;1264;1387;6;6;0.78659999195952;0.002622;0.0024;0.0026;900;3;3;3;300;1147;0.0007;0.0036;1147;1387;0.0025
"UnityEngine.CoreModule.dll!Unity.Collections::NativeSlice`1..ctor()";0.0025;0.0021;0.007999999;1343;1152;1294;9;11;0.791199999919627;0.002637333;0.0024;0.0028;600;2;2;2;300;1147;0.0008;0.0069;1152;1294;0.0024
"UnityEngine.CoreModule.dll!UnityEngine::Screen.get_width()";0.0025;0.0018;0.0074;1366;1443;1433;5;11;0.775899995089276;0.002586333;0.0024;0.0026;1196;4;3;4;300;1147;0.0003;0.0059;1182;1219;0.0027
"UnityEngine.CoreModule.dll!UnityEngine.Rendering::DrawingSettings.set_overrideMaterial()";0.0025;0.0021;0.007;1367;1311;1446;19;19;0.795299985562451;0.002651;0.0024;0.0026;602;2;2;4;300;1147;0.0009;0.0059;1311;1181;0.0064
"Assembly-CSharp.dll!::UICharacterInfo.Update()";0.0025;0.0021;0.0086;1375;1294;1323;4;4;0.804999994114041;0.002683333;0.0024;0.0027;300;1;1;1;300;1147;0.0021;0.0086;1294;1323;0.0025
"UnityEngine.CoreModule.dll!UnityEngine.Rendering::ScriptableRenderContext.DrawWireOverlay()";0.0025;0.0023;0.0069;1383;1184;1242;13;13;0.789899988332763;0.002633;0.0024;0.0026;301;1;1;2;300;1147;0.0023;0.0069;1184;1242;0.0025
"Assembly-CSharp.dll!::UIItemMall.Update()";0.0025;0.0022;0.0076;1419;1184;1250;4;4;0.830999991390854;0.00277;0.0024;0.0027;300;1;1;1;300;1147;0.0022;0.0076;1184;1250;0.0049
"Assembly-CSharp.dll!::UISkillbar.Update()";0.0025;0.0023;0.0106;1429;1147;1315;4;4;0.814099989132956;0.002713667;0.0025;0.0027;300;1;1;1;300;1147;0.0023;0.0106;1147;1315;0.0029
"Crest.dll!Crest::OceanRenderer.get_RunningHeadless()";0.0025;0.0023;0.0076;1429;1174;1168;7;7;0.796799989882857;0.002656;0.0025;0.0026;300;1;1;1;300;1147;0.0023;0.0076;1174;1168;0.0026
"Assembly-CSharp.dll!::UIRespawn.Update()";0.0025;0.0021;0.0122;1439;1225;1394;4;4;0.821899991482496;0.002739667;0.0024;0.0027;300;1;1;1;300;1147;0.0021;0.0122;1225;1394;0.0025
"Crest.dll!Crest::BuildCommandBuffer.FlipDataBuffers()";0.0025;0.0021;0.0126;1443;1206;1351;6;6;0.817899989429861;0.002726333;0.0025;0.0027;300;1;1;1;300;1147;0.0021;0.0126;1206;1351;0.0026
"mscorlib.dll!Mono::RuntimeGPtrArrayHandle.DestroyAndFree()";0.0025;0.0025;0.0025;1446;1446;1446;23;23;0.00250000000232831;0.0025;0.0025;0.0025;3;3;3;3;1;1446;0.0005;0.0011;1446;1446;0
"mscorlib.dll!System::Enum.InternalGetValues()";0.0025;0.0025;0.0025;1446;1446;1446;20;20;0.00249999991501682;0.0025;0.0025;0.0025;3;3;3;3;1;1446;0.0004;0.0014;1446;1446;0
"Crest.dll!Crest::CrestSortedList`2.ResortArrays()";0.0025;0.0016;0.01389999;1214;1150;1446;11;11;0.766999981315166;0.002556666;0.0023;0.0027;8190;28;21;91;300;1147;0;0.0077;1147;1341;0.0025
"UnityEngine.CoreModule.dll!Unity.Collections.LowLevel.Unsafe::AtomicSafetyHandle.UseSecondaryVersion()";0.0025;0.0019;0.0113;1275;1413;1396;8;10;0.816199988519656;0.002720667;0.0023;0.0026;3600;12;12;12;300;1147;0.0001;0.0096;1147;1396;0.0024
"UnityEngine.AudioModule.dll!UnityEngine::AudioSource.get_isPlaying()";0.0025;0.0019;0.0139;1310;1227;1284;5;5;0.80049998415052;0.002668333;0.0023;0.0027;1800;6;6;6;300;1147;0.0001;0.0117;1155;1284;0.0026
"UnityEngine.CoreModule.dll!UnityEngine::Random.RandomRangeInt()";0.0025;0.0025;0.0025;1446;1446;1446;20;20;0.00249999993684469;0.0025;0.0025;0.0025;16;16;16;16;1;1446;0.0001;0.0008;1446;1446;0
"Unity.InputSystem.dll!UnityEngine.InputSystem::InputDevice.get_enabled()";0.0024;0.0008;0.0036;1201;1158;1299;7;7;0.199100000783801;0.00214086;0.0016;0.0027;347;4;1;7;93;1153;0.0004;0.0013;1153;1220;0.0015
"Assembly-CSharp.dll!::EnviroSkyMgr.get_Player()";0.0024;0.0021;0.0101;1211;1148;1446;5;5;0.737299987813458;0.002457667;0.0023;0.0025;600;2;2;2;300;1147;0.001;0.0062;1148;1446;0.0034
"UnityEngine.CoreModule.dll!Unity.Collections.LowLevel.Unsafe::NativeArrayUnsafeUtility.GetUnsafeReadOnlyPtr()";0.0024;0.0021;0.0054;1301;1210;1283;7;20;0.746500007226132;0.002488333;0.0023;0.0025;1501;5;5;6;300;1147;0.0003;0.0033;1290;1237;0.0023
"UnityEngine.CoreModule.dll!UnityEngine::Transform.set_localPosition()";0.0024;0.002;0.0075;1312;1178;1272;7;7;0.758800005802186;0.002529333;0.0023;0.0026;600;2;2;2;300;1147;0.0003;0.0071;1154;1272;0.0025
"Crest.dll!Crest::PropertyWrapperCompute.SetBuffer()";0.0024;0.0019;0.0289;1317;1429;1446;9;9;0.788200006471016;0.002627333;0.0023;0.0025;630;2;2;20;300;1147;0.0004;0.0078;1250;1247;0.0023
"UnityEngine.CoreModule.dll!UnityEngine::Camera.get_stereoActiveEye()";0.0024;0.002;0.0073;1340;1169;1208;17;18;0.752300006599398;0.002507667;0.0023;0.0025;1204;4;4;8;300;1147;0.0003;0.0059;1150;1208;0.0024
"mscorlib.dll!System.Runtime.InteropServices::GCHandle.Free()";0.0024;0.0021;0.0074;1353;1181;1290;9;11;0.750999997952022;0.002503333;0.0023;0.0026;600;2;2;2;300;1147;0.0008;0.0065;1211;1290;0.0024
"mscorlib.dll!System::String.FillStringChecked()";0.0024;0.0021;0.1116999;1359;1149;1446;6;19;0.868199999094941;0.002894;0.0023;0.0026;720;2;2;122;300;1147;0.0007;0.0061;1446;1261;0.0027
"mscorlib.dll!System::Type.get_HasElementType()";0.0024;0.0021;0.0153;1427;1240;1446;10;24;0.773199995164759;0.002577333;0.0024;0.0026;610;2;2;12;300;1147;0.0007;0.0066;1446;1275;0.0025
"mscorlib.dll!System.Reflection::MonoMethodInfo.GetMethodInfo()";0.0024;0.0018;0.0075;1169;1255;1312;10;11;0.721999997098465;0.002406667;0.0022;0.0026;600;2;2;2;300;1147;0.0003;0.0071;1147;1312;0.0028
"Assembly-CSharp.dll!UnityEngine.Rendering.LWRP::EnviroDistanceBlurLWRP.CreateMaterialsAndTextures()";0.0024;0.0021;0.0519;1173;1165;1149;15;15;0.894499994814396;0.002981667;0.0023;0.0026;301;1;1;2;300;1147;0.0021;0.0519;1165;1149;0.0024
"Crest.dll!Crest::ShapeFFT.ReportMaxDisplacement()";0.0024;0.002;0.0075;1196;1176;1334;11;11;0.764099992113188;0.002547;0.0023;0.0025;300;1;1;1;300;1147;0.002;0.0075;1176;1334;0.0024
"Assembly-CSharp.dll!::EnviroSkyMgr.get_Weather()";0.0024;0.0022;0.0069;1214;1169;1446;5;5;0.725399978458881;0.002418;0.0023;0.0024;600;2;2;2;300;1147;0.0011;0.0044;1147;1288;0.0023
"UnityEngine.CoreModule.dll!UnityEngine::RenderTexture.GetDepthBuffer_Injected()";0.0024;0.0017;0.02349999;1223;1398;1446;11;11;0.658499986871902;0.002582353;0.0023;0.0026;1890;7;7;70;255;1147;0.0001;0.0062;1147;1162;0.0022
"UnityEngine.CoreModule.dll!UnityEngine::Transform.get_localScale_Injected()";0.0024;0.0019;0.0129;1254;1290;1297;7;10;0.774399979731243;0.002581333;0.0023;0.0025;1536;5;5;7;300;1147;0.0001;0.0114;1147;1297;0.0027
"UnityEngine.CoreModule.dll!UnityEngine::Graphics.get_activeTier()";0.0024;0.0019;0.007699999;1256;1278;1303;14;21;0.748199992842274;0.002494;0.0023;0.0025;2408;8;8;16;300;1147;0.0001;0.0056;1147;1303;0.0023
"UnityEngine.UI.dll!UnityEngine.EventSystems::BaseInput.get_touchCount()";0.0024;0.0017;0.0074;1256;1266;1319;6;7;0.815199988923268;0.002717333;0.0021;0.0032;892;3;1;3;300;1147;0.0003;0.0066;1148;1319;0.0038
"updateScene.Invoke";0.0024;0.0011;0.1031;1283;1446;1431;2;2;1.47540000046138;0.004918;0.0021;0.0032;300;1;1;1;300;1147;0.0011;0.1031;1446;1431;0.0074
"Crest.dll!Crest::Hashy.AddObject()";0.0024;0.002;0.0118;1287;1151;1208;7;12;0.787999991851393;0.002626667;0.0022;0.0026;600;2;2;2;300;1147;0.0006;0.0103;1246;1208;0.0023
"Unity.RenderPipelines.Universal.Runtime.dll!UnityEngine.Rendering.Universal::CameraData.SetViewAndProjectionMatrix()";0.0024;0.0022;0.0062;1289;1267;1446;12;12;0.740599984768778;0.002468667;0.0024;0.0025;301;1;1;2;300;1147;0.0022;0.0054;1267;1157;0.0024
"UnityEngine.CoreModule.dll!UnityEngine::Vector4.Normalize()";0.0024;0.0021;0.0115;1296;1149;1355;6;6;0.795699995011091;0.002652333;0.0023;0.0026;300;1;1;1;300;1147;0.0021;0.0115;1149;1355;0.0027
"Shadows.CullingCallbacks";0.0024;0.0019;0.0119;1300;1217;1237;14;14;0.772899991599843;0.002576333;0.0023;0.0026;301;1;1;2;300;1147;0.0019;0.0119;1217;1237;0.0026
"Animator.ApplyOnAnimatorMove";0.0024;0.0018;0.0047;1322;1347;1263;6;6;0.76109998220636;0.002537;0.0022;0.0027;2100;7;7;7;300;1147;0;0.0023;1423;1172;0.0022
"UnityEngine.CoreModule.dll!UnityEngine.Rendering::ScriptableRenderContext.DrawSkybox()";0.0024;0.0022;0.0072;1337;1183;1425;17;17;0.765999988885596;0.002553333;0.0023;0.0025;301;1;1;2;300;1147;0.0022;0.0072;1183;1425;0.0026
"Assembly-CSharp.dll!::UIEquipment.Update()";0.0024;0.0021;0.0075;1338;1180;1187;4;4;0.765199992107227;0.002550667;0.0023;0.0026;300;1;1;1;300;1147;0.0021;0.0075;1180;1187;0.0029
"Crest.dll!Crest::LodDataMgr.BuildCommandBuffer()";0.0024;0.0019;0.0075;1341;1205;1439;9;9;0.814599982404616;0.002715333;0.0023;0.0026;900;3;3;3;300;1147;0.0005;0.0061;1192;1255;0.0021
"Unity.RenderPipelines.Universal.Runtime.dll!UnityEngine.Rendering.Universal.Internal::PostProcessPass.SetupChromaticAberration()";0.0024;0.0021;0.0075;1353;1185;1446;20;20;0.740899987984449;0.002469667;0.0023;0.0025;301;1;1;2;300;1147;0.0021;0.0071;1185;1419;0.0026
"UnityEngine.CoreModule.dll!UnityEngine::RenderSettings.get_ambientProbe()";0.0024;0.0021;0.0127;1376;1194;1202;8;8;0.776899992022663;0.002589667;0.0023;0.0025;301;1;1;2;300;1147;0.0021;0.0127;1194;1202;0.0023
"mscorlib.dll!System::Buffer.InternalMemcpy()";0.0024;0.0024;0.0024;1446;1446;1446;21;21;0.0023999999393709;0.0024;0.0024;0.0024;18;18;18;18;1;1446;0;0.0004;1446;1446;0
"UnityEngine.CoreModule.dll!UnityEngine::ResourcesAPI.get_ActiveAPI()";0.0024;0.0024;0.0024;1446;1446;1446;19;19;0.00239999996847473;0.0024;0.0024;0.0024;5;5;5;5;1;1446;0.0003;0.0009;1446;1446;0
"UnityEngine.CoreModule.dll!UnityEngine::Shader.get_customEditor()";0.0024;0.0024;0.0024;1446;1446;1446;16;16;0.00239999991026707;0.0024;0.0024;0.0024;6;6;6;6;1;1446;0.0003;0.0008;1446;1446;0
"Inl_Unnamed_ScriptableRenderPass";0.0024;0.0019;0.007600001;1158;1326;1446;17;17;0.722099976926984;0.002407;0.0022;0.0025;3311;11;11;22;300;1147;0.0001;0.0028;1147;1242;0.0026
"UnityEditor.CoreModule.dll!UnityEditor::HostView.get_actualView()";0.0024;0.0015;0.008199998;1174;1159;1296;9;11;0.740299982593569;0.002501013;0.0022;0.0025;8288;28;28;28;296;1147;0;0.006;1147;1296;0.0022
"Crest.dll!Crest::OceanChunkRenderer.get_MaterialOverridden()";0.0024;0.0017;0.0062;1443;1278;1446;18;18;0.756799981340009;0.002522667;0.0023;0.0026;9000;30;30;30;300;1147;0;0.0036;1147;1336;0.0025
"UnityEngine.CoreModule.dll!UnityEngine::Light.get_bakingOutput()";0.0023;0.002;0.0094;1153;1281;1234;19;20;0.751499993843026;0.002505;0.0022;0.0024;1204;4;4;8;300;1147;0.0003;0.0072;1147;1234;0.0023
"Assembly-CSharp.dll!::UILoot.Update()";0.0023;0.002;0.01;1166;1147;1304;4;4;0.722399993799627;0.002408;0.0022;0.0024;300;1;1;1;300;1147;0.002;0.01;1147;1304;0.0026
"UnityEngine.WindModule.dll!UnityEngine::WindZone.get_windMain()";0.0023;0.0019;0.0073;1175;1163;1293;5;9;0.718299978900177;0.002394333;0.0022;0.0024;2400;8;8;8;300;1147;0.0001;0.0057;1147;1293;0.0023
"Assembly-CSharp.dll!::EnviroReflectionProbe.Update()";0.0023;0.0021;0.004;1221;1148;1446;4;4;0.691199999768287;0.002304;0.0022;0.0023;300;1;1;1;300;1147;0.0021;0.004;1148;1446;0.0023
"UnityEngine.CoreModule.dll!UnityEngine::Quaternion.Internal_ToEulerRad()";0.0023;0.0017;0.0077;1229;1371;1214;7;7;0.698499993071891;0.002328333;0.0021;0.0024;300;1;1;1;300;1147;0.0017;0.0077;1371;1214;0.0025
"UnityEngine.CoreModule.dll!UnityEngine::Matrix4x4.TRS_Injected()";0.0023;0.0018;0.007299999;1232;1321;1421;8;10;0.710299984515586;0.002367667;0.0022;0.0025;2700;9;9;9;300;1147;0.0001;0.0058;1147;1421;0.0025
"UnityEngine.CoreModule.dll!UnityEngine::Object.set_hideFlags()";0.0023;0.0018;0.0078;1241;1290;1216;5;19;0.706999995687511;0.002356667;0.0021;0.0024;310;1;1;11;300;1147;0.0002;0.0078;1446;1216;0.0026
"UnityEngine.CoreModule.dll!UnityEngine.Rendering::ScriptableRenderContext.InvokeOnRenderObjectCallback()";0.0023;0.002;0.0115;1255;1347;1373;17;17;0.744699995731935;0.002482333;0.0022;0.0024;301;1;1;2;300;1147;0.002;0.0115;1347;1373;0.0023
"UnityEngine.CoreModule.dll!UnityEngine.Rendering::SupportedRenderingFeatures.IsLightmapBakeTypeSupportedByRef()";0.0023;0.0018;0.0079;1258;1358;1446;15;15;0.710199994966388;0.002367333;0.0022;0.0024;301;1;1;2;300;1147;0.0018;0.0067;1358;1320;0.0027
"Animators.PrepareSecondPass";0.0023;0.0017;0.0062;1261;1274;1194;5;5;0.796999994083308;0.002656667;0.0022;0.0025;300;1;1;1;300;1147;0.0017;0.0062;1274;1194;0.0022
"UnityEngine.InputLegacyModule.dll!UnityEngine::CameraRaycastHelper.RaycastTry2D_Injected()";0.0023;0.002;0.0131;1261;1160;1235;6;6;0.316999996779487;0.002556452;0.0022;0.0025;124;1;1;1;124;1147;0.002;0.0131;1160;1235;0.0122
"Assembly-CSharp.dll!::UIPetStatus.Update()";0.0023;0.0019;0.0073;1266;1424;1351;4;4;0.740799995837733;0.002469333;0.0022;0.0024;300;1;1;1;300;1147;0.0019;0.0073;1424;1351;0.0023
"SkinnedMeshPrepareDispatchUpdate";0.0023;0.0019;0.0131;1271;1188;1237;4;17;0.733399989869213;0.002444667;0.0022;0.0024;1503;5;5;8;300;1147;0.0002;0.0112;1147;1237;0.0022
"UnityEngine.CoreModule.dll!UnityEngine::SystemInfo.GetRenderTextureSupportedMSAASampleCount()";0.0023;0.0019;0.0137;1273;1150;1337;11;11;0.778499992098659;0.002595;0.0022;0.0025;301;1;1;2;300;1147;0.0019;0.0137;1150;1337;0.0026
"UnityEngine.UI.dll!UnityEngine.EventSystems::BaseInput.get_mousePosition()";0.0023;0.0021;0.004;1302;1158;1438;7;9;0.688600000634324;0.002326351;0.0022;0.0024;592;2;2;2;296;1147;0.0008;0.003;1158;1438;0.0026
"Mirror.dll!Mirror::NetworkClient.NetworkLateUpdate()";0.0023;0.0019;0.0122;1308;1179;1314;4;4;0.792299993336201;0.002641;0.0022;0.0025;300;1;1;1;300;1147;0.0019;0.0122;1179;1314;0.0023
"SkinnedMeshUpdateAllNeeded";0.0023;0.0013;0.0166;1341;1339;1185;6;6;0.23759999871254;0.002897561;0.0019;0.0029;82;1;1;1;82;1147;0.0013;0.0166;1339;1185;0
"AwesomeTechnologies.VegetationStudioPro.Runtime.dll!AwesomeTechnologies.VegetationSystem::VegetationStudioCamera.ValidateVegetationStudioCameraRenderList()";0.0023;0.0019;0.0077;1356;1439;1383;6;6;0.718699993798509;0.002395667;0.0022;0.0025;300;1;1;1;300;1147;0.0019;0.0077;1439;1383;0.0024
"UnityEngine.IMGUIModule.dll!UnityEngine::Event.get_type()";0.0023;0.0018;0.005700001;1164;1302;1349;4;5;0.702599980621017;0.002342;0.0021;0.0024;3600;12;12;12;300;1147;0.0001;0.0036;1147;1349;0.0022
"NavMeshManager";0.0023;0.0016;0.0082;1198;1290;1370;3;3;0.711799992772285;0.002372667;0.0021;0.0025;600;2;2;2;300;1147;0.0007;0.0069;1269;1370;0.0025
"Unity.Burst.dll!Unity.Burst::SharedStatic`1.get_Data()";0.0023;0.0019;0.0074;1289;1186;1207;9;9;0.746599977850565;0.002488667;0.0022;0.0024;1800;6;6;6;300;1147;0.0002;0.0052;1147;1207;0.0022
"UnityEngine.CoreModule.dll!UnityEngine::Material.SetVectorArrayImpl()";0.0023;0.002;0.0139;1299;1230;1365;17;17;0.73079998481262;0.002436;0.0022;0.0024;1204;4;4;8;300;1147;0.0002;0.0131;1147;1365;0.0024
"mscorlib.dll!System.Collections.Generic::Dictionary`2.GetEnumerator()";0.0023;0.0016;0.0122;1359;1284;1332;7;13;0.756699986639433;0.002522333;0.0022;0.0025;902;3;3;5;300;1147;0.0004;0.0106;1163;1332;0.003
"UnityEngine.CoreModule.dll!Unity.Collections.LowLevel.Unsafe::UnsafeUtility.IsBlittable()";0.0023;0.0017;0.0083;1416;1251;1175;10;11;0.728199987359403;0.002427333;0.0021;0.0026;1500;5;5;5;300;1147;0.0001;0.0073;1149;1175;0.0021
"mscorlib.dll!System.Reflection::RuntimeFieldInfo.get_DeclaringType()";0.0023;0.0023;0.0023;1446;1446;1446;24;24;0.00229999993462116;0.0023;0.0023;0.0023;3;3;3;3;1;1446;0.0005;0.0012;1446;1446;0
"Unity.RenderPipelines.Universal.Runtime.dll!UnityEngine.Rendering.Universal::ScriptableRenderPass.get_profilingSampler()";0.0023;0.0018;0.008699997;1203;1307;1421;15;15;0.761099982053565;0.002537;0.0022;0.0024;6622;22;22;44;300;1147;0;0.0053;1150;1420;0.0023
"mscorlib.dll!System.Collections.Generic::KeyValuePair`2.get_Key()";0.0023;0.0016;0.007999996;1332;1423;1446;8;13;0.718299982574536;0.002394333;0.002099999;0.0025;8426;28;28;54;300;1147;0;0.0032;1147;1170;0.0022
"UnityEngine.CoreModule.dll!UnityEngine::RenderTextureDescriptor.set_width()";0.0023;0.0018;0.007199997;1415;1156;1446;11;20;0.714599981198262;0.002382;0.0022;0.0024;6624;22;22;46;300;1147;0;0.0041;1147;1335;0.0026
"mscorlib.dll!System::RuntimeTypeHandle.GetAttributes()";0.0023;0.0023;0.0023;1446;1446;1446;23;31;0.00229999997100094;0.0023;0.0023;0.0023;15;15;15;15;1;1446;0.0001;0.0005;1446;1446;0
"EndGraphicsJobs";0.0022;0.0015;0.0057;1388;1173;1446;2;3;0.711399999367131;0.002371333;0.0021;0.0025;900;3;3;3;300;1147;0;0.0053;1171;1446;0.0022
"Assembly-CSharp.dll!UnityEngine.Rendering.LWRP::EnviroMoonShaftsLWRP.CreateMaterialsAndTextures()";0.0022;0.0018;0.0063;1160;1358;1446;15;15;0.66099999519065;0.002203333;0.0021;0.0022;301;1;1;2;300;1147;0.0018;0.0055;1358;1262;0.0023
"Assembly-CSharp.dll!UnityEngine.Rendering.LWRP::EnviroSunShaftsLWRP.CreateMaterialsAndTextures()";0.0022;0.0019;0.0062;1211;1158;1382;15;15;0.66899999557063;0.00223;0.0021;0.0023;301;1;1;2;300;1147;0.0019;0.0062;1158;1382;0.0022
"Unity.InputSystem.dll!UnityEngine.InputSystem.LowLevel::MouseState.get_Format()";0.0022;0.0005;0.0035;1212;1180;1268;9;9;0.181899994480773;0.001955914;0.0013;0.0026;601;7;1;13;93;1153;0.0002;0.0022;1153;1267;0.0013
"AnimationClipPlayable.EvaluateClip";0.0022;0.0009;0.0086;1235;1277;1209;8;8;0.819899997208267;0.002733;0.0019;0.0026;324;1;1;2;300;1147;0.0009;0.0086;1277;1209;0.0025
"UnityEngine.CoreModule.dll!UnityEngine::Material.IsKeywordEnabled()";0.0022;0.0016;0.0138;1237;1300;1388;14;14;0.722099998849444;0.002407;0.002;0.0024;301;1;1;2;300;1147;0.0016;0.0138;1300;1388;0.0022
"UnityEngine.CoreModule.dll!UnityEngine::Transform.set_rotation_Injected()";0.0022;0.0018;0.0072;1241;1363;1380;7;8;0.670799994259141;0.002236;0.0021;0.0023;900;3;3;3;300;1147;0.0003;0.0061;1176;1380;0.0023
"Unity.RenderPipelines.Universal.Runtime.dll!::BlockRange..ctor()";0.0022;0.0018;0.0074;1279;1382;1281;15;15;0.709699992614333;0.002365667;0.0021;0.0024;1204;4;4;8;300;1147;0.0003;0.0058;1147;1419;0.0023
"UnityEngine.CoreModule.dll!UnityEngine::BeforeRenderHelper.Invoke()";0.0022;0.0017;0.0134;1305;1205;1347;4;4;0.725299998070113;0.002417667;0.0021;0.0024;301;1;1;2;300;1147;0.0017;0.0134;1205;1347;0.0021
"UnityEngine.CoreModule.dll!UnityEngine::ComputeShader.Internal_SetBuffer()";0.0022;0.0015;0.0549;1326;1334;1301;9;10;0.847799989649502;0.002826;0.002;0.0024;900;3;3;3;300;1147;0.0001;0.0538;1268;1301;0.0031
"mscorlib.dll!System::RuntimeTypeHandle.is_subclass_of()";0.0022;0.0015;0.0139;1333;1425;1200;14;27;0.727799987558683;0.002426;0.002;0.0024;1506;5;5;11;300;1147;0.0001;0.0119;1147;1200;0.0022
"UnityEngine.IMGUIModule.dll!UnityEngine::GUILayoutEntry.SetHorizontal()";0.0022;0.0019;0.0073;1348;1250;1226;6;6;0.695999997580657;0.00232;0.0021;0.0023;900;3;3;3;300;1147;0.0003;0.0064;1320;1226;0.0021
"UnityEngine.CoreModule.dll!UnityEngine::Quaternion.Internal_FromEulerRad_Injected()";0.0022;0.0019;0.0075;1421;1328;1402;8;9;0.719399990572128;0.002398;0.0021;0.0024;1200;4;4;4;300;1147;0.0002;0.0065;1147;1402;0.0022
"Unity.Collections.dll!Unity.Collections.LowLevel.Unsafe::UnsafeList`1.Clear()";0.0022;0.0017;0.007699999;1435;1269;1279;7;9;0.737999976532592;0.00246;0.0021;0.0025;3900;13;13;13;300;1147;0;0.0054;1147;1295;0.0026
"UnityEngine.CoreModule.dll!UnityEngine.Rendering::AsyncGPUReadbackRequest.SetScriptingCallback_Injected()";0.0022;0.0016;0.0104;1435;1238;1312;9;9;0.712299997336231;0.002374333;0.002;0.0025;300;1;1;1;300;1147;0.0016;0.0104;1238;1312;0.0025
"mscorlib.dll!System::RuntimeType.GetRuntimeAssembly()";0.0022;0.0022;0.0022;1446;1446;1446;24;24;0.00220000004628673;0.0022;0.0022;0.0022;3;3;3;3;1;1446;0.0005;0.001;1446;1446;0
"UnityEngine.CoreModule.dll!UnityEngine::SystemInfo.HasRenderTextureNative()";0.0022;0.0022;0.0022;1446;1446;1446;17;17;0.00219999998807907;0.0022;0.0022;0.0022;3;3;3;3;1;1446;0.0006;0.001;1446;1446;0
"Unity.RenderPipelines.Universal.Runtime.dll!UnityEngine.Rendering.Universal::ScriptableRenderPass.get_clearColor()";0.0022;0.0018;0.006699996;1158;1329;1446;18;18;0.68409998313291;0.002280333;0.002099999;0.0023;6622;22;22;44;300;1147;0;0.0036;1147;1366;0.0022
"Unity.RenderPipelines.Universal.Runtime.dll!UnityEngine.Rendering.Universal::ScriptableRendererFeature.get_isActive()";0.0022;0.0015;0.0158;1265;1296;1178;12;14;0.699699983422761;0.002332333;0.002;0.0024;5418;18;18;36;300;1147;0;0.0132;1147;1178;0.0022
"UnityEditor.CoreModule.dll!UnityEditor::EditorGUIUtility.get_skinIndex()";0.0022;0.0018;0.0052;1394;1338;1270;7;10;0.669899981578055;0.002233;0.0021;0.0023;2100;7;7;7;300;1147;0.0001;0.0036;1147;1270;0.0021
"Unity.RenderPipelines.Universal.Runtime.dll!UnityEngine.Rendering.Universal::ScriptableRenderPass.get_colorStoreActions()";0.0022;0.0016;0.005799997;1184;1301;1446;18;18;0.670999983427464;0.002236667;0.001999999;0.0022;6923;23;23;46;300;1147;0;0.0034;1147;1163;0.002099999
"UnityEngine.CoreModule.dll!UnityEngine::RenderTextureDescriptor.set_height()";0.0022;0.0016;0.0109;1217;1401;1322;11;20;0.675799983255274;0.002252667;0.002;0.0023;6624;22;22;46;300;1147;0;0.0052;1147;1322;0.0025
"UnityEngine.CoreModule.dll!UnityEngine::Mathf.Floor()";0.0022;0.0015;0.007299999;1399;1259;1202;7;18;0.686199983239931;0.002287333;0.002099999;0.0023;6305;21;21;26;300;1147;0;0.004;1147;1202;0.0022
"UnityEngine.UI.dll!UnityEngine.UI::CanvasScaler.HandleConstantPixelSize()";0.0021;0.0016;0.0124;1268;1210;1437;9;9;0.693599996360717;0.002312;0.0019;0.0022;1200;4;4;4;300;1147;0.0003;0.0108;1160;1437;0.002
"UnityEngine.CoreModule.dll!UnityEngine::Camera.get_farClipPlane()";0.0021;0.0017;0.0193;1281;1395;1315;5;15;0.697499994712416;0.002325;0.002;0.0025;1626;5;5;7;300;1147;0.0001;0.0176;1147;1315;0.0024
"UnityEngine.IMGUIModule.dll!UnityEngine::GUILayoutEntry.SetVertical()";0.0021;0.0018;0.0072;1376;1242;1310;6;6;0.686100002814783;0.002287;0.002;0.0022;900;3;3;3;300;1147;0.0004;0.0062;1148;1310;0.0021
"UnityEngine.UIModule.dll!UnityEngine::Canvas.get_renderMode()";0.0021;0.0011;0.0068;1150;1443;1273;9;12;0.636699990551278;0.002122333;0.0019;0.0022;2217;7;5;8;300;1147;0.0001;0.0055;1147;1273;0.0025
"Unity.InputSystem.dll!UnityEngine.InputSystem.LowLevel::InputEventPtr.op_Implicit()";0.0021;0.0006;0.0035;1155;1161;1299;7;7;0.147099996087491;0.001816049;0.0012;0.0023;508;8;2;12;81;1153;0.0002;0.0025;1153;1386;0.0009
"Unity.RenderPipelines.Core.Runtime.dll!UnityEngine.Rendering::VolumeManager.CheckBaseTypes()";0.0021;0.0018;0.0139;1156;1150;1330;12;12;0.686500004958361;0.002288333;0.002;0.0022;301;1;1;2;300;1147;0.0018;0.0139;1150;1330;0.0021
"UnityEngine.CoreModule.dll!UnityEngine.Events::InvokableCallList.AddListener()";0.0021;0.0017;0.0072;1163;1303;1261;8;13;0.631999996607192;0.002106667;0.0019;0.0022;600;2;2;2;300;1147;0.0004;0.0067;1147;1261;0.0023
"UnityEngine.IMGUIModule.dll!UnityEngine::Event.Internal_MakeMasterEventCurrent()";0.0021;0.0017;0.0121;1231;1309;1293;3;3;0.708800002932549;0.002362667;0.002;0.0022;301;1;1;2;300;1147;0.0017;0.0121;1309;1293;0.0022
"Unity.InputSystem.dll!::DoubleBuffers.SwapBuffers()";0.0021;0.0017;0.0109;1236;1147;1169;12;12;0.66269999963697;0.002209;0.0019;0.0023;300;1;1;1;300;1147;0.0017;0.0109;1147;1169;0.0025
"mscorlib.dll!System::RuntimeType.IsInstanceOfType()";0.0021;0.0017;0.0073;1257;1147;1284;8;11;0.654099985957146;0.002180333;0.002;0.0022;600;2;2;2;300;1147;0.0005;0.0065;1310;1284;0.0021
"UnityEngine.CoreModule.dll!UnityEngine::Time.get_time()";0.0021;0.0016;0.006;1257;1150;1177;5;12;0.643799986166414;0.002146;0.002;0.0022;2100;7;7;7;300;1147;0.0001;0.0042;1147;1177;0.0021
"Mirror.dll!Mirror::NetworkServer.NetworkLateUpdate()";0.0021;0.0016;0.0126;1272;1265;1366;4;4;0.713699999381788;0.002379;0.0019;0.0024;300;1;1;1;300;1147;0.0016;0.0126;1265;1366;0.0018
"AwesomeTechnologies.VegetationStudioPro.Runtime.dll!AwesomeTechnologies.Utility.Culling::JobCullingGroup.ProcessDistanceBandEvents()";0.0021;0.0016;0.0107;1291;1225;1446;7;7;0.683699997025542;0.002279;0.0019;0.0023;300;1;1;1;300;1147;0.0016;0.0107;1225;1446;0.0022
"UnityEngine.CoreModule.dll!UnityEngine.Rendering::ScriptableRenderContext.GetCameras_Internal_Injected()";0.0021;0.0016;0.0118;1292;1415;1250;5;5;0.661199999507517;0.002204;0.002;0.0023;301;1;1;2;300;1147;0.0016;0.0118;1415;1250;0.0021
"Unity.RenderPipelines.Universal.Runtime.dll!UnityEngine.Rendering.Universal::UniversalRenderPipeline.IsGameCamera()";0.0021;0.0018;0.0133;1301;1216;1277;6;6;0.761000002268702;0.002536667;0.002;0.0023;301;1;1;2;300;1147;0.0018;0.0133;1216;1277;0.0024
"UnityEngine.CoreModule.dll!UnityEngine::Vector3.Normalize()";0.0021;0.0017;0.0071;1331;1217;1199;9;10;0.684799987124279;0.002282667;0.002;0.0023;600;2;2;2;300;1147;0.0006;0.0064;1150;1199;0.0021
"AudioManager.FixedUpdate";0.0021;0.0012;0.0179;1347;1286;1446;3;3;0.731799997360213;0.002439333;0.0018;0.0027;449;1;1;16;300;1147;0.0003;0.013;1158;1444;0.0017
"UnityEngine.CoreModule.dll!UnityEngine::Transform.set_localScale()";0.0021;0.0018;0.0091;1368;1314;1161;5;8;0.713899985945318;0.002379667;0.002;0.0023;618;2;2;3;300;1147;0.0007;0.007;1283;1161;0.002
"PreLateUpdate.EndGraphicsJobsAfterScriptUpdate";0.0021;0.0016;0.0056;1369;1173;1446;2;2;0.676799998385832;0.002256;0.002;0.0024;300;1;1;1;300;1147;0.0016;0.0056;1173;1446;0.002
"UnityEngine.CoreModule.dll!UnityEngine::RenderTextureDescriptor.get_colorFormat()";0.0021;0.0018;0.0131;1385;1444;1252;12;12;0.701899989915546;0.002339667;0.0021;0.0022;602;2;2;4;300;1147;0.0005;0.0125;1158;1252;0.002
"AwesomeTechnologies.VegetationStudioPro.Runtime.dll!AwesomeTechnologies.VegetationSystem::VegetationRenderSettings.UseInstancedIndirect()";0.0021;0.0018;0.0125;1391;1331;1245;5;6;0.676899994723499;0.002256333;0.002;0.0023;600;2;2;2;300;1147;0.0004;0.0119;1331;1245;0.0022
"mscorlib.dll!System.Runtime.InteropServices::GCHandle.GetTargetHandle()";0.0021;0.0017;0.0074;1394;1210;1406;11;13;0.674199999804841;0.002247333;0.002;0.0023;600;2;2;2;300;1147;0.0004;0.0068;1147;1406;0.0019
"UnityEngine.UI.dll!UnityEngine.EventSystems::BaseInputModule.HandlePointerExitAndEnter()";0.0021;0.0018;0.0068;1395;1164;1206;9;9;0.658699997700751;0.002225338;0.002;0.0023;296;1;1;1;296;1147;0.0018;0.0068;1164;1206;0.0022
"Assembly-CSharp.dll!UnityEngine.Rendering.LWRP::EnviroBlitPass.FrameCleanup()";0.0021;0.0019;0.0106;1399;1175;1446;14;14;0.66659999685362;0.002222;0.0021;0.0022;301;1;1;2;300;1147;0.0019;0.0083;1175;1446;0.0021
"Crest.dll!Crest::OceanRenderer.get_DeltaTime()";0.0021;0.0018;0.0045;1400;1399;1446;9;9;0.647599998861551;0.002158667;0.0021;0.0022;300;1;1;1;300;1147;0.0018;0.0045;1399;1446;0.0021
"Assembly-CSharp.dll!::EnviroSky.ValidateParameters()";0.0021;0.0018;0.0076;1421;1282;1393;5;5;0.673300000373274;0.002244333;0.002;0.0023;300;1;1;1;300;1147;0.0018;0.0076;1282;1393;0.0022
"mscorlib.dll!System::Enum.get_value()";0.0021;0.0021;0.0021;1446;1446;1446;24;24;0.00210000004153699;0.0021;0.0021;0.0021;3;3;3;3;1;1446;0.0005;0.001;1446;1446;0
"UnityEngine.CoreModule.dll!UnityEngine.Experimental.Rendering::GraphicsFormatUtility.IsStencilFormat()";0.0021;0.0017;0.006399999;1175;1427;1446;17;20;0.650699981459184;0.002169;0.002;0.0022;3919;13;13;32;300;1147;0;0.0041;1150;1153;0.0024
"Crest.dll!Crest::BufferedData`1.Flip()";0.0021;0.0015;0.0121;1282;1385;1351;7;11;0.703299981716555;0.002344333;0.002;0.0023;3600;12;12;12;300;1147;0;0.0054;1149;1172;0.002
"mscorlib.dll!System::RuntimeTypeHandle.GetBaseType()";0.0021;0.0021;0.0021;1446;1446;1446;22;27;0.00209999993967358;0.0021;0.0021;0.0021;9;9;9;9;1;1446;0.0001;0.0008;1446;1446;0
"Unity.RenderPipelines.Universal.Runtime.dll!UnityEngine.Rendering.Universal::ScriptableRenderPass.get_renderTargetFormat()";0.002099999;0.0016;0.006499997;1164;1148;1446;16;19;0.631699984252919;0.002105667;0.001999999;0.0022;7224;24;24;48;300;1147;0;0.0033;1147;1365;0.0021
"UnityEngine.ParticleSystemModule.dll!::EmissionModule..ctor()";0.002099999;0.0016;0.004999998;1255;1175;1231;9;9;0.635699983948143;0.002119;0.001999999;0.0022;7200;24;24;24;300;1147;0;0.0029;1147;1388;0.002099999
"Unity.RenderPipelines.Universal.Runtime.dll!UnityEngine.Rendering.Universal::ScriptableRenderPass.set_isLastPass()";0.002099999;0.0014;0.007099997;1338;1229;1387;14;14;0.661899982347677;0.002206333;0.001999999;0.0023;6923;23;23;46;300;1147;0;0.0053;1147;1178;0.002099999
"Unity.RenderPipelines.Universal.Runtime.dll!::BlockRange.get_Current()";0.002099999;0.0013;0.008899997;1384;1269;1235;14;14;0.677099983739026;0.002257;0.001999999;0.0022;6622;22;22;44;300;1147;0;0.0066;1147;1235;0.0022
"UnityEngine.CoreModule.dll!UnityEngine::Object..ctor()";0.002099999;0.002099999;0.002099999;1446;1446;1446;19;22;0.00209999994694954;0.0021;0.002099999;0.002099999;21;21;21;21;1;1446;0;0.0002;1446;1446;0
"Boxophobic.TheVegetationEngine.Runtime.dll!TheVegetationEngine::TVEGlobalVolume.ExecuteRenderBuffers()";0.002;0.0017;0.007;1236;1331;1380;5;5;0.612600004998967;0.002042;0.0019;0.0021;300;1;1;1;300;1147;0.0017;0.007;1331;1380;0.0019
"EarlyUpdate.UpdatePreloading";0.002;0.0016;0.0374;1241;1159;1188;2;2;0.663600000320002;0.002212;0.0018;0.0022;300;1;1;1;300;1147;0.0016;0.0374;1159;1188;0.0025
"PreUpdate.WindUpdate";0.002;0.0014;0.0066;1275;1293;1413;2;2;0.627699999487959;0.002092333;0.0018;0.0023;300;1;1;1;300;1147;0.0014;0.0066;1293;1413;0.0027
"Crest.dll!Crest::SimSettingsAnimatedWaves.AddToSettingsHash()";0.002;0.0016;0.012;1293;1147;1340;7;7;0.63870000524912;0.002129;0.0019;0.0021;300;1;1;1;300;1147;0.0016;0.012;1147;1340;0.0025
"Assembly-CSharp.dll!::LeanTween.init()";0.002;0.0016;0.0154;1300;1266;1198;6;8;0.630699991015717;0.002102333;0.0019;0.0022;900;3;3;3;300;1147;0.0002;0.0055;1151;1198;0.0027
"MeshRendererPrepareDispatchUpdate";0.002;0.0015;0.0073;1304;1187;1163;4;17;0.655599989229813;0.002185333;0.0019;0.0022;1503;5;5;8;300;1147;0.0001;0.0056;1299;1163;0.0021
"ClipperRegistry.Cull";0.002;0.0015;0.0131;1310;1334;1361;9;9;0.649500000174157;0.002165;0.0019;0.0022;300;1;1;1;300;1147;0.0015;0.0131;1334;1361;0.0021
"UnityEngine.CoreModule.dll!UnityEngine::Material.SetMatrixArrayImpl()";0.002;0.0017;0.0068;1313;1268;1446;17;17;0.62190000526607;0.002073;0.0019;0.0021;301;1;1;2;300;1147;0.0017;0.0066;1268;1418;0.0023
"mscorlib.dll!System::Array.FastCopy()";0.002;0.0016;0.0071;1315;1297;1362;6;23;0.638299988801009;0.002127667;0.0019;0.0022;604;2;2;6;300;1147;0.0002;0.0065;1446;1362;0.0024
"Crest.dll!Crest::ShapeWaves.get_IsGlobalWaves()";0.002;0.0018;0.0072;1379;1297;1284;8;12;0.63770001224475;0.002125667;0.002;0.0021;600;2;2;2;300;1147;0.0008;0.0062;1297;1284;0.0021
"Unity.RenderPipelines.Core.Runtime.dll!UnityEngine.Rendering::ColorUtils.ColorBalanceToLMSCoeffs()";0.002;0.0017;0.0118;1385;1159;1189;18;18;0.65460000524763;0.002182;0.0019;0.0022;301;1;1;2;300;1147;0.0017;0.0118;1159;1189;0.0022
"Assembly-CSharp.dll!::UCE_UI_InfoBox.Update()";0.002;0.0018;0.0053;1399;1149;1179;4;4;0.642600004095584;0.002142;0.0019;0.0022;300;1;1;1;300;1147;0.0018;0.0053;1149;1179;0.0021
"EarlyUpdate.ExecuteMainThreadJobs";0.002;0.0014;0.0191;1403;1149;1410;2;2;0.682899998151697;0.002276333;0.0018;0.0023;300;1;1;1;300;1147;0.0014;0.0191;1149;1410;0.0018
"UnityEngine.CoreModule.dll!UnityEngine::Rect.Contains()";0.002;0.0016;0.0075;1425;1273;1156;5;5;0.645600001444109;0.002152;0.0019;0.0022;300;1;1;1;300;1147;0.0016;0.0075;1273;1156;0.0022
"Loading.IsObjectAvailable";0.002;0.002;0.002;1446;1446;1446;23;25;0.0020000000949949;0.002;0.002;0.002;2;2;2;2;1;1446;0.001;0.001;1446;1446;0
"UnityEngine.CoreModule.dll!UnityEngine.Rendering::CommandBuffer.SetGlobalMatrix_Injected()";0.002;0.0015;0.0054;1156;1374;1231;17;20;0.602699999253673;0.002009;0.0018;0.0021;2107;7;7;14;300;1147;0.0001;0.0035;1147;1231;0.0021
"UnityEngine.CoreModule.dll!UnityEngine::Behaviour.get_isActiveAndEnabled()";0.002;0.0005;0.0071;1159;1446;1249;6;11;0.60599998269754;0.00202;0.0018;0.0021;1780;6;1;6;300;1147;0.0001;0.0054;1158;1249;0.0021
"Unity.InputSystem.dll!UnityEngine.InputSystem.LowLevel::StateEvent.FromUnchecked()";0.002;0.0004;0.003599999;1179;1180;1214;9;9;0.16539999654924;0.001778495;0.0011;0.0024;601;7;1;13;93;1153;0.0002;0.0009;1153;1171;0.0012
"Unity.RenderPipelines.Universal.Runtime.dll!Beautify.Universal::Beautify.IsActive()";0.002;0.0015;0.0116;1193;1191;1180;16;18;0.624899993577856;0.002083;0.0018;0.0021;903;3;3;6;300;1147;0.0002;0.0108;1148;1180;0.002
"UnityEngine.VRModule.dll!UnityEngine.XR::XRSettings.get_enabled()";0.002;0.0016;0.0067;1193;1184;1301;16;18;0.614899987442186;0.002049667;0.0019;0.0021;1806;6;6;12;300;1147;0.0001;0.0055;1149;1301;0.0019
"UnityEngine.CoreModule.dll!UnityEngine.Rendering::CommandBuffer.SetComputeBufferParam()";0.002;0.0015;0.0181;1206;1214;1446;10;10;0.639999993902165;0.002133333;0.0019;0.0021;630;2;2;20;300;1147;0.0003;0.0075;1149;1247;0.0019
"UnityEngine.CoreModule.dll!UnityEngine::RenderTexture.get_depthStencilFormat()";0.002;0.0016;0.0071;1228;1232;1442;18;18;0.644099985132925;0.002147;0.0019;0.0021;602;2;2;4;300;1147;0.0005;0.0065;1232;1442;0.002
"Crest.dll!Crest::OceanRenderer.get_TimeProvider()";0.002;0.0017;0.0072;1232;1179;1365;7;11;0.615899979195092;0.002053;0.0019;0.002;900;3;3;3;300;1147;0.0005;0.0059;1148;1365;0.0046
"UnityEngine.CoreModule.dll!UnityEngine::Screen.get_height()";0.002;0.0013;0.0092;1239;1445;1165;5;11;0.647099981462816;0.002157;0.0019;0.0021;1196;4;3;4;300;1147;0.0002;0.0078;1198;1165;0.0023
"UnityEngine.UI.dll!UnityEngine.UI.Collections::IndexedSet`1.Clear()";0.002;0.0015;0.0073;1245;1334;1293;9;9;0.64829999266658;0.002161;0.0018;0.0022;600;2;2;2;300;1147;0.0004;0.0064;1314;1185;0.0019
"Unity.RenderPipelines.Universal.Runtime.dll!UnityEngine.Rendering.Universal.Internal::RenderTargetBufferSystem.Clear()";0.002;0.0017;0.0072;1398;1383;1175;15;15;0.637099985673558;0.002123667;0.002;0.0021;602;2;2;4;300;1147;0.0005;0.0066;1371;1175;0.0022
"mscorlib.dll!System::ValueType.InternalEquals()";0.002;0.0016;0.0076;1432;1309;1424;12;22;0.685299986624159;0.002284333;0.0019;0.0022;624;2;2;26;300;1147;0.0001;0.007;1446;1424;0.0021
"mscorlib.dll!System::Enum.InternalGetUnderlyingType()";0.002;0.002;0.002;1446;1446;1446;20;25;0.00199999992764788;0.002;0.002;0.002;9;9;9;9;1;1446;0.0001;0.0006;1446;1446;0
"UnityEngine.CoreModule.dll!UnityEngine::Mathf.Min()";0.002;0.0015;0.008899998;1191;1187;1184;5;21;0.632299984827114;0.002107667;0.001899999;0.0021;5409;18;18;27;300;1147;0;0.0068;1147;1184;0.0021
"Unity.RenderPipelines.Universal.Runtime.dll!UnityEngine.Rendering.Universal::ScriptableRenderPass.get_depthStoreAction()";0.002;0.0014;0.006699997;1241;1248;1446;18;18;0.62199998433789;0.002073333;0.001899999;0.0022;6622;22;22;44;300;1147;0;0.0029;1147;1294;0.001999999
"Unity.RenderPipelines.Universal.Runtime.dll!UnityEngine.Rendering.Universal::ScriptableRenderPass.get_renderTargetSampleCount()";0.001999999;0.0014;0.008699998;1376;1348;1435;15;15;0.633699984638952;0.002112333;0.0018;0.0022;7523;25;25;48;300;1147;0;0.0066;1147;1435;0.001899999
"UnityEngine.CoreModule.dll!UnityEngine::Vector3Int.get_x()";0.001999999;0.0014;0.006899999;1433;1304;1446;8;10;0.631899984873598;0.002106333;0.0018;0.0021;6600;22;22;22;300;1147;0;0.0043;1147;1446;0.001899999
"UnityEngine.CoreModule.dll!UnityEngine.Rendering::CommandBuffer.SetViewport_Injected()";0.0019;0.0015;0.0066;1153;1203;1383;21;21;0.569099991371331;0.001897;0.0018;0.002;1505;5;5;10;300;1147;0.0001;0.0054;1149;1383;0.0018
"UnityEngine.CoreModule.dll!UnityEngine.Rendering::SupportedRenderingFeatures.IsUIOverlayRenderedBySRP()";0.0019;0.0013;0.0074;1259;1168;1174;2;2;0.598100001108833;0.001993667;0.0018;0.002;301;1;1;2;300;1147;0.0013;0.0074;1168;1174;0.0019
"UnityEngine.CoreModule.dll!UnityEngine::Quaternion.Internal_ToEulerRad_Injected()";0.0019;0.0015;0.0029;1264;1225;1446;8;8;0.571700001251884;0.001905667;0.0017;0.002;300;1;1;1;300;1147;0.0015;0.0029;1225;1446;0.002
"mscorlib.dll!System.Collections.Generic::Dictionary`2.Add()";0.0019;0.0014;0.0175;1282;1309;1446;8;16;0.623199997789925;0.002077333;0.0017;0.0021;607;2;2;9;300;1147;0.0004;0.0065;1148;1371;0.0018
"UnityEngine.InputLegacyModule.dll!UnityEngine::Input.get_mousePosition()";0.0019;0.001;0.0063;1304;1443;1229;6;10;0.580799999675946;0.001936;0.0018;0.002;892;3;1;3;300;1147;0.0003;0.0055;1147;1229;0.0021
"UnityEngine.CoreModule.dll!UnityEngine::Vector3.op_Inequality()";0.0019;0.0014;0.0048;1334;1443;1270;5;16;0.591599979437888;0.001972;0.0018;0.0021;1197;4;3;4;300;1147;0.0002;0.0035;1199;1270;0.0025
"TimeUpdate.WaitForLastPresentationAndUpdateTime";0.0019;0.0012;0.0072;1337;1291;1223;2;2;0.615700000547804;0.002052333;0.0018;0.0021;300;1;1;1;300;1147;0.0012;0.0072;1291;1223;0.0019
"Animators.SortWriteJob";0.0019;0.0015;0.0044;1348;1151;1431;5;5;0.587800004141172;0.001959333;0.0018;0.002;600;2;2;2;300;1147;0;0.0042;1148;1425;0.0019
"Unity.RenderPipelines.Universal.Runtime.dll!UnityEngine.Rendering.Universal::UniversalRenderPipeline.InitializePostProcessingData()";0.0019;0.0016;0.0094;1357;1181;1403;12;12;0.609600002644584;0.002032;0.0018;0.002;301;1;1;2;300;1147;0.0016;0.0094;1181;1403;0.0022
"Unity.RenderPipelines.Universal.Runtime.dll!UnityEngine.Rendering.Universal.Internal::AdditionalLightsShadowCasterPass.OnCameraCleanup()";0.0019;0.0016;0.0084;1362;1208;1268;15;15;0.62480000348296;0.002082667;0.0018;0.002;301;1;1;2;300;1147;0.0016;0.0084;1208;1268;0.0017
"UnityEngine.CoreModule.dll!UnityEngine.Rendering::AsyncGPUReadbackRequest.IsDone()";0.0019;0.0013;0.0068;1368;1388;1293;5;6;0.572399995289743;0.001908;0.0017;0.0021;900;3;3;3;300;1147;0.0002;0.006;1156;1293;0.0021
"AwesomeTechnologies.VegetationStudioPro.Runtime.dll!AwesomeTechnologies.VegetationSystem::VegetationStudioCamera.GetCameraPosition()";0.0019;0.0017;0.0071;1372;1165;1215;7;7;0.590700007742271;0.001969;0.0019;0.002;300;1;1;1;300;1147;0.0017;0.0071;1165;1215;0.0021
"UnityEngine.CoreModule.dll!UnityEngine::Matrix4x4.get_zero()";0.0019;0.0018;0.0072;1394;1154;1400;20;20;0.602200012421235;0.002007333;0.0019;0.002;301;1;1;2;300;1147;0.0018;0.0072;1154;1400;0.0021
"mscorlib.dll!Mono::SafeGPtrArrayHandle..ctor()";0.0019;0.0019;0.0019;1446;1446;1446;22;22;0.00189999997382984;0.0019;0.0019;0.0019;3;3;3;3;1;1446;0.0005;0.0008;1446;1446;0
"mscorlib.dll!System::Type.get_IsExplicitLayout()";0.0019;0.0019;0.0019;1446;1446;1446;24;24;0.00189999997382984;0.0019;0.0019;0.0019;3;3;3;3;1;1446;0.0005;0.0007;1446;1446;0
"UnityEngine.UIElementsModule.dll!::UpdaterArray.get_Item()";0.0019;0.0011;0.0211;1291;1233;1200;8;8;0.610299981570279;0.002034333;0.0017;0.0021;2107;7;7;14;300;1147;0.0001;0.0195;1147;1200;0.0023
"Unity.Collections.dll!Unity.Jobs::JobParallelIndexListExtensions.CheckReflectionDataCorrect()";0.0019;0.0015;0.0054;1305;1223;1249;9;9;0.589399979086011;0.001964667;0.0018;0.002;1800;6;6;6;300;1147;0.0002;0.0037;1147;1249;0.002
"Unity.RenderPipelines.Universal.Runtime.dll!UnityEngine.Rendering.Universal.Internal::RenderTargetBufferSystem.GetBackBuffer()";0.0019;0.0016;0.0057;1375;1418;1446;12;14;0.572899990263977;0.001909667;0.0018;0.002;1204;4;4;8;300;1147;0.0002;0.0013;1148;1354;0.002
"UnityEngine.CoreModule.dll!UnityEngine::Quaternion.AngleAxis_Injected()";0.0019;0.0015;0.0048;1429;1220;1312;9;9;0.597899988097197;0.001993;0.0018;0.002;2100;7;7;7;300;1147;0.0001;0.0031;1147;1339;0.0024
"UnityEditor.CoreModule.dll!UnityEditor::ShaderGUIUtility.ExtractCustomEditorType()";0.0019;0.0019;0.0019;1446;1446;1446;16;16;0.00189999995927792;0.0019;0.0019;0.0019;6;6;6;6;1;1446;0.0002;0.0005;1446;1446;0
"UnityEditor.CoreModule.dll!UnityEditor::EditorApplication.get_isPaused()";0.0019;0.0012;0.0112;1164;1328;1446;6;8;0.582599985638808;0.001942;0.0016;0.0021;2135;7;6;21;300;1147;0;0.0042;1337;1192;0.0019
"mscorlib.dll!System::Object.virt_stelemref_sealed_class()";0.0019;0.0014;0.006999999;1199;1188;1372;16;17;0.653599985256733;0.002178667;0.0018;0.0021;3010;10;10;20;300;1147;0;0.0053;1147;1372;0.0017
"UnityEngine.CoreModule.dll!UnityEngine.Rendering::ShaderTagId.get_id()";0.001899999;0.0014;0.0063;1152;1369;1296;20;21;0.578699985751882;0.001929;0.0017;0.001999999;6321;21;21;42;300;1147;0;0.003;1147;1247;0.0044
"Unity.RenderPipelines.Universal.Runtime.dll!UnityEngine.Rendering.Universal::ScriptableRenderPass.get_depthOnly()";0.001899999;0.0012;0.005299998;1165;1435;1446;15;15;0.589599986189569;0.001965333;0.0017;0.001999999;6622;22;22;44;300;1147;0;0.0031;1147;1148;0.001899999
"UnityEditor.CoreModule.dll!UnityEditor::EditorWindow.get_titleContent()";0.001899999;0.0005;0.005099999;1320;1444;1292;8;10;0.585799985885387;0.001952667;0.0017;0.001999999;6244;21;7;21;300;1147;0;0.0029;1147;1254;0.0012
"Unity.InputSystem.dll!UnityEngine.InputSystem.LowLevel::NativeInputRuntime.get_currentTime()";0.0018;0.0014;0.0063;1178;1242;1245;7;10;0.551099994132528;0.001837;0.0017;0.002;900;3;3;3;300;1147;0.0003;0.0055;1149;1245;0.002
"UnityEngine.CoreModule.dll!UnityEngine::Matrix4x4.Ortho_Injected()";0.0018;0.0015;0.007;1304;1148;1406;9;19;0.571599997521844;0.001905333;0.0018;0.002;2401;8;8;9;300;1147;0.0001;0.0055;1147;1406;0.0023
"UnityEngine.CoreModule.dll!UnityEngine::SystemInfo.GetRenderTextureSupportedMSAASampleCount_Injected()";0.0018;0.0015;0.0129;1154;1147;1337;12;12;0.596899999422021;0.001989667;0.0016;0.0019;301;1;1;2;300;1147;0.0015;0.0129;1147;1337;0.0019
"Assembly-CSharp.dll!UnityEngine.Rendering.LWRP::EnviroBlitPassShafts.Setup()";0.0018;0.0014;0.0041;1240;1173;1446;15;15;0.54099999673781;0.001803333;0.0017;0.0019;602;2;2;4;300;1147;0.0004;0.0018;1153;1186;0.0019
"Loading.UpdatePreloading";0.0018;0.0014;0.0372;1246;1166;1188;3;3;0.608900000224821;0.002029667;0.0017;0.002;300;1;1;1;300;1147;0.0014;0.0372;1166;1188;0.0023
"Assembly-CSharp.dll!::DamageBarrierUI.Update()";0.0018;0.0016;0.0119;1269;1147;1439;4;4;0.580600001267157;0.001935333;0.0017;0.0019;300;1;1;1;300;1147;0.0016;0.0119;1147;1439;0.0018
"UnityEngine.CoreModule.dll!UnityEngine::SystemInfo.get_supportsShadows()";0.0018;0.0014;0.0068;1270;1224;1172;14;14;0.555899991246406;0.001853;0.0017;0.0019;602;2;2;4;300;1147;0.0002;0.0065;1166;1172;0.0018
"Assembly-CSharp.dll!Lux_SRP_GrassDisplacement::GrassDisplacementRenderFeature.AddRenderPasses()";0.0018;0.0015;0.0115;1280;1288;1302;14;14;0.582200000411831;0.001940667;0.0017;0.0019;301;1;1;2;300;1147;0.0015;0.0115;1288;1302;0.0018
"Crest.dll!Crest::ShapeWaves.ReportDisplacement()";0.0018;0.0015;0.0117;1282;1363;1284;7;7;0.592200000421144;0.001974;0.0017;0.0019;300;1;1;1;300;1147;0.0015;0.0117;1363;1284;0.0018
"Profiler.CollectPhysics2DStats";0.0018;0.0013;0.0069;1284;1300;1216;3;3;0.558900000411086;0.001863;0.0017;0.002;300;1;1;1;300;1147;0.0013;0.0069;1300;1216;0.0017
"mscorlib.dll!System.Runtime::RuntimeImports._ecvt_s()";0.0018;0.0014;0.0081;1300;1150;1285;9;9;0.575300000724383;0.001917667;0.0017;0.002;300;1;1;1;300;1147;0.0014;0.0081;1150;1285;0.0018
"mscorlib.dll!System::Single.GetHashCode()";0.0018;0.0015;0.011;1302;1377;1348;8;13;0.566099985517212;0.001887;0.0017;0.0019;1500;5;5;5;300;1147;0.0002;0.0058;1147;1348;0.0019
"Assembly-CSharp.dll!::UCE_UI_BindpointPanel.Update()";0.0018;0.0014;0.0113;1316;1310;1198;4;4;0.587700000964105;0.001959;0.0017;0.002;300;1;1;1;300;1147;0.0014;0.0113;1310;1198;0.0019
"Unity.InputSystem.dll!UnityEngine.InputSystem.EnhancedTouch::Touch.get_activeTouches()";0.0018;0.0015;0.0069;1325;1165;1304;6;6;0.565500000375323;0.001885;0.0017;0.0019;300;1;1;1;300;1147;0.0015;0.0069;1165;1304;0.0019
"Unity.RenderPipelines.Universal.Runtime.dll!UnityEngine.Rendering.Universal::XRPass.UpdateOcclusionMesh()";0.0018;0.0013;0.0822;1346;1444;1394;10;10;0.703699998324737;0.002345667;0.0017;0.002;301;1;1;2;300;1147;0.0013;0.0822;1444;1394;0.002
"UnityEngine.CoreModule.dll!UnityEngine::NoAllocHelpers.ExtractArrayFromListT()";0.0018;0.0014;0.0115;1353;1187;1431;13;13;0.579700001049787;0.001932333;0.0017;0.002;300;1;1;1;300;1147;0.0014;0.0115;1187;1431;0.0018
"Unity.RenderPipelines.Core.Runtime.dll!UnityEngine.Rendering::Volume.get_profileRef()";0.0018;0.0016;0.005;1389;1187;1373;12;12;0.60839999691234;0.002028;0.0018;0.0019;1204;4;4;8;300;1147;0.0003;0.0035;1169;1373;0.0017
"mscorlib.dll!System.Reflection::MethodBase.get_IsStatic()";0.0018;0.0015;0.0121;1405;1207;1300;8;8;0.573900001938455;0.001913;0.0017;0.0019;300;1;1;1;300;1147;0.0015;0.0121;1207;1300;0.0022
"Assembly-CSharp.dll!::StaminaUI.Update()";0.0018;0.0015;0.0069;1411;1376;1294;4;4;0.58730000036303;0.001957667;0.0018;0.0019;300;1;1;1;300;1147;0.0015;0.0069;1376;1294;0.0019
"Crest.dll!Crest::RegisterLodDataInput`1.Update()";0.0018;0.0015;0.0117;1416;1258;1265;4;4;0.597900002147071;0.001993;0.0018;0.0019;300;1;1;1;300;1147;0.0015;0.0117;1258;1265;0.0021
"mscorlib.dll!System.Collections.Generic::ObjectEqualityComparer`1.IndexOf()";0.0018;0.0018;0.0018;1446;1446;1446;19;25;0.00179999995452818;0.0018;0.0018;0.0018;11;11;11;11;1;1446;0.0001;0.0002;1446;1446;0
"mscorlib.dll!System.Collections::Stack..ctor()";0.0018;0.0018;0.0018;1446;1446;1446;8;8;0.00179999996908009;0.0018;0.0018;0.0018;1;1;1;1;1;1446;0.0018;0.0018;1446;1446;0
"mscorlib.dll!System::Type.Equals()";0.0018;0.0018;0.0018;1446;1446;1446;23;23;0.00179999996908009;0.0018;0.0018;0.0018;3;3;3;3;1;1446;0.0005;0.0007;1446;1446;0
"UnityEngine.CoreModule.dll!UnityEngine.Rendering::VisibleLight.get_lightType()";0.0018;0.0014;0.007299999;1408;1148;1159;12;20;0.593199985931278;0.001977333;0.0017;0.0019;5719;19;19;38;300;1147;0;0.0031;1147;1307;0.0049
"Unity.RenderPipelines.Universal.Runtime.dll!::RenderPassDescriptor..ctor()";0.0018;0.0012;0.008399998;1414;1418;1341;15;15;0.578899985870521;0.001929667;0.0017;0.001999999;6622;22;22;44;300;1147;0;0.0066;1147;1341;0.0017
"UnityEngine.IMGUIModule.dll!UnityEngine::GUILayoutEntry.get_marginHorizontal()";0.0017;0.0015;0.0069;1389;1151;1332;6;6;0.559599999163765;0.001865333;0.0017;0.0018;900;3;3;3;300;1147;0.0004;0.0058;1148;1332;0.0016
"mscorlib.dll!System::Type.get_IsSealed()";0.0017;0.0017;0.0017;1446;1446;1446;21;21;0.00170000002253801;0.0017;0.0017;0.0017;3;3;3;3;1;1446;0.0005;0.0007;1446;1446;0
"Assembly-CSharp.dll!::UINpcDialogue_DialogueSystem.Update()";0.0017;0.0014;0.0067;1177;1151;1208;4;4;0.54109999909997;0.001803667;0.0016;0.0018;300;1;1;1;300;1147;0.0014;0.0067;1151;1208;0.0016
"UnityEngine.UI.dll!UnityEngine.EventSystems::BaseInput.GetMouseButtonDown()";0.0017;0.0007;0.0047;1188;1444;1185;6;10;0.525499987779767;0.001751667;0.0017;0.0018;1188;4;1;4;300;1147;0.0002;0.0036;1164;1185;0.0019
"Unity.RenderPipelines.Universal.Runtime.dll!UnityEngine.Rendering.Universal.Internal::PostProcessPass.OnCameraSetup()";0.0017;0.0015;0.0059;1214;1168;1446;14;14;0.521899997722358;0.001739667;0.0016;0.0017;301;1;1;2;300;1147;0.0015;0.0049;1168;1442;0.0018
"Unity.InputSystem.dll!UnityEngine.InputSystem::Mouse.MakeCurrent()";0.0017;0.0014;0.0036;1219;1278;1184;7;7;0.161199999274686;0.001733333;0.0016;0.0018;93;1;1;1;93;1153;0.0014;0.0036;1278;1184;0.0018
"mscorlib.dll!System.Reflection::MonoMethodInfo.get_method_info()";0.0017;0.0011;0.007;1237;1349;1312;11;12;0.523399994744977;0.001744667;0.0015;0.0019;600;2;2;2;300;1147;0.0001;0.0068;1147;1312;0.0021
"UnityEngine.CoreModule.dll!UnityEngine::Transform.set_localRotation()";0.0017;0.0012;0.0067;1239;1394;1299;7;7;0.524699998437427;0.001749;0.0016;0.0018;300;1;1;1;300;1147;0.0012;0.0067;1394;1299;0.0016
"UMA_Core.dll!UMA::UMAGeneratorBuiltin.CheckRenderTextures()";0.0017;0.0014;0.0034;1248;1169;1446;5;5;0.514099998516031;0.001713667;0.0016;0.0018;300;1;1;1;300;1147;0.0014;0.0034;1169;1446;0.0019
"mscorlib.dll!System.Collections.Generic::List`1.AddRange()";0.0017;0.0013;0.0118;1270;1423;1289;5;5;0.529499998665415;0.001765;0.0016;0.0018;300;1;1;1;300;1147;0.0013;0.0118;1423;1289;0.0015
"mscorlib.dll!System.Runtime.InteropServices::Marshal.SizeOf()";0.0017;0.0012;0.0134;1270;1179;1217;9;9;0.599899997701868;0.001999667;0.0016;0.0019;300;1;1;1;300;1147;0.0012;0.0134;1179;1217;0.0019
"Crest.dll!Crest::LodDataMgrFlow.get_s_nullTexture()";0.0017;0.0014;0.0453;1291;1239;1202;11;11;0.612299996777438;0.002041;0.0016;0.0018;315;1;1;10;300;1147;0.0011;0.0453;1196;1202;0.0019
"Physics2D.Simulate";0.0017;0.001;0.0137;1291;1225;1446;3;3;0.596999995614169;0.00199;0.0014;0.0024;449;1;1;16;300;1147;0.0003;0.0063;1196;1266;0.0017
"Assembly-CSharp.dll!::DamageShieldUI.Update()";0.0017;0.0015;0.0064;1331;1278;1193;4;4;0.544299998669885;0.001814333;0.0016;0.0018;300;1;1;1;300;1147;0.0015;0.0064;1278;1193;0.0017
"Unity.InputSystem.dll!UnityEngine.InputSystem.Utilities::MemoryHelpers.MemCmpBitRegion()";0.0017;0.0013;0.006;1338;1168;1340;11;11;0.553699999116361;0.001845667;0.0015;0.0021;693;2;2;3;300;1147;0.0004;0.0055;1147;1340;0.003
"UnityEngine.CoreModule.dll!UnityEngine::SystemInfo.GetGraphicsUVStartsAtTop()";0.0017;0.0015;0.0067;1363;1202;1414;17;21;0.552499982950394;0.001841667;0.0017;0.0018;1806;6;6;12;300;1147;0.0001;0.0053;1148;1414;0.0016
"Assembly-CSharp.dll!::FuryUI.Update()";0.0017;0.0014;0.0062;1368;1166;1169;4;4;0.534199998248369;0.001780667;0.0016;0.0018;300;1;1;1;300;1147;0.0014;0.0062;1166;1169;0.0018
"UnityEngine.CoreModule.dll!UnityEngine::ReflectionProbe.get_defaultTextureHDRDecodeValues()";0.0017;0.0013;0.0115;1419;1415;1219;8;8;0.564499999745749;0.001881667;0.0016;0.0019;301;1;1;2;300;1147;0.0013;0.0115;1415;1219;0.0018
"Assembly-CSharp.dll!::UIQuests.Update()";0.0017;0.0015;0.007;1428;1156;1360;4;4;0.557299999636598;0.001857667;0.0017;0.0018;300;1;1;1;300;1147;0.0015;0.007;1156;1360;0.0018
"UnityEngine.UI.dll!UnityEngine.EventSystems::StandaloneInputModule.ShouldIgnoreEventsOnNoFocus()";0.0017;0.0016;0.1381;1445;1444;1443;6;7;0.143600004579639;0.0359;0.0016;0.0022;8;2;2;2;4;1443;0.0004;0.1376;1444;1443;0
"UnityEngine.CoreModule.dll!UnityEngine::GL.End()";0.0017;0.0011;0.0069;1227;1291;1212;18;18;0.52629999796045;0.001754333;0.0015;0.0018;602;2;2;4;300;1147;0.0004;0.006;1213;1194;0.0018
"UnityEngine.CoreModule.dll!UnityEngine::Light.get_shadowStrength()";0.0017;0.0014;0.0069;1238;1172;1268;6;20;0.533099996566307;0.001777;0.0016;0.0018;902;3;3;5;300;1147;0.0004;0.0059;1147;1268;0.0018
"mscorlib.dll!System::RuntimeType.HasElementTypeImpl()";0.0017;0.0014;0.0121;1274;1250;1446;11;25;0.525399997422937;0.001751333;0.0016;0.0017;610;2;2;12;300;1147;0.0005;0.0059;1446;1173;0.0017
"mscorlib.dll!System::RuntimeType.get_IsGenericParameter()";0.0017;0.0013;0.0155;1291;1416;1285;10;24;0.574699990742374;0.001915667;0.0016;0.0019;610;2;2;12;300;1147;0.0003;0.0145;1446;1285;0.0021
"Crest.dll!Crest::TimeProviderDefault.get_CurrentTime()";0.0017;0.0015;0.0059;1309;1322;1382;7;11;0.525499990151729;0.001751667;0.0017;0.0018;600;2;2;2;300;1147;0.0007;0.0048;1165;1382;0.0017
"Unity.InputSystem.dll!UnityEngine.InputSystem::InputAction.GetOrCreateActionMap()";0.0017;0.0013;0.0072;1325;1355;1238;8;8;0.595099987243884;0.001983667;0.0016;0.0019;2700;9;9;9;300;1147;0;0.0054;1194;1238;0.0015
"UnityEngine.CoreModule.dll!UnityEngine.Rendering::ScriptableRenderContext.DrawShadows_Internal_Injected()";0.0017;0.0014;0.0066;1327;1219;1229;22;22;0.540799987888022;0.001802667;0.0016;0.0018;1204;4;4;8;300;1147;0.0001;0.0058;1149;1215;0.0017
"UnityEngine.CoreModule.dll!UnityEngine.Rendering::CommandBuffer.SetGlobalDepthBias()";0.0017;0.0013;0.0068;1436;1411;1236;20;20;0.524999985027534;0.00175;0.0016;0.0018;2408;8;8;16;300;1147;0.0001;0.0057;1147;1236;0.0017
"Crest.dll!Crest::LodDataMgrAnimWaves.get_SimName()";0.0017;0.0012;0.004499999;1275;1177;1216;9;10;0.529699986669584;0.001765667;0.0016;0.001899999;6300;21;21;21;300;1147;0;0.0028;1147;1216;0.0019
"Unity.RenderPipelines.Universal.Runtime.dll!UnityEngine.Rendering.Universal::ScriptableRenderPass.OnFinishCameraStackRendering()";0.0017;0.0013;0.004999998;1340;1199;1446;14;14;0.521999986813171;0.00174;0.0016;0.0018;6321;21;21;42;300;1147;0;0.0029;1147;1262;0.0017
"UnityEngine.IMGUIModule.dll!UnityEngine::GUIContent.get_text()";0.0017;0.0005;0.004999999;1429;1445;1318;8;10;0.527899986846023;0.001759667;0.0016;0.001899999;6244;21;7;21;300;1147;0;0.0035;1147;1318;0.0015
"Unity.RenderPipelines.Universal.Runtime.dll!UnityEngine.Rendering.Universal::ScriptableRenderPass.set_renderPassQueueIndex()";0.0017;0.0009999999;0.009199997;1445;1267;1446;14;14;0.539099986781366;0.001797;0.0016;0.001899999;6622;22;22;44;300;1147;0;0.0035;1147;1446;0.0017
"UnityEngine.CoreModule.dll!UnityEngine::SystemInfo.UsesReversedZBuffer()";0.0016;0.0013;0.0068;1289;1342;1353;16;21;0.513299990350788;0.001711;0.0015;0.0017;1806;6;6;12;300;1147;0.0001;0.0058;1148;1353;0.0017
"UnityEngine.CoreModule.dll!UnityEngine::Light.get_intensity()";0.0016;0.0014;0.0064;1302;1193;1399;6;6;0.504799996386282;0.001682667;0.0016;0.0017;1500;5;5;5;300;1147;0.0001;0.0054;1147;1399;0.0017
"UnityEngine.ParticleSystemModule.dll!UnityEngine::ParticleSystem.get_isPlaying()";0.0016;0.0012;0.011;1313;1395;1253;6;6;0.552800004603341;0.001842667;0.0015;0.0018;600;2;2;2;300;1147;0.0004;0.0061;1148;1397;0.0015
"Crest.dll!Crest::LodDataMgrSeaFloorDepth.GetParamIdSampler()";0.0016;0.0012;0.0128;1353;1385;1446;10;11;0.568199991830625;0.001894;0.0015;0.002;615;2;2;11;300;1147;0.0004;0.006;1299;1269;0.0015
"UnityEngine.CoreModule.dll!Unity.Collections.LowLevel.Unsafe::AtomicSafetyHandle.IsTempMemoryHandle_Injected()";0.0016;0.0013;0.005399999;1361;1210;1314;14;22;0.507899984782853;0.001693;0.0016;0.0017;1505;5;5;10;300;1147;0.0001;0.0045;1147;1314;0.0018
"UnityEngine.CoreModule.dll!UnityEngine::Camera.get_nearClipPlane()";0.0016;0.0013;0.0059;1386;1317;1224;5;15;0.534000005020062;0.00178;0.0015;0.0021;1027;3;3;6;300;1147;0.0004;0.0043;1147;1224;0.0022
"UnityEngine.CoreModule.dll!Unity.Collections.LowLevel.Unsafe::AtomicSafetyHandle.CheckDeallocateAndThrow_Injected()";0.0016;0.0012;0.0067;1167;1310;1406;14;22;0.499399995213025;0.001664667;0.0015;0.0017;1505;5;5;10;300;1147;0.0001;0.0056;1147;1406;0.0016
"FixedUpdate.ScriptRunDelayedFixedFrameRate";0.0016;0.0007;0.07709999;1208;1149;1446;2;2;0.748799992405111;0.002496;0.0008;0.0025;449;1;1;16;300;1147;0.0004;0.0565;1168;1446;0.002
"Unity.InputSystem.dll!UnityEngine.InputSystem.LowLevel::InputUpdate.OnBeforeUpdate()";0.0016;0.0012;0.0056;1211;1168;1240;6;6;0.49049999716226;0.001635;0.0014;0.0018;300;1;1;1;300;1147;0.0012;0.0056;1168;1240;0.0018
"Assembly-CSharp.dll!::TargetsDamageShieldUI.Update()";0.0016;0.0013;0.0062;1212;1176;1153;4;4;0.49409999686759;0.001647;0.0015;0.0016;300;1;1;1;300;1147;0.0013;0.0062;1176;1153;0.0023
"Assembly-CSharp.dll!::EnviroCore.UpdateSceneView()";0.0016;0.0014;0.0075;1225;1169;1443;5;5;0.497199996258132;0.001657333;0.0015;0.0016;300;1;1;1;300;1147;0.0014;0.0075;1169;1443;0.0017
"UnityEngine.CoreModule.dll!UnityEngine::GameObject.get_activeSelf()";0.0016;0.0012;0.0042;1226;1313;1279;5;5;0.50069998743129;0.001669;0.0015;0.0018;900;3;3;3;300;1147;0.0003;0.0031;1147;1279;0.002
"UnityEngine.CoreModule.dll!UnityEngine.Rendering::CommandBuffer.Internal_DispatchCompute()";0.0016;0.0013;0.0122;1238;1180;1160;10;14;0.51209998903505;0.001707;0.0015;0.0017;1215;4;4;13;300;1147;0.0001;0.0115;1150;1160;0.0014
"UnityEngine.CoreModule.dll!UnityEngine::RenderSettings.get_sun()";0.0016;0.0012;0.0069;1254;1147;1446;14;14;0.499999996740371;0.001666667;0.0015;0.0017;301;1;1;2;300;1147;0.0012;0.0063;1147;1274;0.0018
"Assembly-CSharp.dll!::TargetsDamageBarrierUI.Update()";0.0016;0.0013;0.0062;1261;1180;1225;4;4;0.509099998162128;0.001697;0.0015;0.0017;300;1;1;1;300;1147;0.0013;0.0062;1180;1225;0.0019
"mscorlib.dll!System::RuntimeType.get_IsGenericType()";0.0016;0.0012;0.013;1263;1324;1436;10;24;0.516799988137791;0.001722667;0.0014;0.0017;610;2;2;12;300;1147;0.0003;0.0123;1446;1436;0.0018
"Assembly-CSharp.dll!::TargetsSpiritUI.Update()";0.0016;0.0013;0.0063;1278;1390;1414;4;4;0.498699996736832;0.001662333;0.0015;0.0017;300;1;1;1;300;1147;0.0013;0.0063;1390;1414;0.0016
"mscorlib.dll!System::Type.get_IsByRef()";0.0016;0.0013;0.0063;1282;1147;1302;11;11;0.487499996903352;0.001625;0.0015;0.0017;300;1;1;1;300;1147;0.0013;0.0063;1147;1302;0.0017
"Unity.InputSystem.dll!UnityEngine.InputSystem::InputManager.ResetCurrentProcessedEventBytesForDevices()";0.0016;0.0013;0.0023;1283;1276;1216;7;7;0.153099998948164;0.001646237;0.0015;0.0018;93;1;1;1;93;1153;0.0013;0.0023;1276;1216;0.0018
"UnityEngine.CoreModule.dll!UnityEngine::Light.get_cookie()";0.0016;0.0013;0.0066;1307;1288;1399;6;20;0.495999983257207;0.001653333;0.0015;0.0017;902;3;3;5;300;1147;0.0001;0.0057;1232;1399;0.0019
"UnityEngine.CoreModule.dll!UnityEngine.Rendering::AsyncGPUReadbackRequest.get_layerDataSize()";0.0016;0.0012;0.0035;1314;1371;1201;5;5;0.486399995861575;0.001621333;0.0014;0.0018;300;1;1;1;300;1147;0.0012;0.0035;1371;1201;0.0019
"mscorlib.dll!System.Collections.Generic::List`1.System.Collections.Generic.IEnumerable<T>.GetEnumerator()";0.0016;0.0011;0.0091;1322;1200;1428;11;11;0.539399997564033;0.001798;0.0015;0.0018;301;1;1;2;300;1147;0.0011;0.0091;1200;1428;0.0019
"UnityEngine.CoreModule.dll!UnityEngine::Vector4.op_UnaryNegation()";0.0016;0.0013;0.0062;1344;1165;1149;20;20;0.503399986482691;0.001678;0.0015;0.0017;1505;5;5;10;300;1147;0.0002;0.005;1147;1149;0.0019
"Assembly-CSharp.dll!::UINpcDialogue_DialogueSystem.LateUpdate()";0.0016;0.0012;0.0074;1348;1181;1240;4;4;0.497599996975623;0.001658667;0.0015;0.0017;300;1;1;1;300;1147;0.0012;0.0074;1181;1240;0.0017
"Physics.UpdateBodies";0.0016;0.001;0.0185;1370;1180;1446;3;3;0.571799992787419;0.001906;0.0014;0.0023;449;1;1;16;300;1147;0.0004;0.0062;1151;1321;0.0015
"Assembly-CSharp.dll!::EnviroSkyMgr.IsStarted()";0.0016;0.0013;0.0068;1379;1213;1160;5;5;0.50949999736622;0.001698333;0.0015;0.0018;300;1;1;1;300;1147;0.0013;0.0068;1213;1160;0.0018
"UnityEngine.CoreModule.dll!UnityEngine::RenderTexture.GetDescriptor_Injected()";0.0016;0.0012;0.0068;1406;1156;1369;19;19;0.505499985061761;0.001685;0.0015;0.0017;2107;7;7;14;300;1147;0.0001;0.0058;1147;1369;0.0016
"mscorlib.dll!System::DateTime.AddDays()";0.0016;0.0014;0.0067;1407;1166;1336;7;7;0.520599997485988;0.001735333;0.0016;0.0017;300;1;1;1;300;1147;0.0014;0.0067;1166;1336;0.002
"UnityEngine.InputLegacyModule.dll!UnityEngine::Input.get_touchCount()";0.0016;0.0009999999;0.0044;1414;1168;1220;7;8;0.588899994792882;0.001963;0.0013;0.0025;892;3;1;3;300;1147;0.0001;0.0039;1153;1220;0.003
"UnityEngine.CoreModule.dll!UnityEngine::NoAllocHelpers.ResizeList()";0.0016;0.0014;0.0133;1440;1293;1184;14;14;0.548299997695722;0.001827667;0.0016;0.0017;300;1;1;1;300;1147;0.0014;0.0133;1293;1184;0.0017
"mscorlib.dll!System::RuntimeTypeHandle..ctor()";0.0016;0.0016;0.0016;1446;1446;1446;22;23;0.00159999998868443;0.0016;0.0016;0.0016;6;6;6;6;1;1446;0.0001;0.0005;1446;1446;0
"UnityEngine.CoreModule.dll!Unity.Jobs::JobHandle.CombineDependenciesInternalPtr_Injected()";0.0016;0.0011;0.0055;1148;1182;1187;8;10;0.477299991049222;0.001591;0.0014;0.0017;1200;4;4;4;300;1147;0.0001;0.0043;1147;1187;0.0015
"Unity.RenderPipelines.Universal.Runtime.dll!UnityEngine.Rendering.Universal::ScriptableRenderer.get_cameraColorTarget()";0.0016;0.0012;0.0044;1169;1185;1253;15;20;0.478299987997161;0.001594333;0.0014;0.0017;3913;13;13;26;300;1147;0;0.0029;1147;1227;0.0018
"mscorlib.dll!System::String.GetRawStringData()";0.0016;0.0004;0.005699999;1245;1443;1310;9;22;0.489599988126429;0.001632;0.0015;0.0017;5380;18;4;40;300;1147;0;0.004;1147;1310;0.0014
"UnityEngine.CoreModule.dll!UnityEngine::Plane.get_normal()";0.0016;0.0011;0.008199999;1278;1180;1372;9;9;0.500599988496106;0.001668667;0.0014;0.0017;5400;18;18;18;300;1147;0;0.0062;1147;1372;0.0014
"UnityEngine.UI.dll!UnityEngine.UI::Graphic.get_depth()";0.0015;0.0013;0.0061;1155;1147;1234;12;12;0.197199998074211;0.0015776;0.0014;0.0015;125;1;1;1;125;1147;0.0013;0.0061;1147;1234;0.0016
"UnityEngine.CoreModule.dll!UnityEngine::GL.PopMatrix()";0.0015;0.0013;0.006;1170;1154;1365;18;18;0.4584999945655;0.001528333;0.0014;0.0015;602;2;2;4;300;1147;0.0004;0.0054;1167;1365;0.0014
"Unity.InputSystem.dll!UnityEngine.InputSystem.LowLevel::InputStateBuffers.SwitchTo()";0.0015;0.0011;0.0062;1178;1237;1197;5;7;0.458299993100809;0.001527667;0.0013;0.0016;900;3;3;3;300;1147;0.0003;0.005;1147;1197;0.0015
"UnityEngine.IMGUIModule.dll!UnityEngine::GUI.set_changed()";0.0015;0.0012;0.011;1204;1161;1156;5;5;0.460799990061787;0.001536;0.0014;0.0016;1800;6;6;6;300;1147;0.0001;0.0096;1148;1156;0.0016
"Unity.InputSystem.dll!UnityEngine.InputSystem.LowLevel::InputEventStream.Close()";0.0015;0.0013;0.0019;1206;1180;1212;7;7;0.140199998393655;0.001507527;0.0014;0.0016;93;1;1;1;93;1153;0.0013;0.0019;1180;1212;0.0016
"Assembly-CSharp.dll!::BloodUI.Update()";0.0015;0.0013;0.0065;1210;1147;1209;4;4;0.46769999479875;0.001559;0.0014;0.0016;300;1;1;1;300;1147;0.0013;0.0065;1147;1209;0.0015
"Mirror.dll!Mirror::NetworkClient.NetworkEarlyUpdate()";0.0015;0.0013;0.0032;1229;1151;1184;4;4;0.462199994944967;0.001540667;0.0014;0.0016;300;1;1;1;300;1147;0.0013;0.0032;1151;1184;0.0015
"CanvasUpdate.Prelayout";0.0015;0.0011;0.0105;1239;1434;1390;9;9;0.485899996594526;0.001619667;0.0014;0.0017;300;1;1;1;300;1147;0.0011;0.0105;1434;1390;0.0014
"Crest.dll!Crest::LodDataMgr.FlipBuffers()";0.0015;0.0011;0.0066;1248;1334;1207;10;10;0.513199995970353;0.001710667;0.0014;0.0016;900;3;3;3;300;1147;0.0003;0.0057;1149;1207;0.0014
"UpdatePreloading";0.0015;0.0012;0.037;1262;1166;1188;4;4;0.516799995442852;0.001722667;0.0014;0.0017;300;1;1;1;300;1147;0.0012;0.037;1166;1188;0.0021
"UnityEngine.CoreModule.dll!UnityEngine.Rendering::CommandBuffer.Blit_Texture()";0.0015;0.0012;0.0066;1265;1159;1427;19;19;0.48059999581892;0.001602;0.0014;0.0016;301;1;1;2;300;1147;0.0012;0.0066;1159;1427;0.0019
"mscorlib.dll!System::RuntimeTypeHandle.IsInstanceOfType()";0.0015;0.0011;0.0067;1268;1315;1302;9;12;0.467000002478017;0.001556667;0.0014;0.0016;600;2;2;2;300;1147;0.0004;0.0057;1147;1302;0.0016
"Assembly-CSharp.dll!::UIBuffs.Update()";0.0015;0.0012;0.007;1271;1308;1362;4;4;0.469699995941482;0.001565667;0.0014;0.0016;300;1;1;1;300;1147;0.0012;0.007;1308;1362;0.0017
"Crest.dll!Crest::LodDataMgr.UpdateLodData()";0.0015;0.0012;0.0065;1277;1210;1240;7;7;0.473699988273438;0.001579;0.0014;0.0015;900;3;3;3;300;1147;0.0003;0.0058;1186;1240;0.0013
"UIEvents.CanvasManagerEmitOffScreenGeometry";0.0015;0.0009;0.0065;1294;1169;1297;2;2;0.465699997730553;0.001552333;0.0013;0.0018;300;1;1;1;300;1147;0.0009;0.0065;1169;1297;0.0016
"Unity.InputSystem.dll!UnityEngine.InputSystem.LowLevel::InputEventStream..ctor()";0.0015;0.0013;0.0082;1301;1161;1158;7;7;0.207499998738058;0.002231183;0.0014;0.0035;93;1;1;1;93;1153;0.0013;0.0082;1161;1158;0.0017
"UnityEditor.CoreModule.dll!UnityEditor::PlayModeView.IsShowingGizmos()";0.0015;0.0012;0.0053;1321;1278;1311;13;14;0.482999995321734;0.00161;0.0014;0.0016;903;3;3;6;300;1147;0.0003;0.0043;1151;1311;0.0017
"UnityEngine.CoreModule.dll!UnityEngine::RenderTexture.get_width()";0.0015;0.0011;0.0065;1357;1266;1189;18;18;0.49429999152926;0.001647667;0.0015;0.0016;1204;4;4;8;300;1147;0.0001;0.0055;1151;1189;0.0014
"UnityEngine.CoreModule.dll!UnityEngine::SystemInfo.SupportsMultisampledTextures()";0.0015;0.0012;0.0041;1370;1238;1446;14;19;0.464099989185343;0.001547;0.0015;0.0016;1204;4;4;8;300;1147;0.0001;0.0029;1149;1171;0.0017
"Unity.RenderPipelines.Universal.Runtime.dll!::WorkMemory.Resize()";0.0015;0.0012;0.0067;1375;1171;1288;19;19;0.487599995685741;0.001625333;0.0014;0.0016;301;1;1;2;300;1147;0.0012;0.0067;1171;1288;0.002
"Unity.RenderPipelines.Universal.Runtime.dll!UnityEngine.Rendering.Universal::XRPass.get_isOcclusionMeshSupported()";0.0015;0.0012;0.0819;1376;1252;1394;11;13;0.575900005584117;0.001919667;0.0014;0.0016;602;2;2;4;300;1147;0.0004;0.0814;1157;1394;0.0014
"UnityEngine.CoreModule.dll!UnityEngine::SystemInfo.get_copyTextureSupport()";0.0015;0.0013;0.0056;1378;1341;1407;13;14;0.474599990062416;0.001582;0.0015;0.0016;602;2;2;4;300;1147;0.0005;0.0045;1213;1407;0.0017
"UnityEngine.CoreModule.dll!Unity.Collections.LowLevel.Unsafe::AtomicSafetyHandle.Release_Injected()";0.0015;0.0012;0.0058;1391;1247;1155;14;22;0.475399994829786;0.001584667;0.0014;0.0016;1505;5;5;10;300;1147;0.0001;0.0042;1147;1155;0.0017
"TextRendering.CollectGarbage";0.0015;0.0005;0.1023;1396;1446;1431;3;3;1.1918000006699;0.003972667;0.0012;0.0023;300;1;1;1;300;1147;0.0005;0.1023;1446;1431;0.0067
"Assembly-CSharp.dll!::UCE_UI_InteractableAccessRequirement.Update()";0.0015;0.0013;0.0031;1420;1180;1236;4;4;0.472399997175671;0.001574667;0.0015;0.0017;300;1;1;1;300;1147;0.0013;0.0031;1180;1236;0.0017
"Physics.Interpolation";0.0015;0.0009999999;0.0037;1443;1166;1414;3;3;0.476699994796945;0.001589;0.0013;0.0018;600;2;2;2;300;1147;0.0001;0.0034;1160;1414;0.0021
"mscorlib.dll!::ListBuilder`1.ToArray()";0.0015;0.0015;0.0015;1446;1446;1446;20;20;0.00149999998393469;0.0015;0.0015;0.0015;3;3;3;3;1;1446;0.0003;0.0007;1446;1446;0
"mscorlib.dll!Mono::RuntimeGPtrArrayHandle.GPtrArrayFree()";0.0015;0.0015;0.0015;1446;1446;1446;24;24;0.00149999994027894;0.0015;0.0015;0.0015;3;3;3;3;1;1446;0.0002;0.0007;1446;1446;0
"UnityEngine.CoreModule.dll!UnityEngine::Transform.get_localPosition()";0.0015;0.0012;0.0114;1406;1178;1313;6;6;0.462199996400159;0.001540667;0.0014;0.0015;600;2;2;2;300;1147;0.0003;0.0111;1149;1313;0.0014
"Crest.dll!::TextureArrayParamIds.GetId()";0.0015;0.0008;0.0113;1431;1423;1446;11;13;0.500499987341755;0.001668333;0.0014;0.0017;4260;14;14;50;300;1147;0;0.0041;1148;1236;0.0015
"UnityEngine.CoreModule.dll!Unity.Collections.LowLevel.Unsafe::NativeArrayUnsafeUtility.SetAtomicSafetyHandle()";0.0015;0.0011;0.005099999;1227;1359;1226;5;14;0.451799988739367;0.001506;0.0014;0.0016;4201;14;14;15;300;1147;0;0.0038;1148;1226;0.0016
"Unity.RenderPipelines.Universal.Runtime.dll!UnityEngine.Rendering.Universal::ScriptableRenderPass.set_useNativeRenderPass()";0.0015;0.0012;0.0052;1375;1354;1199;14;16;0.473199988380657;0.001577333;0.0014;0.0016;3913;13;13;26;300;1147;0;0.0038;1164;1199;0.0015
"Unity.RenderPipelines.Universal.Runtime.dll!UnityEngine.Rendering.Universal::ScriptableRenderPass.set_overrideCameraTarget()";0.0015;0.0012;0.004999999;1163;1230;1320;15;20;0.45649998880981;0.001521667;0.0014;0.0015;4214;14;14;28;300;1147;0;0.0037;1151;1320;0.0016
"UnityEngine.UI.dll!UnityEngine.UI.Collections::IndexedSet`1.get_Count()";0.0015;0.0007;0.007299999;1279;1445;1389;9;12;0.447999988798983;0.001493333;0.0013;0.0016;4013;13;10;14;300;1147;0;0.0059;1147;1389;0.0016
"Unity.RenderPipelines.Core.Runtime.dll!UnityEngine.Rendering::ClampedIntParameter.get_value()";0.0015;0.0011;0.005700001;1412;1179;1240;15;19;0.488999988410797;0.00163;0.0014;0.0016;5117;17;17;34;300;1147;0;0.0039;1147;1151;0.0014
"mscorlib.dll!System::String.FastAllocateString()";0.0014;0.0011;0.0402;1185;1376;1446;6;21;0.488299996475689;0.001627667;0.0013;0.0015;702;2;2;104;300;1147;0.0002;0.0065;1179;1212;0.0015
"mscorlib.dll!System::DateTime.get_Year()";0.0014;0.0012;0.0062;1204;1248;1321;6;6;0.435200003179489;0.001450667;0.0013;0.0015;600;2;2;2;300;1147;0.0004;0.0058;1147;1321;0.0014
"Unity.RenderPipelines.Core.Runtime.dll!UnityEngine.Rendering::DebugManager.get_displayRuntimeUI()";0.0014;0.0012;0.0043;1280;1181;1216;5;5;0.442799994722009;0.001476;0.0014;0.0015;900;3;3;3;300;1147;0.0003;0.0035;1181;1216;0.0015
"UnityEngine.CoreModule.dll!UnityEngine.Rendering::CommandBuffer.SetComputeIntParam()";0.0014;0.0011;0.009900001;1280;1183;1446;11;13;0.451499996095663;0.001505;0.0013;0.0016;615;2;2;11;300;1147;0.0002;0.0061;1302;1186;0.0013
"UnityEngine.CoreModule.dll!UnityEngine::ReflectionProbe.get_defaultTextureHDRDecodeValues_Injected()";0.0014;0.001;0.0065;1149;1390;1222;9;9;0.432299993350171;0.001441;0.0012;0.0015;301;1;1;2;300;1147;0.001;0.0065;1390;1222;0.0015
"UnityEngine.CoreModule.dll!Unity.Jobs::JobHandle.ScheduleBatchedJobs()";0.0014;0.0009;0.0076;1157;1147;1405;5;6;0.441399991141225;0.001471333;0.0012;0.0016;900;3;3;3;300;1147;0.0001;0.0067;1147;1405;0.0015
"AddCustomActiveLocalLights";0.0014;0.0009;0.004;1168;1397;1446;16;16;0.423899995686952;0.001413;0.0012;0.0015;301;1;1;2;300;1147;0.0008;0.0032;1446;1446;0.002
"Assembly-CSharp.dll!::EnviroSkyMgr.get_useMoonShafts()";0.0014;0.0012;0.0059;1180;1149;1310;15;15;0.439999994123355;0.001466667;0.0013;0.0014;301;1;1;2;300;1147;0.0012;0.0059;1149;1310;0.0014
"UnityEngine.CoreModule.dll!Unity.Collections.LowLevel.Unsafe::UnsafeUtility.Free()";0.0014;0.0011;0.0136;1181;1293;1289;12;20;0.4491999958409;0.001497333;0.0013;0.0015;1505;5;5;10;300;1147;0.0001;0.012;1147;1289;0.0014
"mscorlib.dll!System::Math.Round()";0.0014;0.0009;0.0038;1204;1197;1446;19;20;0.419699996098643;0.001399;0.0012;0.0015;602;2;2;4;300;1147;0.0003;0.0025;1197;1157;0.0014
"UnityEngine.UI.dll!UnityEngine.EventSystems::BaseInput.GetMouseButtonUp()";0.0014;0.0011;0.0061;1208;1360;1166;10;10;0.424699985989719;0.001434797;0.0013;0.0014;888;3;3;3;296;1147;0.0002;0.0055;1161;1166;0.0015
"Unity.InputSystem.dll!UnityEngine.InputSystem.EnhancedTouch::Touch.BeginUpdate()";0.0014;0.0011;0.0061;1209;1147;1313;8;8;0.430899993167259;0.001436333;0.0013;0.0015;300;1;1;1;300;1147;0.0011;0.0061;1147;1313;0.0014
"Unity.InputSystem.dll!UnityEngine.InputSystem.LowLevel::InputEventPtr.get_internalTime()";0.0014;0.0011;0.0017;1212;1267;1171;7;10;0.128399997280212;0.001380645;0.0013;0.0014;279;3;3;3;93;1153;0.0003;0.0007;1180;1171;0.0014
"Physics2D.SyncTransformChanges";0.0014;0.0007;0.0081;1229;1395;1446;4;8;0.426799994835164;0.001422667;0.0011;0.0016;873;3;2;17;300;1147;0.0002;0.0034;1151;1399;0.0015
"Unity.InputSystem.dll!UnityEngine.InputSystem.LowLevel::InputStateBuffers.GetFrontBufferForDevice()";0.0014;0.0009999999;0.0069;1232;1172;1203;10;11;0.461899985326454;0.001539667;0.0012;0.0017;1086;3;3;5;300;1147;0.0002;0.0054;1147;1321;0.002
"UnityEngine.CoreModule.dll!UnityEngine.Rendering::AsyncGPUReadbackRequest.get_layerCount()";0.0014;0.001;0.0021;1238;1166;1167;5;5;0.417399994563311;0.001391333;0.0012;0.0015;300;1;1;1;300;1147;0.001;0.0021;1166;1167;0.0021
"mscorlib.dll!System.Collections.ObjectModel::ReadOnlyCollection`1.get_Count()";0.0014;0.0011;0.0068;1254;1283;1282;14;14;0.442199995988631;0.001474;0.0013;0.0015;602;2;2;4;300;1147;0.0002;0.0063;1147;1282;0.0014
"UnityEngine.CoreModule.dll!UnityEngine::Transform.set_localScale_Injected()";0.0014;0.0011;0.0077;1270;1195;1161;6;9;0.472399990161648;0.001574667;0.0013;0.0015;618;2;2;3;300;1147;0.0004;0.0064;1195;1161;0.0012
"UnityEngine.CoreModule.dll!UnityEngine::Display.RelativeMouseAt()";0.0014;0.0009;0.0061;1281;1443;1183;5;12;0.43400000105612;0.001446667;0.0013;0.0015;596;2;1;2;300;1147;0.0004;0.0055;1149;1183;0.0016
"UnityEngine.CoreModule.dll!UnityEngine::ScreenShimBase.get_orientation()";0.0014;0.0012;0.0065;1322;1171;1348;6;6;0.44859999360051;0.001495333;0.0013;0.0015;300;1;1;1;300;1147;0.0012;0.0065;1171;1348;0.0014
"UnityEngine.CoreModule.dll!UnityEngine::Quaternion.op_Inequality()";0.0014;0.0012;0.0059;1332;1199;1201;7;7;0.433999993256293;0.001446667;0.0013;0.0015;300;1;1;1;300;1147;0.0012;0.0059;1199;1201;0.0016
"UnityEngine.CoreModule.dll!UnityEngine::GL.Begin()";0.0014;0.0011;0.007;1348;1147;1181;18;18;0.450499996368308;0.001501667;0.0013;0.0015;602;2;2;4;300;1147;0.0003;0.0061;1256;1181;0.0014
"UnityEngine.CoreModule.dll!UnityEngine.Events::InvokableCall.add_Delegate()";0.0014;0.0009999999;0.0064;1350;1343;1285;9;14;0.445099994380143;0.001483667;0.0013;0.0016;600;2;2;2;300;1147;0.0002;0.0061;1153;1285;0.0015
"Assembly-CSharp.dll!::EnviroSkyMgr.GetSnowIntensity()";0.0014;0.0013;0.0068;1356;1149;1170;5;5;0.45959999342449;0.001532;0.0014;0.0015;300;1;1;1;300;1147;0.0013;0.0068;1149;1170;0.0046
"UnityEngine.UI.dll!UnityEngine.EventSystems::PointerEventData.IsPointerMoving()";0.0014;0.0013;0.0019;1374;1300;1369;9;9;0.425999989034608;0.001439189;0.0014;0.0015;888;3;3;3;296;1147;0.0003;0.0008;1149;1327;0.0015
"Crest.dll!Crest::PropertyWrapperCompute.SetVector()";0.0014;0.0012;0.0146;1375;1193;1446;10;10;0.486899992392864;0.001623;0.0014;0.0015;315;1;1;10;300;1147;0.0006;0.0127;1302;1282;0.0017
"mscorlib.dll!System::RuntimeTypeHandle.CanCastTo()";0.0014;0.0011;0.0131;1375;1300;1294;15;15;0.472799994400702;0.001576;0.0014;0.0015;301;1;1;2;300;1147;0.0011;0.0131;1300;1294;0.0015
"Assembly-CSharp.dll!::UICastBar.Update()";0.0014;0.0012;0.0086;1386;1147;1375;4;4;0.44989999406971;0.001499667;0.0014;0.0015;300;1;1;1;300;1147;0.0012;0.0086;1147;1375;0.0015
"Crest.dll!Crest::LodDataMgrFoam.GetParamIdSampler()";0.0014;0.0012;0.0145;1387;1152;1446;9;9;0.537800001300639;0.001792667;0.0013;0.0015;615;2;2;11;300;1147;0.0004;0.0059;1147;1366;0.0013
"UnityEngine.UI.dll!UnityEngine.EventSystems::StandaloneInputModule.SendUpdateEventToSelectedObject()";0.0014;0.0012;0.0063;1387;1245;1297;6;6;0.443499994114973;0.001498311;0.0014;0.0015;296;1;1;1;296;1147;0.0012;0.0063;1245;1297;0.0016
"UnityEngine.CoreModule.dll!UnityEngine.Rendering::ScriptableRenderContext.SetupCameraProperties_Internal()";0.0014;0.0011;0.0127;1395;1185;1283;15;15;0.499999993247911;0.001666667;0.0013;0.0016;301;1;1;2;300;1147;0.0011;0.0127;1185;1283;0.0019
"UnityEngine.CoreModule.dll!UnityEngine::Transform.set_localPosition_Injected()";0.0014;0.0011;0.0065;1396;1395;1272;8;8;0.45979999100382;0.001532667;0.0014;0.0015;600;2;2;2;300;1147;0.0001;0.0063;1173;1272;0.0015
"UnityEngine.CoreModule.dll!UnityEngine::Camera.get_orthographic()";0.0014;0.0011;0.0037;1403;1152;1191;15;16;0.43609999329783;0.001453667;0.0014;0.0015;903;3;3;6;300;1147;0.0003;0.0027;1152;1191;0.0015
"UnityEngine.InputLegacyModule.dll!UnityEngine::Input.GetKeyDownInt()";0.0014;0.0011;0.0044;1409;1420;1400;6;9;0.426799995613692;0.001422667;0.0013;0.0015;1500;5;5;5;300;1147;0.0001;0.003;1147;1400;0.0015
"mscorlib.dll!System.Collections::Stack.Push()";0.0014;0.0011;0.0088;1421;1367;1346;5;7;0.460899986617733;0.001536333;0.0014;0.0015;901;3;3;4;300;1147;0.0002;0.0076;1149;1346;0.0015
"Physics.ProcessReports";0.0014;0.0009;0.0163;1431;1147;1446;3;3;0.491899996442953;0.001639667;0.0011;0.002;449;1;1;16;300;1147;0.0004;0.006;1446;1321;0.001
"UnityEngine.CoreModule.dll!Unity.Collections.LowLevel.Unsafe::NativeSliceUnsafeUtility.GetUnsafeReadOnlyPtr()";0.0014;0.0012;0.0063;1435;1150;1335;9;11;0.500699992990121;0.001669;0.0013;0.0016;600;2;2;2;300;1147;0.0005;0.0057;1149;1335;0.0016
"Assembly-CSharp.dll!::SpiritUI.Update()";0.0014;0.0012;0.0067;1442;1264;1416;4;4;0.574199993978254;0.001914;0.0014;0.0016;300;1;1;1;300;1147;0.0012;0.0067;1264;1416;0.0015
"mscorlib.dll!System::Enum.GetCachedValuesAndNames()";0.0014;0.0014;0.0014;1446;1446;1446;21;21;0.00139999996463303;0.0014;0.0014;0.0014;3;3;3;3;1;1446;0.0002;0.0008;1446;1446;0
"mscorlib.dll!System::RuntimeTypeHandle.GetAssembly()";0.0014;0.0014;0.0014;1446;1446;1446;25;25;0.00139999997918494;0.0014;0.0014;0.0014;3;3;3;3;1;1446;0.0003;0.0006;1446;1446;0
"Unity.RenderPipelines.Universal.Runtime.dll!Beautify.Universal::BeautifySettings.get_instance()";0.0014;0.0014;0.0014;1446;1446;1446;17;17;0.00139999995008111;0.0014;0.0014;0.0014;1;1;1;1;1;1446;0.0014;0.0014;1446;1446;0
"Unity.RenderPipelines.Core.Runtime.dll!UnityEngine.Rendering::MinFloatParameter.get_value()";0.0014;0.0009;0.005599998;1362;1177;1446;15;21;0.438599988883652;0.001462;0.0013;0.0016;4816;16;16;32;300;1147;0;0.0028;1147;1213;0.0015
"Unity.RenderPipelines.Core.Runtime.dll!UnityEngine.Rendering::FloatParameter.Interp()";0.0014;0.0007;0.0041;1156;1160;1198;15;15;0.420899989578174;0.001403;0.0012;0.0015;4816;16;16;32;300;1147;0;0.0028;1147;1198;0.0015
"UnityEngine.UI.dll!::ButtonState.get_button()";0.0014;0.0009;0.0021;1217;1151;1369;9;11;0.408499989680422;0.001380068;0.0013;0.0015;5032;17;17;17;296;1147;0;0.0002;1147;1155;0.0017
"Unity.RenderPipelines.Core.Runtime.dll!UnityEngine.Rendering::DebugActionState.get_runningAction()";0.0014;0.0007;0.006499998;1436;1250;1299;7;7;0.438899989174388;0.001463;0.0013;0.0016;5400;18;18;18;300;1147;0;0.005;1147;1299;0.0014
"mscorlib.dll!System::UInt64.CompareTo()";0.0014;0.0014;0.0014;1446;1446;1446;25;25;0.00139999996463303;0.0014;0.0014;0.0014;11;11;11;11;1;1446;0.0001;0.0002;1446;1446;0
"UnityEngine.UI.dll!UnityEngine.UI::CanvasUpdateRegistry.CleanInvalidItems()";0.0013;0.0009;0.0118;1155;1334;1418;9;9;0.441799991880544;0.001472667;0.0012;0.0014;300;1;1;1;300;1147;0.0009;0.0118;1334;1418;0.0012
"Assembly-CSharp.dll!UnityEngine.Rendering.LWRP::EnviroDistanceBlurPass.get_thresholdLinear()";0.0013;0.0011;0.0057;1176;1147;1392;17;17;0.387199991731904;0.001290667;0.0012;0.0013;301;1;1;2;300;1147;0.0011;0.0057;1147;1392;0.0013
"Unity.RenderPipelines.Universal.Runtime.dll!UnityEngine.Rendering.Universal.Internal::DepthNormalOnlyPass.set_depthDescriptor()";0.0013;0.0011;0.0152;1178;1247;1304;13;13;0.417299991473556;0.001391;0.0012;0.0013;301;1;1;2;300;1147;0.0011;0.0152;1247;1304;0.0012
"UnityEngine.UI.dll!UnityEngine.EventSystems::BaseInput.get_mouseScrollDelta()";0.0013;0.001;0.0061;1180;1164;1263;9;9;0.388699993141927;0.001313176;0.0012;0.0013;296;1;1;1;296;1147;0.001;0.0061;1164;1263;0.0013
"mscorlib.dll!System.Collections.Generic::List`1.InsertRange()";0.0013;0.0009;0.0114;1187;1423;1289;6;6;0.402699993108399;0.001342333;0.0012;0.0014;300;1;1;1;300;1147;0.0009;0.0114;1423;1289;0.0012
"UnityEngine.UI.dll!UnityEngine.UI::MultipleDisplayUtilities.RelativeMouseAtScaled()";0.0013;0.0011;0.0048;1193;1163;1361;11;11;0.382399991038255;0.001291892;0.0012;0.0013;296;1;1;1;296;1147;0.0011;0.0048;1163;1361;0.0015
"Unity.RenderPipelines.Universal.Runtime.dll!UnityEngine.Rendering.Universal::UniversalAdditionalCameraData.get_requiresVolumeFrameworkUpdate()";0.0013;0.0011;0.0062;1200;1182;1245;10;10;0.428699991898611;0.001429;0.0012;0.0013;301;1;1;2;300;1147;0.0011;0.0062;1182;1245;0.0012
"Unity.RenderPipelines.Universal.Runtime.dll!UnityEngine.Rendering.Universal::ScreenSpaceAmbientOcclusion.GetMaterial()";0.0013;0.0012;0.006;1203;1147;1192;15;15;0.395999992382713;0.00132;0.0012;0.0013;301;1;1;2;300;1147;0.0012;0.006;1147;1192;0.0013
"UnityEngine.CoreModule.dll!UnityEngine::GameObject.get_layer()";0.0013;0.001;0.0064;1214;1283;1422;6;15;0.401499998413783;0.001338333;0.0012;0.0013;901;3;3;4;300;1147;0.0001;0.0056;1150;1422;0.0011
"UnityEngine.IMGUIModule.dll!UnityEngine::GUIStyle.get_fixedWidth()";0.0013;0.0009;0.0049;1226;1252;1406;10;12;0.410799994519039;0.001369333;0.0012;0.0014;1802;6;6;8;300;1147;0.0001;0.0039;1147;1406;0.0014
"Unity.RenderPipelines.Universal.Runtime.dll!UnityEngine.Rendering.Universal::MotionBlur.IsActive()";0.0013;0.0009999999;0.0114;1227;1193;1321;13;19;0.412499992031371;0.001375;0.0012;0.0014;602;2;2;4;300;1147;0.0004;0.0106;1153;1321;0.0013
"UnityEngine.CoreModule.dll!UnityEngine::Camera.get_pixelWidth()";0.0013;0.0011;0.0064;1229;1160;1340;11;12;0.401599994394928;0.001338667;0.0012;0.0013;602;2;2;4;300;1147;0.0003;0.006;1150;1340;0.0012
"mscorlib.dll!System::DateTime.Add()";0.0013;0.0011;0.0063;1246;1166;1421;8;8;0.400199993746355;0.001334;0.0012;0.0013;300;1;1;1;300;1147;0.0011;0.0063;1166;1421;0.0016
"Complete spawning jobs";0.0013;0.0011;0.0055;1261;1147;1257;5;5;0.397399992099963;0.001324667;0.0012;0.0014;300;1;1;1;300;1147;0.0011;0.0055;1147;1257;0.0012
"PreLateUpdate.AIUpdatePostScript";0.0013;0.0008;0.007;1270;1269;1370;2;2;0.409499995817896;0.001365;0.0011;0.0014;300;1;1;1;300;1147;0.0008;0.007;1269;1370;0.0014
"Assembly-CSharp.dll!::UIChat.Update()";0.0013;0.001;0.0047;1283;1360;1364;4;4;0.523799993679859;0.001746;0.0012;0.0015;300;1;1;1;300;1147;0.001;0.0047;1360;1364;0.0013
"Crest.dll!Crest::TextureArrayHelpers.get_BlackTextureArray()";0.0013;0.0011;0.016;1287;1234;1446;12;12;0.432899992913008;0.001443;0.0012;0.0014;315;1;1;10;300;1147;0.0009;0.0063;1196;1148;0.0015
"FixedUpdate.ScriptRunBehaviourFixedUpdate";0.0013;0.0008;0.0129;1304;1357;1251;2;2;0.447799999179551;0.001492667;0.0011;0.0016;449;1;1;16;300;1147;0.0003;0.012;1182;1251;0.0012
"UnityEngine.InputLegacyModule.dll!UnityEngine::Input.GetMouseButtonDown()";0.0013;0.0008;0.0058;1317;1445;1154;6;11;0.411599992032279;0.001372;0.0012;0.0014;1488;5;2;5;300;1147;0.0001;0.0051;1147;1154;0.0014
"PostLateUpdate.UpdateAllSkinnedMeshes";0.0013;0.0006;0.0107;1334;1212;1246;2;2;0.39509999594884;0.001317;0.001;0.0015;300;1;1;1;300;1147;0.0006;0.0107;1212;1246;0.0015
"Unity.RenderPipelines.Universal.Runtime.dll!::ScreenSpaceShadowsPass.Setup()";0.0013;0.0012;0.0104;1335;1155;1323;15;15;0.407699994975701;0.001359;0.0013;0.0014;301;1;1;2;300;1147;0.0012;0.0104;1155;1323;0.0014
"Terrain.Trees.OnWillRender";0.0013;0.0008;0.0057;1342;1330;1278;15;17;0.426899992860854;0.001423;0.0012;0.0016;602;2;2;4;300;1147;0.0001;0.0051;1446;1295;0.0011
"Unity.RenderPipelines.Universal.Runtime.dll!UnityEngine.Rendering.Universal::UniversalAdditionalCameraData.get_requiresColorTexture()";0.0013;0.0011;0.0063;1347;1201;1229;12;12;0.423899993300438;0.001413;0.0013;0.0014;301;1;1;2;300;1147;0.0011;0.0063;1201;1229;0.0013
"UnityEngine.CoreModule.dll!UnityEngine::Camera.get_allCamerasCount()";0.0013;0.0011;0.0064;1348;1153;1335;5;6;0.421399997649132;0.001404667;0.0012;0.0014;600;2;2;2;300;1147;0.0002;0.0061;1153;1335;0.0013
"UnityEngine.CoreModule.dll!UnityEngine::GL.PushMatrix()";0.0013;0.0011;0.0065;1366;1160;1334;18;18;0.4456999967515;0.001485667;0.0013;0.0014;602;2;2;4;300;1147;0.0003;0.0061;1151;1178;0.0013
"Unity.RenderPipelines.Universal.Runtime.dll!UnityEngine.Rendering.Universal::UniversalRenderPipeline.get_maxPerObjectLights()";0.0013;0.0011;0.0035;1368;1147;1446;14;14;0.405999993090518;0.001353333;0.0012;0.0014;301;1;1;2;300;1147;0.0011;0.0034;1147;1173;0.0016
"UnityEngine.CoreModule.dll!UnityEngine::GL.LoadOrtho()";0.0013;0.0011;0.0065;1389;1157;1248;18;18;0.413199996808544;0.001377333;0.0013;0.0014;602;2;2;4;300;1147;0.0004;0.0058;1147;1248;0.0014
"EarlyUpdate.RendererNotifyInvisible";0.0013;0.0012;0.0067;1406;1174;1192;2;2;0.422099993913434;0.001407;0.0013;0.0014;300;1;1;1;300;1147;0.0012;0.0067;1174;1192;0.0013
"Assembly-CSharp.dll!::UIHealthMana.Update()";0.0013;0.0011;0.0034;1415;1166;1305;4;4;0.412699993466958;0.001375667;0.0013;0.0014;300;1;1;1;300;1147;0.0011;0.0034;1166;1305;0.0014
"UnityEngine.UI.dll!UnityEngine.UI.Collections::IndexedSet`1.Sort()";0.0013;0.001;0.0065;1424;1264;1383;9;9;0.415299993823282;0.001384333;0.0012;0.0014;300;1;1;1;300;1147;0.001;0.0065;1264;1383;0.0014
"Unity.RenderPipelines.Universal.Runtime.dll!UnityEngine.Rendering.Universal::UniversalAdditionalCameraData.get_requiresDepthTexture()";0.0013;0.0011;0.0122;1430;1153;1263;12;12;0.528599993791431;0.001762;0.0013;0.0015;301;1;1;2;300;1147;0.0011;0.0122;1153;1263;0.0012
"UnityEngine.CoreModule.dll!UnityEngine.Rendering::CommandBuffer.Blit_Identifier()";0.0013;0.001;0.0133;1442;1424;1330;20;20;0.455999992904253;0.00152;0.0013;0.0015;301;1;1;2;300;1147;0.001;0.0133;1424;1330;0.0017
"UnityEngine.UIModule.dll!UnityEngine::Canvas.get_isRootCanvas()";0.0013;0.0009999999;0.0063;1245;1173;1187;9;9;0.402799988441984;0.001342667;0.0012;0.0014;1500;5;5;5;300;1147;0.0001;0.0057;1147;1187;0.001
"UnityEngine.CoreModule.dll!UnityEngine::Light.get_bakingOutput_Injected()";0.0013;0.0009999999;0.0065;1317;1196;1337;20;21;0.41739998725825;0.001391333;0.0012;0.0013;1204;4;4;8;300;1147;0.0001;0.0057;1147;1337;0.0013
"UnityEngine.CoreModule.dll!UnityEngine::Camera.get_cullingMask()";0.0013;0.0009999999;0.0062;1369;1437;1409;5;14;0.443799996341113;0.001479333;0.0012;0.0018;850;2;2;4;300;1147;0.0002;0.0056;1149;1409;0.0019
"Unity.InputSystem.dll!::TriggerState.get_phase()";0.0013;0.0009;0.0067;1397;1154;1317;8;8;0.429599988863629;0.001432;0.0012;0.0014;2700;9;9;9;300;1147;0;0.0052;1148;1260;0.0014
"UnityEngine.CoreModule.dll!UnityEngine.Experimental.Rendering::GraphicsFormatUtility.IsPVRTCFormat()";0.0013;0.0013;0.0013;1446;1446;1446;22;22;0.00129999996715924;0.0013;0.0013;0.0013;8;8;8;8;1;1446;0.0001;0.0002;1446;1446;0
"Unity.RenderPipelines.Universal.Runtime.dll!UnityEngine.Rendering.Universal::ScriptableRenderPass.Configure()";0.0013;0.0009;0.0109;1220;1188;1179;17;17;0.395899990049656;0.001319667;0.0012;0.0014;3612;12;12;24;300;1147;0;0.0096;1154;1179;0.0014
"UnityEngine.CoreModule.dll!UnityEngine::RenderTextureDescriptor.get_dimension()";0.0013;0.0008;0.0043;1263;1431;1330;13;20;0.403899990240461;0.001346333;0.0012;0.0014;4220;14;14;34;300;1147;0;0.0031;1147;1330;0.0013
"UnityEngine.CoreModule.dll!UnityEngine::RenderTextureDescriptor.set_msaaSamples()";0.0013;0.0009;0.0043;1307;1346;1251;11;20;0.39669999009493;0.001322333;0.0012;0.0014;3913;13;13;26;300;1147;0;0.0031;1147;1251;0.0013
"Unity.RenderPipelines.Universal.Runtime.dll!UnityEngine.Rendering.Universal::CameraData.get_isSceneViewCamera()";0.0013;0.0009999999;0.0039;1352;1209;1439;9;19;0.396899990337261;0.001323;0.0012;0.0014;3612;12;12;24;300;1147;0;0.0027;1147;1439;0.0015
"UnityEngine.IMGUIModule.dll!UnityEngine::GUIStyle.get_none()";0.0013;0.0008;0.0049;1369;1187;1402;6;9;0.400199989999237;0.001334;0.0012;0.0015;4504;15;15;19;300;1147;0;0.0038;1147;1402;0.0015
"UnityEngine.CoreModule.dll!UnityEngine::Vector3.get_Item()";0.0013;0.0008;0.004999998;1430;1191;1432;8;8;0.411599989427486;0.001372;0.0013;0.0014;4200;14;14;14;300;1147;0;0.0039;1147;1432;0.0013
"Crest.dll!Crest::OceanRenderer.get_ViewerAltitudeLevelAlpha()";0.0013;0.0009;0.0079;1442;1244;1195;6;11;0.44359998942673;0.001478667;0.0012;0.0015;4500;15;15;15;300;1147;0;0.0067;1148;1195;0.0014
"Unity.RenderPipelines.Universal.Runtime.dll!::ScreenSpaceAmbientOcclusionPass.get_isRendererDeferred()";0.0012;0.0009;0.0058;1290;1239;1298;15;16;0.398699994082563;0.001329;0.0011;0.0013;602;2;2;4;300;1147;0.0004;0.0053;1147;1298;0.0014
"mscorlib.dll!Mono::SafeGPtrArrayHandle.get_Length()";0.0012;0.0012;0.0012;1446;1446;1446;22;22;0.00119999999878928;0.0012;0.0012;0.0012;3;3;3;3;1;1446;0.0003;0.0005;1446;1446;0
"mscorlib.dll!Mono::SafeStringMarshal.Dispose()";0.0012;0.0012;0.0012;1446;1446;1446;22;22;0.00119999999878928;0.0012;0.0012;0.0012;3;3;3;3;1;1446;0.0003;0.0005;1446;1446;0
"UnityEngine.CoreModule.dll!UnityEngine::EditorScreen.get_width()";0.0012;0.0008;0.0061;1160;1443;1219;6;12;0.352899992547464;0.001176333;0.0011;0.0012;1196;4;3;4;300;1147;0.0001;0.0054;1157;1219;0.0013
"UnityEngine.CoreModule.dll!UnityEngine::Vector2.op_Addition()";0.0012;0.0009;0.006399999;1228;1160;1301;9;9;0.536899980987073;0.001789667;0.0011;0.0024;1894;4;4;18;300;1147;0.0002;0.0028;1147;1301;0.0025
"UnityEngine.CoreModule.dll!UnityEngine::RectOffset.get_right()";0.0012;0.0009;0.0044;1233;1174;1172;9;11;0.365199995707371;0.001217333;0.0011;0.0013;1802;6;6;8;300;1147;0.0001;0.0034;1147;1172;0.0012
"UnityEngine.CoreModule.dll!UnityEngine::Camera.get_rect()";0.0012;0.0009;0.0023;1243;1150;1446;12;12;0.357999994885176;0.001193333;0.0011;0.0013;301;1;1;2;300;1147;0.0009;0.0016;1150;1177;0.0012
"UnityEngine.CoreModule.dll!UnityEngine::Camera.get_main()";0.0012;0.0008;0.0059;1245;1334;1276;5;5;0.366799996350892;0.001222667;0.0011;0.0013;300;1;1;1;300;1147;0.0008;0.0059;1334;1276;0.0012
"UnityEngine.UI.dll!UnityEngine.EventSystems::EventSystem.get_current()";0.0012;0.001;0.002;1252;1152;1422;5;5;0.366499993717298;0.001221667;0.0011;0.0013;300;1;1;1;300;1147;0.001;0.002;1152;1422;0.0013
"Assembly-CSharp.dll!::EnviroSkyMgr.get_useSunShafts()";0.0012;0.0011;0.0046;1258;1150;1219;15;15;0.364399988786317;0.001214667;0.0011;0.0012;301;1;1;2;300;1147;0.0011;0.0046;1150;1219;0.0013
"Initialization.XREarlyUpdate";0.0012;0.0009;0.0066;1278;1154;1232;2;2;0.425199996912852;0.001417333;0.0011;0.0013;300;1;1;1;300;1147;0.0009;0.0066;1154;1232;0.004
"Unity.RenderPipelines.Universal.Runtime.dll!UnityEngine.Rendering.Universal.Internal::PostProcessPass.OnCameraCleanup()";0.0012;0.0011;0.0061;1279;1147;1262;15;15;0.39439998823218;0.001314667;0.0012;0.0012;301;1;1;2;300;1147;0.0011;0.0061;1147;1262;0.0012
"Unity.RenderPipelines.Universal.Runtime.dll!UnityEngine.Rendering.Universal.Internal::CopyDepthPass.OnCameraCleanup()";0.0012;0.0009;0.008;1281;1217;1317;15;15;0.40089999535121;0.001336333;0.0011;0.0013;301;1;1;2;300;1147;0.0009;0.008;1217;1317;0.0012
"Assembly-CSharp.dll!::EnviroSkyMgr.get_useVolumeClouds()";0.0012;0.0011;0.0034;1297;1147;1298;15;15;0.367099989322014;0.001223667;0.0012;0.0012;301;1;1;2;300;1147;0.0011;0.0034;1147;1298;0.0014
"UnityEngine.CoreModule.dll!UnityEngine::RenderTextureDescriptor.set_useMipMap()";0.0012;0.0009;0.0032;1302;1301;1415;12;14;0.364299986031256;0.001214333;0.0011;0.0013;1204;4;4;8;300;1147;0.0002;0.0025;1148;1415;0.0012
"Assembly-CSharp.dll!::EnviroSkyMgr.get_useDistanceBlur()";0.0012;0.0011;0.0063;1303;1150;1180;15;15;0.374699989100918;0.001249;0.0012;0.0012;301;1;1;2;300;1147;0.0011;0.0063;1150;1180;0.0012
"UnityEngine.CoreModule.dll!UnityEngine::Transform.set_localRotation_Injected()";0.0012;0.0009;0.0062;1309;1231;1299;8;8;0.378199994680472;0.001260667;0.0011;0.0013;300;1;1;1;300;1147;0.0009;0.0062;1231;1299;0.0012
"UnityEngine.CoreModule.dll!UnityEngine::Light.get_shadowNearPlane()";0.0012;0.0009;0.0039;1310;1168;1337;14;14;0.36869998901966;0.001229;0.0011;0.0013;1204;4;4;8;300;1147;0.0001;0.0029;1150;1337;0.0013
"Assembly-CSharp.dll!::EnviroSkyMgr.GetCurrentDay()";0.0012;0.0011;0.0136;1321;1147;1338;5;5;0.379599989159033;0.001265333;0.0012;0.0013;300;1;1;1;300;1147;0.0011;0.0136;1147;1338;0.0012
"Assembly-CSharp.dll!::EnviroVegetationInstance.LateUpdate()";0.0012;0.0005;0.013;1328;1196;1337;4;4;0.475999997986946;0.001586667;0.0011;0.0018;300;1;1;1;300;1147;0.0005;0.013;1196;1337;0.0024
"mscorlib.dll!System.Reflection::RuntimeMethodInfo.get_Attributes()";0.0012;0.0009;0.0062;1328;1207;1300;9;9;0.379199991701171;0.001264;0.0011;0.0013;300;1;1;1;300;1147;0.0009;0.0062;1207;1300;0.0016
"UnityEngine.CoreModule.dll!UnityEngine::Mathf.Tan()";0.0012;0.0009;0.0074;1331;1430;1446;21;21;0.389099992578849;0.001297;0.0012;0.0013;301;1;1;2;300;1147;0.0009;0.0063;1430;1446;0.0011
"Assembly-CSharp.dll!::EnviroSkyMgr.GetCurrentTimeInHours()";0.0012;0.0011;0.0043;1339;1149;1283;5;7;0.396999992197379;0.001323333;0.0011;0.0013;318;1;1;2;300;1147;0.001;0.0043;1386;1283;0.0012
"UnityEngine.CoreModule.dll!UnityEngine.Rendering::CommandBuffer.DisableScissorRect()";0.0012;0.0009;0.0063;1345;1262;1343;20;20;0.377399989083642;0.001258;0.0011;0.0013;1204;4;4;8;300;1147;0.0001;0.0058;1147;1343;0.0011
"Assembly-CSharp.dll!::GUIConsole.Update()";0.0012;0.001;0.004;1353;1240;1161;4;4;0.37339999107644;0.001244667;0.0012;0.0013;300;1;1;1;300;1147;0.001;0.004;1240;1161;0.0014
"UnityEngine.CoreModule.dll!UnityEngine::Light.set_intensity()";0.0012;0.001;0.0018;1356;1239;1204;6;6;0.371099990676157;0.001237;0.0012;0.0013;300;1;1;1;300;1147;0.001;0.0018;1239;1204;0.0014
"UnityEngine.IMGUIModule.dll!UnityEngine::GUIUtility.get_pixelsPerPoint()";0.0012;0.0009;0.0106;1364;1208;1292;5;5;0.379299988198909;0.001264333;0.0011;0.0013;1800;6;6;6;300;1147;0.0001;0.0094;1148;1292;0.0012
"UnityEngine.UIElementsModule.dll!UnityEngine.UIElements::UIElementsUtility.GetPanelsIterator()";0.0012;0.0009;0.0069;1373;1382;1327;6;6;0.396799993584864;0.001322667;0.0012;0.0013;301;1;1;2;300;1147;0.0009;0.0069;1382;1327;0.0013
"UnityEngine.IMGUIModule.dll!UnityEngine::GUIUtility.Internal_ExitGUI()";0.0012;0.0008;0.0063;1374;1376;1167;4;4;0.382499992425437;0.001275;0.0011;0.0013;1800;6;6;6;300;1147;0.0001;0.0055;1147;1167;0.0063
"UnityEngine.UIModule.dll!UnityEngine::Canvas.get_targetDisplay()";0.0012;0.0007;0.006;1389;1444;1441;10;11;0.374399988038931;0.001248;0.0012;0.0013;596;2;1;2;300;1147;0.0004;0.0053;1168;1441;0.0014
"UnityEngine.CoreModule.dll!UnityEngine::RectOffset.get_left()";0.0012;0.0009;0.004299999;1404;1154;1252;9;11;0.377899996601627;0.001259667;0.0011;0.0013;1802;6;6;8;300;1147;0.0001;0.0032;1147;1252;0.0011
"AwesomeTechnologies.VegetationStudioPro.Runtime.dll!AwesomeTechnologies.VegetationSystem::VegetationStudioCamera.SetFloatingOriginOffset()";0.0012;0.001;0.0065;1415;1158;1445;5;5;0.38989999180194;0.001299667;0.0012;0.0013;300;1;1;1;300;1147;0.001;0.0065;1158;1445;0.0012
"CleanUp.TextRenderingGarbageCollect";0.0012;0.0007;0.3917;1423;1221;1446;5;5;2.10329999163514;0.007011;0.001;0.0047;300;1;1;1;300;1147;0.0007;0.3917;1221;1446;0.0011
"Assembly-CSharp-firstpass.dll!PixelCrushers::UIPanel.get_isOpen()";0.0012;0.0009;0.0034;1431;1255;1373;7;7;0.382999993045814;0.001276667;0.0012;0.0013;300;1;1;1;300;1147;0.0009;0.0034;1255;1373;0.0013
"Unity.RenderPipelines.Universal.Runtime.dll!UnityEngine.Rendering.Universal.Internal::DepthNormalOnlyPass.set_normalDescriptor()";0.0012;0.0011;0.0026;1432;1304;1446;13;13;0.379899990977719;0.001266333;0.0012;0.0013;301;1;1;2;300;1147;0.0011;0.0019;1304;1395;0.0013
"mscorlib.dll!::Reader.get_SynchronizationContext()";0.0012;0.001;0.0019;1438;1219;1206;5;5;0.38189999316819;0.001273;0.0012;0.0013;300;1;1;1;300;1147;0.001;0.0019;1219;1206;0.0011
"Unity.InputSystem.dll!::BindingState.get_processorCount()";0.0012;0.0007;0.0071;1191;1334;1316;9;9;0.413799990878033;0.001379333;0.0009999999;0.0014;2700;9;9;9;300;1147;0;0.0052;1147;1150;0.0014
"mscorlib.dll!System::Lazy`1.get_Value()";0.0012;0.0008;0.006099999;1193;1181;1397;6;19;0.362699990859255;0.001209;0.0011;0.0013;2708;9;9;17;300;1147;0;0.0052;1150;1397;0.0013
"Unity.InputSystem.dll!UnityEngine.InputSystem::InputControl.get_stateBlock()";0.0012;0.0006;0.006299998;1250;1178;1396;9;10;0.377899991239246;0.001259667;0.0009999999;0.0014;3372;10;10;14;300;1147;0;0.0049;1147;1346;0.0012
"Unity.InputSystem.dll!UnityEngine.InputSystem.Utilities::FourCC.op_Inequality()";0.0012;0.0001;0.0023;1277;1237;1299;9;9;0.0998999974763137;0.001074194;0.0006;0.0015;1202;14;2;26;93;1153;0;0.0002;1153;1161;0.0007
"Unity.RenderPipelines.Universal.Runtime.dll!UnityEngine.Rendering.Universal::ScriptableRenderer.get_useDepthPriming()";0.0012;0.0008;0.003800001;1287;1161;1214;12;18;0.372099990709103;0.001240333;0.0011;0.0013;3913;13;13;26;300;1147;0;0.0028;1148;1214;0.0014
"Crest.dll!::SegmentRegistrarRingBuffer.get_Current()";0.0012;0.0008;0.0037;1347;1203;1400;7;10;0.370799989468651;0.001236;0.0011;0.0013;3000;10;10;10;300;1147;0;0.0027;1147;1400;0.0012
"Unity.InputSystem.dll!UnityEngine.InputSystem.LowLevel::InputStateBlock.get_byteOffset()";0.0012;0.0006;0.0027;1377;1330;1328;9;12;0.380699990353605;0.001269;0.0011;0.0014;4758;14;14;20;300;1147;0;0.0016;1147;1328;0.0015
"UnityEngine.CoreModule.dll!UnityEngine::RenderTextureDescriptor.get_volumeDepth()";0.0012;0.0008;0.004000001;1435;1288;1446;17;20;0.377699990633118;0.001259;0.0012;0.0013;3919;13;13;32;300;1147;0;0.0027;1147;1254;0.0011
"UnityEngine.IMGUIModule.dll!UnityEngine::GUIStyle.get_stretchWidth()";0.0011;0.0008;0.006;1151;1211;1213;10;12;0.348099994771474;0.001160333;0.0009999999;0.0012;1802;6;6;8;300;1147;0.0001;0.0054;1147;1213;0.0009
"mscorlib.dll!System::Number.FormatGeneral()";0.0011;0.0009;0.0061;1184;1147;1153;9;9;0.326200001058169;0.001087333;0.001;0.0011;300;1;1;1;300;1147;0.0009;0.0061;1147;1153;0.0012
"Unity.RenderPipelines.Universal.Runtime.dll!UnityEngine.Rendering.Universal::ScriptableRenderPass.ConfigureColorStoreAction()";0.0011;0.0007;0.0073;1198;1167;1425;12;12;0.345999991695862;0.001153333;0.0009999999;0.0012;602;2;2;4;300;1147;0.0002;0.0065;1150;1425;0.0007
"UnityEngine.CoreModule.dll!UnityEngine::RenderTexture.get_height()";0.0011;0.0008999999;0.0027;1203;1171;1446;18;18;0.324999994823884;0.001083333;0.0009999999;0.0011;1204;4;4;8;300;1147;0.0001;0.0006;1148;1347;0.0012
"Crest.dll!Crest::TimeProviderDefault.get_DeltaTime()";0.0011;0.0009;0.002;1210;1149;1446;10;10;0.327100000809878;0.001090333;0.001;0.0011;300;1;1;1;300;1147;0.0009;0.002;1149;1446;0.001
"UnityEngine.CoreModule.dll!UnityEngine::Texture.set_wrapMode()";0.0011;0.0009;0.0097;1211;1151;1446;15;19;0.340899989736499;0.001136333;0.0009999999;0.0011;610;2;2;12;300;1147;0.0003;0.0056;1149;1279;0.0009999999
"UnityEngine.CoreModule.dll!UnityEngine::Texture.get_width()";0.0011;0.0009;0.006399999;1215;1147;1446;20;22;0.338900001981528;0.001129667;0.001;0.0011;309;1;1;10;300;1147;0.0004;0.0062;1446;1394;0.0012
"UnityEngine.UI.dll!UnityEngine.UI.Collections::IndexedSet`1.get_Item()";0.0011;0.0008;0.0044;1233;1174;1210;12;12;0.17379999923287;0.0013904;0.001;0.0013;125;1;1;1;125;1147;0.0008;0.0044;1174;1210;0.0015
"Unity.InputSystem.dll!UnityEngine.InputSystem::InputControl.get_currentStatePtr()";0.0011;0.0008;0.0025;1234;1160;1446;9;9;0.37799999921117;0.00126;0.001;0.0017;393;1;1;2;300;1147;0.0007;0.0025;1158;1446;0.0017
"UnityEngine.CoreModule.dll!UnityEngine.Rendering::ScriptableRenderContext.DrawWireOverlay_Impl()";0.0011;0.0009;0.0034;1234;1179;1359;14;14;0.331300001358613;0.001104333;0.001;0.0011;301;1;1;2;300;1147;0.0009;0.0034;1179;1359;0.001
"Unity.RenderPipelines.Universal.Runtime.dll!UnityEngine.Rendering.Universal::RenderTargetHandle.GetCameraTarget()";0.0011;0.0009;0.0056;1249;1192;1349;12;20;0.341200000490062;0.001137333;0.001;0.0012;602;2;2;4;300;1147;0.0004;0.0051;1192;1349;0.0012
"mscorlib.dll!System::Math.Min()";0.0011;0.0009;0.0061;1274;1152;1320;15;15;0.342399999499321;0.001141333;0.001;0.0012;301;1;1;2;300;1147;0.0009;0.0061;1152;1320;0.0013
"UnityEngine.CoreModule.dll!UnityEngine::RenderSettings.set_ambientSkyColor()";0.0011;0.0008;0.0016;1278;1230;1250;6;6;0.333399997733068;0.001111333;0.001;0.0012;300;1;1;1;300;1147;0.0008;0.0016;1230;1250;0.0013
"Unity.RenderPipelines.Universal.Runtime.dll!UnityEngine.Rendering.Universal::DebugDisplaySettings.get_Instance()";0.0011;0.0008;0.0059;1283;1158;1440;11;13;0.337399991753045;0.001124667;0.0009999999;0.0012;602;2;2;4;300;1147;0.0003;0.005;1157;1440;0.0013
"UnityEngine.CoreModule.dll!UnityEngine::Display.get_requiresSrgbBlitToBackbuffer()";0.0011;0.0009;0.0061;1288;1147;1431;22;22;0.34079999953974;0.001136;0.0011;0.0011;301;1;1;2;300;1147;0.0009;0.0061;1147;1431;0.0011
"UnityEngine.WindModule.dll!UnityEngine::WindZone.set_windMain()";0.0011;0.0009;0.0061;1288;1279;1184;9;9;0.354499999783002;0.001181667;0.001;0.0011;300;1;1;1;300;1147;0.0009;0.0061;1279;1184;0.001
"UnityEngine.CoreModule.dll!UnityEngine.Rendering::AsyncGPUReadbackRequest.GetLayerDataSize()";0.0011;0.0008;0.0029;1293;1371;1201;6;6;0.336699998180848;0.001122333;0.001;0.0012;300;1;1;1;300;1147;0.0008;0.0029;1371;1201;0.0014
"UnityEngine.CoreModule.dll!UnityEngine::SystemInfo.get_hasHiddenSurfaceRemovalOnGPU()";0.0011;0.0009;0.0061;1293;1182;1257;12;12;0.355599999893457;0.001185333;0.001;0.0011;301;1;1;2;300;1147;0.0009;0.0061;1182;1257;0.0012
"UnityEngine.CoreModule.dll!UnityEngine::QualitySettings.get_lodBias()";0.0011;0.0008;0.0055;1295;1148;1417;6;8;0.349999992031371;0.001166667;0.0009999999;0.0012;600;2;2;2;300;1147;0.0003;0.0052;1148;1417;0.0009999999
"UnityEngine.CoreModule.dll!UnityEngine::SystemInfo.get_supportsStoreAndResolveAction()";0.0011;0.0007;0.0156;1311;1340;1383;11;11;0.355499997094739;0.001185;0.001;0.0013;301;1;1;2;300;1147;0.0007;0.0156;1340;1383;0.001
"UnityEngine.CoreModule.dll!UnityEngine::Camera.get_sceneViewFilterMode()";0.0011;0.0009;0.006;1318;1160;1435;12;12;0.358399997232482;0.001194667;0.0011;0.0012;301;1;1;2;300;1147;0.0009;0.006;1160;1435;0.0012
"UnityEngine.CoreModule.dll!UnityEngine::RenderSettings.get_subtractiveShadowColor()";0.0011;0.0008;0.0132;1320;1178;1445;8;8;0.366999998455867;0.001223333;0.001;0.0012;301;1;1;2;300;1147;0.0008;0.0132;1178;1445;0.001
"Application.Integrate Assets in Background";0.0011;0.0008;0.0365;1324;1363;1188;5;5;0.39729999814881;0.001324333;0.001;0.0012;300;1;1;1;300;1147;0.0008;0.0365;1363;1188;0.0014
"UnityEngine.CoreModule.dll!UnityEngine::RenderTextureDescriptor.set_autoGenerateMips()";0.0011;0.0009;0.0052;1331;1176;1267;12;14;0.349799985880964;0.001166;0.0011;0.0012;1204;4;4;8;300;1147;0.0002;0.0044;1147;1267;0.0013
"UnityEngine.CoreModule.dll!UnityEngine::Camera.get_allowDynamicResolution()";0.0011;0.0009;0.0062;1346;1160;1317;11;15;0.355999996769242;0.001186667;0.0011;0.0012;602;2;2;4;300;1147;0.0004;0.0057;1147;1317;0.0012
"UnityEngine.UI.dll!UnityEngine.EventSystems::StandaloneInputModule.SendSubmitEventToSelectedObject()";0.0011;0.001;0.0056;1346;1160;1339;6;6;0.347999995225109;0.001175676;0.0011;0.0012;296;1;1;1;296;1147;0.001;0.0056;1160;1339;0.0012
"UnityEngine.CoreModule.dll!UnityEngine::Camera.get_allowMSAA()";0.0011;0.0009;0.0064;1357;1147;1226;7;10;0.357799998368137;0.001192667;0.0011;0.0012;601;2;2;3;300;1147;0.0004;0.0058;1147;1226;0.0009999999
"mscorlib.dll!System::RuntimeType.IsByRefImpl()";0.0011;0.0009;0.0018;1365;1172;1425;12;12;0.341399997472763;0.001138;0.0011;0.0012;300;1;1;1;300;1147;0.0009;0.0018;1172;1425;0.0012
"Unity.RenderPipelines.Universal.Runtime.dll!UnityEngine.Rendering.Universal::ScreenSpaceShadows.LoadMaterial()";0.0011;0.001;0.0117;1367;1149;1312;15;15;0.357899994822219;0.001193;0.0011;0.0012;301;1;1;2;300;1147;0.001;0.0117;1149;1312;0.0012
"Unity.RenderPipelines.Universal.Runtime.dll!UnityEngine.Rendering.Universal::ScriptableRenderer.SupportsCameraStackingType()";0.0011;0.0008;0.0154;1369;1228;1182;8;9;0.398799994989531;0.001329333;0.0009999999;0.0012;602;2;2;4;300;1147;0.0002;0.0151;1149;1182;0.0012
"UnityEngine.CoreModule.dll!UnityEngine::Camera.get_pixelHeight()";0.0011;0.0009;0.0061;1374;1425;1346;11;12;0.357399990796694;0.001191333;0.0011;0.0012;602;2;2;4;300;1147;0.0002;0.0057;1425;1346;0.0009999999
"UnityEngine.CoreModule.dll!UnityEngine::ReflectionProbe.set_size()";0.0011;0.0009;0.0061;1378;1178;1278;6;6;0.354299995931797;0.001181;0.0011;0.0012;300;1;1;1;300;1147;0.0009;0.0061;1178;1278;0.0012
"UnityEditor.CoreModule.dll!UnityEditor::ShaderUtil.get_anythingCompiling()";0.0011;0.0008;0.0067;1391;1412;1282;15;15;0.353699996252544;0.001179;0.0011;0.0012;301;1;1;2;300;1147;0.0008;0.0067;1412;1282;0.0015
"UnityEngine.CoreModule.dll!Unity.Collections.LowLevel.Unsafe::UnsafeUtility.MemCpyStride()";0.0011;0.0009;0.006;1393;1186;1328;9;11;0.367699989845278;0.001225667;0.0009999999;0.0012;600;2;2;2;300;1147;0.0003;0.0056;1147;1328;0.0009999999
"UnityEngine.UIElementsNativeModule.dll!UnityEngine.UIElements::UIElementsRuntimeUtilityNative.RepaintOverlayPanels()";0.0011;0.0008;0.0088;1394;1377;1175;2;2;0.419899997359607;0.001399667;0.0011;0.0012;301;1;1;2;300;1147;0.0008;0.0088;1377;1175;0.0012
"UnityEngine.CoreModule.dll!UnityEngine.Rendering::ShadowDrawingSettings..ctor()";0.0011;0.0008;0.0059;1399;1199;1173;19;19;0.361299996438902;0.001204333;0.0011;0.0012;301;1;1;2;300;1147;0.0008;0.0059;1199;1173;0.0011
"FixedUpdate.DirectorFixedUpdate";0.0011;0.0007;0.011;1406;1357;1279;2;2;0.367899997814675;0.001226333;0.001;0.0013;449;1;1;16;300;1147;0.0002;0.011;1148;1279;0.0014
"UnityEngine.CoreModule.dll!UnityEngine::SystemInfo.SupportsShadows()";0.0011;0.0008;0.0061;1418;1235;1172;15;15;0.35649999868474;0.001188333;0.0009999999;0.0013;602;2;2;4;300;1147;0.0001;0.006;1147;1172;0.0009999999
"UnityEngine.CoreModule.dll!UnityEngine::Application.get_platform()";0.0011;0.0009;0.0033;1419;1174;1171;6;18;0.348199992353329;0.001160667;0.0011;0.0012;1202;4;4;6;300;1147;0.0001;0.0025;1147;1171;0.0011
"mscorlib.dll!System::DateTime.get_Month()";0.0011;0.0009999999;0.0059;1423;1156;1367;6;6;0.352599994104821;0.001175333;0.0011;0.0012;600;2;2;2;300;1147;0.0004;0.0055;1147;1367;0.0012
"UMA_Core.dll!UMA::UMAGeneratorBuiltin.Work()";0.0011;0.0009;0.0105;1428;1228;1208;5;5;0.372399996616878;0.001241333;0.0011;0.0013;300;1;1;1;300;1147;0.0009;0.0105;1228;1208;0.0014
"UnityEngine.CoreModule.dll!UnityEngine.Rendering::CommandBuffer.SetComputeVectorParam()";0.0011;0.001;0.0125;1433;1174;1282;11;11;0.390399993950268;0.001301333;0.0011;0.0012;315;1;1;10;300;1147;0.0004;0.0125;1302;1282;0.0014
"Unity.RenderPipelines.Universal.Runtime.dll!UnityEngine.Rendering.Universal.Internal::PostProcessPass.SetupGrain()";0.0011;0.0008;0.0097;1435;1233;1439;20;20;0.379399996600114;0.001264667;0.0011;0.0012;301;1;1;2;300;1147;0.0008;0.0097;1233;1439;0.0011
"mscorlib.dll!Mono::RuntimeGPtrArrayHandle..ctor()";0.0011;0.0011;0.0011;1446;1446;1446;23;23;0.00109999996493571;0.0011;0.0011;0.0011;3;3;3;3;1;1446;0.0003;0.0004;1446;1446;0
"mscorlib.dll!System::BitConverter.DoubleToInt64Bits()";0.0011;0.0006;0.006899999;1176;1340;1363;10;20;0.33569999190513;0.001119;0.0009999999;0.0012;3304;11;11;15;300;1147;0;0.006;1147;1363;0.0009999999
"UnityEngine.ParticleSystemModule.dll!::MinMaxCurve.set_constantMax()";0.0011;0.0006;0.004199999;1242;1277;1221;8;8;0.331399991657236;0.001104667;0.0009999999;0.0012;3600;12;12;12;300;1147;0;0.0035;1147;1221;0.0011
"UnityEngine.CoreModule.dll!UnityEngine::RectOffset.get_bottom()";0.0011;0.0008;0.0077;1245;1154;1281;9;11;0.339499991991033;0.001131667;0.0009999999;0.0012;1802;6;6;8;300;1147;0.0001;0.0065;1147;1281;0.0009999999
"Unity.RenderPipelines.Universal.Runtime.dll!UnityEngine.Rendering.Universal::ScriptableRenderPass.OnCameraSetup()";0.0011;0.0005;0.004699999;1282;1337;1446;14;14;0.334399991545069;0.001114667;0.0009999999;0.0012;3913;13;13;26;300;1147;0;0.0032;1147;1319;0.0009
"UnityEngine.CoreModule.dll!UnityEngine::Vector3.get_one()";0.0011;0.0007;0.0059;1317;1424;1156;7;17;0.341799991576409;0.001139333;0.0009999999;0.0012;3002;10;10;12;300;1147;0;0.0051;1151;1156;0.0011
"UnityEngine.CoreModule.dll!UnityEngine::Bounds.get_extents()";0.0011;0.0006;0.0039;1326;1156;1287;6;8;0.335599991893105;0.001118667;0.0009999999;0.0012;3300;11;11;11;300;1147;0;0.0029;1147;1287;0.0011
"UnityEngine.CoreModule.dll!Unity.Collections.LowLevel.Unsafe::UnsafeUtility.AddressOf()";0.0011;0.0008;0.0023;1365;1160;1446;9;10;0.336699991530622;0.001122333;0.0009999999;0.0012;3093;10;10;11;300;1147;0;0.0005;1150;1446;0.0013
"UnityEngine.ParticleSystemModule.dll!::MinMaxCurve.get_constantMax()";0.0011;0.0006;0.0473;1406;1232;1233;8;8;0.498499991917924;0.001661667;0.0009999999;0.0013;3600;12;12;12;300;1147;0;0.0441;1147;1233;0.0011
"UnityEngine.CoreModule.dll!UnityEngine::RectOffset.get_top()";0.0011;0.0008;0.0041;1407;1364;1446;9;11;0.351099992556556;0.001170333;0.0009999999;0.0012;1802;6;6;8;300;1147;0.0001;0.0029;1147;1233;0.0012
"UnityEngine.CoreModule.dll!UnityEngine::Rect..ctor()";0.0011;0.0007;0.004799999;1408;1154;1291;7;20;0.349799991439795;0.001166;0.0009999999;0.0012;3306;11;11;17;300;1147;0;0.0037;1147;1291;0.0009
"Crest.dll!Crest::LodDataMgrFoam.get_SimName()";0.0011;0.0003;0.02119999;1409;1420;1446;10;10;0.3568999915733;0.001189667;0.0009999999;0.0012;4095;14;7;140;300;1147;0;0.0068;1147;1377;0.0009
"Assembly-CSharp.dll!::Local.get_player()";0.0011;0.0005;0.003200001;1437;1391;1186;5;5;0.346199991261528;0.001154;0.0009999999;0.0013;3900;13;13;13;300;1147;0;0.0021;1147;1186;0.0012
"UnityEngine.CoreModule.dll!UnityEngine::Light.get_color()";0.001;0.0008;0.0014;1150;1230;1182;6;6;0.290600002685096;0.0009686667;0.0009;0.001;300;1;1;1;300;1147;0.0008;0.0014;1230;1182;0.001
"PreLateUpdate.Physics2DLateUpdate";0.001;0.0003;0.0059;1152;1326;1333;2;2;0.312899999291403;0.001043;0.0009;0.0011;300;1;1;1;300;1147;0.0003;0.0059;1326;1333;0.001
"Unity.InputSystem.dll!UnityEngine.InputSystem::Pointer.MakeCurrent()";0.001;0.0008;0.0014;1155;1207;1285;8;8;0.0896000008797273;0.0009634409;0.0009;0.001;93;1;1;1;93;1153;0.0008;0.0014;1207;1285;0.001
"Assembly-CSharp.dll!::UCE_UI_NpcAccessRequirement.Update()";0.001;0.0008;0.0061;1158;1174;1205;4;4;0.31449999997858;0.001048333;0.0009;0.001;300;1;1;1;300;1147;0.0008;0.0061;1174;1205;0.0017
"UnityEngine.UI.dll!UnityEngine.UI::Graphic.set_color()";0.001;0.0006;0.006;1158;1330;1291;5;5;0.307099999918137;0.001023667;0.0009;0.001;300;1;1;1;300;1147;0.0006;0.006;1330;1291;0.0011
"UnityEngine.UI.dll!UnityEngine.EventSystems::BaseInput.get_mousePresent()";0.001;0.0006;0.0061;1160;1395;1224;6;6;0.300400000589434;0.001014865;0.0009;0.001;296;1;1;1;296;1147;0.0006;0.0061;1395;1224;0.001
"UnityEngine.CoreModule.dll!UnityEngine::Texture.get_height()";0.001;0.0008;0.0063;1166;1150;1408;20;22;0.308400002599228;0.001028;0.0009;0.001;309;1;1;10;300;1147;0.0004;0.0063;1446;1408;0.0011
"FixedUpdate.DirectorFixedUpdatePostPhysics";0.001;0.0003;0.012;1174;1147;1446;2;2;0.32449999601522;0.001081667;0.0005;0.0014;449;1;1;16;300;1147;0.0002;0.005;1166;1441;0.001
"UnityEngine.CoreModule.dll!UnityEngine::Camera.get_backgroundColor()";0.001;0.0008;0.0062;1190;1171;1151;18;18;0.334000000380911;0.001113333;0.0009;0.001;301;1;1;2;300;1147;0.0008;0.0062;1171;1151;0.0011
"Crest.dll!Crest::BufferedData`1.set_Current()";0.001;0.0007;0.006;1192;1152;1158;9;9;0.336099999549333;0.001120333;0.0009;0.0011;300;1;1;1;300;1147;0.0007;0.006;1152;1158;0.0009
"UnityEngine.CoreModule.dll!UnityEngine.Rendering::AsyncGPUReadbackRequest.GetDataRaw()";0.001;0.0007;0.0018;1201;1268;1446;5;5;0.295099999231752;0.0009836666;0.0009;0.0011;300;1;1;1;300;1147;0.0007;0.0018;1268;1446;0.001
"UnityEngine.CoreModule.dll!UnityEngine.Rendering::ScriptableRenderContext.InvokeOnRenderObjectCallback_Internal()";0.001;0.0008;0.0028;1204;1149;1446;18;18;0.296100003120955;0.0009870001;0.0009;0.001;301;1;1;2;300;1147;0.0008;0.0017;1149;1200;0.0011
"UnityEngine.CoreModule.dll!UnityEngine::Quaternion.op_Equality()";0.001;0.0008;0.0015;1209;1166;1362;8;8;0.298100001120474;0.0009936667;0.0009;0.001;300;1;1;1;300;1147;0.0008;0.0015;1166;1362;0.0011
"Create Mesh Objects";0.001;0.0008;0.0062;1213;1289;1353;7;7;0.334900003508665;0.001116333;0.0009;0.001;300;1;1;1;300;1147;0.0008;0.0062;1289;1353;0.0009
"PostLateUpdate.DirectorRenderImage";0.001;0.0005;0.0043;1222;1231;1241;2;2;0.295099996321369;0.0009836666;0.0007;0.0012;300;1;1;1;300;1147;0.0005;0.0043;1231;1241;0.0013
"PostLateUpdate.UpdateVideoTextures";0.001;0.0005;0.0064;1226;1151;1207;2;2;0.299599998339545;0.0009986666;0.0008;0.0011;300;1;1;1;300;1147;0.0005;0.0064;1151;1207;0.0013
"mscorlib.dll!System.Threading::Thread.get_CurrentCulture()";0.001;0.0008;0.0043;1239;1154;1446;7;24;0.301800000830553;0.001006;0.0009;0.0011;303;1;1;4;300;1147;0.0005;0.0022;1446;1446;0.0009
"Crest.dll!Crest::RegisterLodDataInputBase.Update()";0.001;0.0008;0.0061;1245;1271;1166;5;5;0.300100005348213;0.001000333;0.0009;0.001;300;1;1;1;300;1147;0.0008;0.0061;1271;1166;0.001
"UnityEngine.InputLegacyModule.dll!UnityEngine::Input.get_mousePosition_Injected()";0.001;0.0005;0.0031;1251;1443;1206;7;11;0.306199993967311;0.001020667;0.0009;0.0011;892;3;1;3;300;1147;0.0001;0.0026;1149;1206;0.001
"UnityEngine.UI.dll!UnityEngine.EventSystems::BaseInputModule.FindFirstRaycast()";0.001;0.0008;0.0112;1253;1154;1209;9;9;0.308500002487563;0.00104223;0.0009;0.001;296;1;1;1;296;1147;0.0008;0.0112;1154;1209;0.0014
"FrameEvents.XRBeginFrame";0.001;0.0006;0.0057;1288;1240;1335;2;2;0.31359999848064;0.001045333;0.0009;0.0011;301;1;1;2;300;1147;0.0006;0.0057;1240;1335;0.0012
"UnityEngine.CoreModule.dll!UnityEngine.Rendering::ScriptableRenderContext.DrawSkybox_Internal()";0.001;0.0008;0.0027;1292;1294;1231;18;18;0.30430000560591;0.001014333;0.0009;0.001;301;1;1;2;300;1147;0.0008;0.0027;1294;1231;0.0011
"UnityEngine.CoreModule.dll!UnityEngine.Rendering::ScriptableRenderContext.SetupCameraProperties_Internal_Injected()";0.001;0.0008;0.0124;1294;1163;1283;16;16;0.349800003867131;0.001166;0.0009;0.001;301;1;1;2;300;1147;0.0008;0.0124;1163;1283;0.0012
"UnityEngine.CoreModule.dll!UnityEngine.Rendering::CommandBuffer.Blit_Texture_Injected()";0.001;0.0008;0.006;1314;1181;1427;20;20;0.335900003905408;0.001119667;0.001;0.0011;301;1;1;2;300;1147;0.0008;0.006;1181;1427;0.0014
"UnityEngine.CoreModule.dll!UnityEngine::Transform.get_worldToLocalMatrix_Injected()";0.001;0.0008;0.0014;1321;1217;1186;8;8;0.311500004958361;0.001038333;0.001;0.0011;300;1;1;1;300;1147;0.0008;0.0014;1217;1186;0.0011
"Crest.dll!Crest::ShapeFFT.get_WindDirRadForFFT()";0.001;0.0008;0.0116;1322;1191;1236;10;10;0.328800004033837;0.001096;0.001;0.0011;300;1;1;1;300;1147;0.0008;0.0116;1191;1236;0.0009
"EarlyUpdate.ScriptRunDelayedStartupFrame";0.001;0.0007;0.0029;1333;1199;1295;2;2;0.313699998951051;0.001045667;0.0009;0.0011;300;1;1;1;300;1147;0.0007;0.0029;1199;1295;0.0009
"Unity.RenderPipelines.Core.Runtime.dll!UnityEngine.Rendering::CameraCaptureBridge.GetCaptureActions()";0.001;0.0008;0.0059;1336;1161;1275;12;12;0.325600000564009;0.001085333;0.0009;0.0011;301;1;1;2;300;1147;0.0008;0.0059;1161;1275;0.0011
"UnityEngine.CoreModule.dll!UnityEngine.Rendering::CommandBuffer.SetGlobalMatrixArray()";0.001;0.0008;0.0062;1339;1180;1289;20;20;0.36370000365423;0.001212333;0.001;0.0011;301;1;1;2;300;1147;0.0008;0.0062;1180;1289;0.001
"Assembly-CSharp.dll!UnityEngine.Rendering.LWRP::EnviroBlitPass.Setup()";0.001;0.0008;0.0023;1345;1157;1446;15;15;0.310500003048219;0.001035;0.001;0.0011;301;1;1;2;300;1147;0.0008;0.0017;1157;1378;0.0011
"Assembly-CSharp.dll!::EnviroCore.UpdateSeason()";0.001;0.0009;0.0014;1351;1213;1179;5;5;0.0190000000875443;0.001055556;0.001;0.0011;18;1;1;1;18;1161;0.0009;0.0014;1213;1179;0
"UnityEngine.CoreModule.dll!UnityEngine::Renderer.GetMaterialCount()";0.001;0.0007;0.0064;1353;1225;1147;13;13;0.324200000613928;0.001080667;0.0009;0.0011;300;1;1;1;300;1147;0.0007;0.0064;1225;1147;0.001
"Update compute buffers";0.001;0.0009;0.0058;1360;1148;1293;6;6;0.320100006996654;0.001067;0.001;0.0011;300;1;1;1;300;1147;0.0009;0.0058;1148;1293;0.0011
"mscorlib.dll!System::RuntimeTypeHandle.type_is_assignable_from()";0.001;0.0007;0.006;1372;1228;1353;16;16;0.329100001428742;0.001097;0.001;0.0011;301;1;1;2;300;1147;0.0007;0.006;1228;1353;0.001
"UnityEngine.UIModule.dll!UnityEngine::Canvas.get_renderingDisplaySize()";0.001;0.0008;0.0064;1375;1206;1325;10;10;0.320500002184417;0.001068333;0.001;0.0011;300;1;1;1;300;1147;0.0008;0.0064;1206;1325;0.0009
"PreLateUpdate.ConstraintManagerUpdate";0.001;0.0008;0.0016;1380;1173;1200;2;2;0.319800003722776;0.001066;0.001;0.0011;300;1;1;1;300;1147;0.0008;0.0016;1173;1200;0.001
"Profiler.CollectVideoStats";0.001;0.0008;0.006;1381;1292;1255;3;3;0.330800003546756;0.001102667;0.001;0.0011;300;1;1;1;300;1147;0.0008;0.006;1292;1255;0.0009
"Update.ScriptRunDelayedDynamicFrameRate";0.001;0.0006;0.049;1420;1152;1161;2;2;0.74259999563219;0.002475333;0.0009;0.0013;300;1;1;1;300;1147;0.0006;0.049;1152;1161;0.0008
"Unity.RenderPipelines.Universal.Runtime.dll!UnityEngine.Rendering.Universal.Internal::CopyColorPass.Setup()";0.001;0.0007;0.0109;1431;1202;1260;12;12;0.334299999580253;0.001114333;0.0009;0.0011;301;1;1;2;300;1147;0.0007;0.0109;1202;1260;0.0012
"JobDebuggerFrameMaintenance";0.001;0.0007;0.0183;1432;1149;1410;3;3;0.367999999201857;0.001226667;0.0009;0.0012;300;1;1;1;300;1147;0.0007;0.0183;1149;1410;0.001
"UnityEngine.CoreModule.dll!UnityEngine::ResourcesAPI.get_overrideAPI()";0.001;0.001;0.001;1446;1446;1446;20;20;0.00100000001111766;0.001;0.001;0.001;5;5;5;5;1;1446;0.0001;0.0005;1446;1446;0
"Unity.InputSystem.dll!UnityEngine.InputSystem.LowLevel::InputEvent.get_deviceId()";0.0009999999;0.0001;0.002099999;1154;1171;1299;7;7;0.07999999797903;0.000860215;0.0005;0.0012;855;10;1;19;93;1153;0;0.0004;1153;1271;0.0006
"UnityEngine.CoreModule.dll!UnityEngine::Camera.get_eventMask()";0.0009999999;0.0008;0.003;1162;1161;1201;5;5;0.121599996600708;0.0009806452;0.0009;0.0009999999;372;3;3;3;124;1147;0.0001;0.0023;1147;1201;0.0011
"UnityEngine.CoreModule.dll!UnityEngine::Vector3.op_Division()";0.0009999999;0.0007;0.0044;1187;1178;1194;8;11;0.301099989810609;0.001003667;0.0009;0.0009999999;900;3;3;3;300;1147;0.0002;0.0037;1151;1194;0.0009999999
"UnityEngine.IMGUIModule.dll!UnityEngine::GUIStyle.get_fixedHeight()";0.0009999999;0.0007;0.0085;1203;1157;1208;10;12;0.308199990962748;0.001027333;0.0009;0.0011;1802;6;6;8;300;1147;0.0001;0.0077;1147;1208;0.0012
"addCustomLights.Invoke";0.0009999999;0.0005;0.0032;1210;1196;1446;17;17;0.307299996347865;0.001024333;0.0009;0.0011;602;2;2;4;300;1147;0;0.0026;1147;1446;0.0017
"UnityEngine.CoreModule.dll!UnityEngine::Color.get_white()";0.0009999999;0.0008;0.0052;1247;1158;1175;8;15;0.327299988508457;0.001091;0.0009;0.0009999999;903;3;3;6;300;1147;0.0002;0.0046;1151;1175;0.0009999999
"Unity.InputSystem.dll!UnityEngine.InputSystem.LowLevel::InputEventPtr.get_sizeInBytes()";0.0009999999;0.0009;0.0011;1257;1163;1156;7;7;0.0937999969173688;0.001008602;0.0009999999;0.0009999999;186;2;2;2;93;1153;0.0003;0.0007;1163;1156;0.0011
"UnityEngine.CoreModule.dll!UnityEngine::Light.get_innerSpotAngle()";0.0009999999;0.0008;0.0076;1306;1358;1315;20;20;0.326699989032932;0.001089;0.0009;0.0011;602;2;2;4;300;1147;0.0002;0.0073;1187;1315;0.0012
"UnityEngine.CoreModule.dll!UnityEngine::Vector3.get_up()";0.0009999999;0.0007;0.0052;1320;1239;1446;7;8;0.315299992413202;0.001051;0.0009;0.0011;3000;10;10;10;300;1147;0;0.003;1147;1213;0.0008
"mscorlib.dll!System::RuntimeTypeHandle.HasElementType()";0.0009999999;0.0008;0.0079;1321;1355;1446;12;26;0.314199991844362;0.001047333;0.0009999999;0.0011;610;2;2;12;300;1147;0.0003;0.0031;1147;1256;0.0009999999
"UnityEngine.InputModule.dll!UnityEngineInternal.Input::NativeInputSystem.get_currentTime()";0.0009999999;0.0007;0.0025;1322;1172;1360;8;11;0.304899993308936;0.001016333;0.0009;0.0011;900;3;3;3;300;1147;0.0001;0.0018;1149;1360;0.0011
"Animator.WriteTransforms";0.0009999999;0.0006;0.0032;1339;1398;1218;7;7;0.317799990225467;0.001062876;0.0009;0.0012;1196;4;4;4;299;1147;0.0001;0.0025;1150;1218;0.0009
"UnityEngine.CoreModule.dll!UnityEngine::Bounds.get_size()";0.0009999999;0.0009;0.007900001;1371;1157;1190;7;7;0.335099991643801;0.001117;0.0009999999;0.0011;600;2;2;2;300;1147;0.0003;0.0073;1317;1190;0.0012
"UnityEngine.CoreModule.dll!UnityEngine::Texture.set_filterMode()";0.0009999999;0.0008;0.056;1389;1203;1435;15;19;0.370999987644609;0.001236667;0.0009999999;0.0011;612;2;2;14;300;1147;0.0002;0.0556;1446;1435;0.0011
"UnityEngine.CoreModule.dll!UnityEngine::Vector2.op_Equality()";0.0009999999;0.0007;0.003;1392;1267;1161;10;10;0.314099992276169;0.001047;0.0009;0.0011;3300;11;11;11;300;1147;0;0.002;1147;1204;0.0009999999
"UnityEngine.IMGUIModule.dll!UnityEngine::GUIStyle.get_stretchHeight()";0.0009999999;0.0008;0.0054;1402;1153;1213;10;12;0.322599990744493;0.001075333;0.0009;0.0011;1802;6;6;8;300;1147;0.0001;0.0047;1147;1213;0.0009999999
"UnityEngine.CoreModule.dll!UnityEngine::Vector2.op_Subtraction()";0.0009999999;0.0007999999;0.0041;1410;1204;1311;6;21;0.333199991757283;0.001110667;0.0009999999;0.0011;897;3;2;3;300;1147;0.0002;0.0034;1148;1311;0.0013
"UnityEngine.IMGUIModule.dll!UnityEngine::GUILayoutEntry.get_style()";0.0009999999;0.0005;0.004699999;1419;1180;1377;6;6;0.319599991991709;0.001065333;0.0009;0.0011;3600;12;12;12;300;1147;0;0.0036;1147;1320;0.0006
"UnityEngine.CoreModule.dll!UnityEngine.Rendering::CommandBuffer.Internal_SetComputeBufferParam()";0.0009999999;0.0008;0.0082;1423;1221;1446;11;11;0.345099994563498;0.001150333;0.0009999999;0.0011;630;2;2;20;300;1147;0.0001;0.006;1150;1165;0.0009999999
"Unity.InputSystem.dll!UnityEngine.InputSystem.Utilities::ReadOnlyArray`1.get_Count()";0.0009999999;0.0007;0.0023;1426;1170;1446;6;9;0.313499992065772;0.001045;0.0009999999;0.0011;3600;12;12;12;300;1147;0;0.0004;1147;1446;0.0009999999
"mscorlib.dll!System.Threading::Monitor.Exit()";0.0009999999;0.0007;0.0059;1429;1177;1238;5;5;0.326099994941615;0.001087;0.0009;0.0011;601;2;2;3;300;1147;0.0003;0.0055;1177;1238;0.0012
"UnityEngine.CoreModule.dll!UnityEngine.Rendering::AsyncGPUReadbackRequest.HasError_Injected()";0.0009999999;0.0007;0.0031;1429;1292;1207;6;7;0.315699991268048;0.001052333;0.0009;0.0011;900;3;3;3;300;1147;0.0001;0.0027;1147;1207;0.0011
"Unity.RenderPipelines.Universal.Runtime.dll!UnityEngine.Rendering.Universal::UniversalRenderer.IsOffscreenDepthTexture()";0.0009999999;0.0009;0.0032;1433;1202;1446;12;13;0.319999993342208;0.001066667;0.0009999999;0.0011;602;2;2;4;300;1147;0.0004;0.0024;1151;1225;0.0009999999
"UnityEditor.CoreModule.dll!UnityEditor::EditorApplication.get_isRemoteConnected()";0.0009999999;0.0008;0.0014;1445;1444;1443;7;8;0.00439999992522644;0.0011;0.0008;0.0012;8;2;2;2;4;1443;0.0001;0.0012;1444;1443;0
"mscorlib.dll!Mono::SafeStringMarshal.get_Value()";0.0009999999;0.0009999999;0.0009999999;1446;1446;1446;22;22;0.00099999996018596;0.0009999999;0.0009999999;0.0009999999;3;3;3;3;1;1446;0.0003;0.0004;1446;1446;0
"mscorlib.dll!System::RuntimeType.IsEquivalentTo()";0.0009999999;0.0009999999;0.0009999999;1446;1446;1446;20;20;0.00099999996018596;0.0009999999;0.0009999999;0.0009999999;3;3;3;3;1;1446;0.0003;0.0004;1446;1446;0
"FindMainCamera";0.0009;0.0006;0.0056;1358;1161;1418;3;6;0.292999993369449;0.0009766667;0.0008;0.0009999999;908;3;3;11;300;1147;0;0.0052;1147;1418;0.0009999999
"PostLateUpdate.ScriptRunDelayedDynamicFrameRate";0.0009;0.0006;0.0061;1152;1171;1237;2;2;0.283499996701721;0.000945;0.0008;0.0009;300;1;1;1;300;1147;0.0006;0.0061;1171;1237;0.0008
"AwesomeTechnologies.VegetationStudioPro.Runtime.dll!AwesomeTechnologies.ColliderSystem::ColliderSystemPro.OnRenderComplete()";0.0009;0.0006;0.0063;1155;1204;1149;5;5;0.294399995240383;0.0009813333;0.0008;0.0009;300;1;1;1;300;1147;0.0006;0.0063;1204;1149;0.0009
"Unity.InputSystem.dll!UnityEngine.InputSystem.LowLevel::InputUpdate.OnUpdate()";0.0009;0.0007;0.0013;1159;1151;1197;7;7;0.259199997002725;0.000864;0.0008;0.0009;300;1;1;1;300;1147;0.0007;0.0013;1151;1197;0.0009
"UnityEngine.CoreModule.dll!UnityEngine::Camera.get_opaqueSortMode()";0.0009;0.0007;0.0057;1164;1148;1336;12;12;0.270999991713325;0.0009033333;0.0008;0.0009999999;602;2;2;4;300;1147;0.0001;0.0056;1148;1336;0.0007
"CullGroupSphereRange";0.0009;0.0008;0.0013;1191;1362;1434;16;16;0.00469999993219972;0.00094;0.0008;0.0009;5;1;1;1;5;1191;0.0008;0.0013;1362;1434;0
"Unity.RenderPipelines.Universal.Runtime.dll!UnityEngine.Rendering.Universal::XRPass.get_hasValidOcclusionMesh()";0.0009;0.0007;0.0038;1194;1151;1280;12;12;0.266299996466842;0.0008876667;0.0008;0.0009;301;1;1;2;300;1147;0.0007;0.0038;1151;1280;0.0009
"UnityEngine.CoreModule.dll!UnityEngine::RenderSettings.get_ambientGroundColor()";0.0009;0.0006;0.0117;1206;1169;1278;8;8;0.304599994618911;0.001015333;0.0008;0.0009;301;1;1;2;300;1147;0.0006;0.0117;1169;1278;0.0009
"Crest.dll!Crest::OceanRenderer.get_ScaleCouldDecrease()";0.0009;0.0007;0.0037;1217;1285;1157;8;8;0.265699995739851;0.0008856666;0.0008;0.0009;300;1;1;1;300;1147;0.0007;0.0037;1285;1157;0.0008
"Assembly-CSharp.dll!::EnviroCore.CalculateSatPositions()";0.0009;0.0006;0.0017;1218;1193;1167;6;6;0.266999996791128;0.00089;0.0008;0.0009;300;1;1;1;300;1147;0.0006;0.0017;1193;1167;0.0017
"Unity.InputSystem.dll!UnityEngine.InputSystem.Utilities::CallbackArray`1.get_Item()";0.0009;0.0006;0.0057;1218;1178;1246;8;8;0.281199996650685;0.0009373333;0.0008;0.001;300;1;1;1;300;1147;0.0006;0.0057;1178;1246;0.0009
"Assembly-CSharp-firstpass.dll!PixelCrushers.DialogueSystem::StandardDialogueUI.UpdateAlertQueue()";0.0009;0.0007;0.0115;1227;1147;1218;5;5;0.292299995431677;0.0009743333;0.0008;0.0009;300;1;1;1;300;1147;0.0007;0.0115;1147;1218;0.0008
"UnityEngine.CoreModule.dll!UnityEngine::Bounds.get_center()";0.0009;0.0005;0.006;1234;1168;1294;6;8;0.281199993318296;0.0009373333;0.0008;0.0009999999;2400;8;8;8;300;1147;0;0.0053;1147;1294;0.0009
"AwesomeTechnologies.VegetationStudioPro.Runtime.dll!AwesomeTechnologies.VegetationSystem::VegetationSystemPro.VerifySplatmapAccess()";0.0009;0.0007;0.003;1244;1162;1152;5;5;0.26860000070883;0.0008953334;0.0008;0.0009;600;2;2;2;300;1147;0.0003;0.0026;1162;1152;0.0009
"UMA_Core.dll!UMA::UMAGeneratorBuiltin.FindRenderTexture()";0.0009;0.0007;0.0016;1252;1190;1446;6;6;0.270799997611903;0.0009026667;0.0008;0.001;300;1;1;1;300;1147;0.0007;0.0016;1190;1446;0.0011
"UnityEngine.CoreModule.dll!UnityEngine::Graphics.get_preserveFramebufferAlpha()";0.0009;0.0007;0.0116;1256;1169;1158;10;10;0.302699995052535;0.001009;0.0008;0.0009;301;1;1;2;300;1147;0.0007;0.0116;1169;1158;0.0009
"Unity.RenderPipelines.Universal.Runtime.dll!UnityEngine.Rendering.Universal::DepthOfField.IsActive()";0.0009;0.0007;0.0035;1272;1175;1342;13;19;0.271899996994762;0.0009063333;0.0008;0.0009;602;2;2;4;300;1147;0.0003;0.003;1154;1342;0.0009
"PreUpdate.IMGUISendQueuedEvents";0.0009;0.0005;0.0028;1273;1168;1397;2;2;0.295799996063579;0.0009859999;0.0007;0.0011;300;1;1;1;300;1147;0.0005;0.0028;1168;1397;0.0019
"UnityEngine.CoreModule.dll!UnityEngine::Transform.get_localPosition_Injected()";0.0009;0.0007;0.0056;1277;1160;1313;7;7;0.27949999156408;0.0009316666;0.0008;0.0009999999;600;2;2;2;300;1147;0.0001;0.0055;1151;1313;0.0009
"UnityEngine.CoreModule.dll!UnityEngine.Rendering::OnDemandRendering.GetRenderFrameInterval()";0.0009;0.0006;0.0061;1281;1149;1246;2;2;0.291199997707736;0.0009706666;0.0008;0.001;300;1;1;1;300;1147;0.0006;0.0061;1149;1246;0.0007
"Unity.InputSystem.dll!UnityEngine.InputSystem::InputManager.get_gameShouldGetInputRegardlessOfFocus()";0.0009;0.0007;0.0013;1287;1211;1241;7;8;0.0916000000433996;0.0009443299;0.0009;0.001;97;1;1;1;97;1153;0.0007;0.0013;1211;1241;0.0011
"UnityEngine.CoreModule.dll!UnityEngine::SystemInfo.GetCopyTextureSupport()";0.0009;0.0007;0.0047;1287;1331;1148;14;15;0.281899997382425;0.0009396666;0.0009;0.0009;602;2;2;4;300;1147;0.0003;0.0042;1147;1148;0.0009
"UnityEngine.CoreModule.dll!UnityEngine::Light.set_shadowStrength()";0.0009;0.0008;0.0014;1296;1153;1394;6;6;0.274499998427927;0.000915;0.0009;0.0009;300;1;1;1;300;1147;0.0008;0.0014;1153;1394;0.0011
"AwesomeTechnologies.VegetationStudioPro.Runtime.dll!AwesomeTechnologies.VegetationSystem.Biomes::BiomeMaskArea.Update()";0.0009;0.0007;0.0022;1299;1303;1446;4;4;0.27739999757614;0.0009246666;0.0009;0.0009;300;1;1;1;300;1147;0.0007;0.0022;1303;1446;0.001
"Unity.RenderPipelines.Core.Runtime.dll!UnityEngine.Rendering::LensFlareCommonSRP.IsEmpty()";0.0009;0.0007;0.0037;1299;1147;1264;19;19;0.284199998248369;0.0009473333;0.0008;0.001;301;1;1;2;300;1147;0.0007;0.0037;1147;1264;0.0012
"GeneralConnection.Poll";0.0009;0.0006;0.011;1311;1166;1396;3;3;0.302499996847473;0.001008333;0.0008;0.0011;300;1;1;1;300;1147;0.0006;0.011;1166;1396;0.0007
"PostLateUpdate.TriggerEndOfFrameCallbacks";0.0009;0.0007;0.0036;1336;1156;1219;2;2;0.287699997890741;0.000959;0.0008;0.001;300;1;1;1;300;1147;0.0007;0.0036;1156;1219;0.0012
"Update.DirectorUpdate";0.0009;0.0004;0.0018;1338;1148;1158;2;2;0.277999997982988;0.0009266667;0.0008;0.0011;300;1;1;1;300;1147;0.0004;0.0018;1148;1158;0.0008
"Assembly-CSharp.dll!UnityEngine.Rendering.LWRP::EnviroDistanceBlurPass.Setup()";0.0009;0.0007;0.0057;1341;1214;1301;15;15;0.308899998373818;0.001029667;0.0009;0.001;301;1;1;2;300;1147;0.0007;0.0057;1214;1301;0.001
"UnityEngine.CoreModule.dll!UnityEngine.Rendering::AsyncGPUReadbackRequest.GetLayerCount()";0.0009;0.0006;0.0015;1342;1166;1167;6;6;0.27719999908004;0.000924;0.0008;0.001;300;1;1;1;300;1147;0.0006;0.0015;1166;1167;0.0015
"UnityEngine.CoreModule.dll!UnityEngine.Rendering::CommandBuffer.Blit_Identifier_Injected()";0.0009;0.0006;0.0061;1359;1240;1177;21;21;0.307299998530652;0.001024333;0.0009;0.001;301;1;1;2;300;1147;0.0006;0.0061;1240;1177;0.0012
"UnityEngine.CoreModule.dll!UnityEngine::RenderSettings.set_fogColor()";0.0009;0.0008;0.0057;1365;1147;1246;7;7;0.293200000363868;0.0009773333;0.0009;0.001;300;1;1;1;300;1147;0.0008;0.0057;1147;1246;0.0008
"UnityEngine.IMGUIModule.dll!UnityEngine::GUIStyle.get_padding()";0.0009;0.0004;0.0429;1365;1415;1243;6;6;0.331299994009896;0.001104333;0.0008;0.0009999999;2700;9;9;9;300;1147;0;0.0421;1147;1243;0.0008
"Unity.InputSystem.dll!UnityEngine.InputSystem::InputActionState.get_totalBindingCount()";0.0009;0.0004;0.005999999;1378;1307;1410;9;9;0.288899991901417;0.000963;0.0008;0.0009999999;2700;9;9;9;300;1147;0;0.0054;1147;1287;0.0008
"PostLateUpdate.DirectorLateUpdate";0.0009;0.0006;0.0062;1386;1175;1237;2;2;0.298799998010509;0.000996;0.0008;0.0011;300;1;1;1;300;1147;0.0006;0.0062;1175;1237;0.0007
"UnityEngine.CoreModule.dll!UnityEngine::RenderSettings.get_ambientSkyColor()";0.0009;0.0008;0.006;1390;1147;1288;8;8;0.304100000648759;0.001013667;0.0009;0.001;301;1;1;2;300;1147;0.0008;0.006;1147;1288;0.0009
"UnityEngine.CoreModule.dll!UnityEngine::Vector4.Magnitude()";0.0009;0.0007;0.0062;1394;1164;1258;7;7;0.306099999579601;0.001020333;0.0009;0.001;300;1;1;1;300;1147;0.0007;0.0062;1164;1258;0.0011
"Crest.dll!Crest::OceanRenderer.get_SeaLevel()";0.0009;0.0008;0.0083;1395;1180;1262;8;8;0.296100002538878;0.0009870001;0.0009;0.001;300;1;1;1;300;1147;0.0008;0.0083;1180;1262;0.0009
"Unity.InputSystem.dll!::UpdateStepCount.OnBeforeUpdate()";0.0009;0.0007;0.0043;1395;1159;1267;7;7;0.285499999066815;0.0009516667;0.0008;0.001;300;1;1;1;300;1147;0.0007;0.0043;1159;1267;0.0011
"UnityEngine.CoreModule.dll!UnityEngine.Rendering::SphericalHarmonicsL2.get_Item()";0.0009;0.0006;0.0151;1403;1295;1383;8;8;0.305699996511976;0.001019;0.0008;0.001;903;3;3;6;300;1147;0.0001;0.0147;1147;1383;0.0009
"LightCookies";0.0009;0.0007;0.002;1404;1149;1446;15;15;0.285799999721348;0.0009526667;0.0009;0.001;301;1;1;2;300;1147;0.0007;0.0014;1149;1214;0.0009
"UnityEngine.CoreModule.dll!UnityEngine.Rendering::CommandBuffer.SetGlobalFloatArray()";0.0009;0.0008;0.006;1404;1156;1277;18;18;0.317200000514276;0.001057333;0.0009;0.001;301;1;1;2;300;1147;0.0008;0.006;1156;1277;0.001
"Animator.PrepareAnimationEvents";0.0009;0.0005;0.0061;1407;1159;1248;7;7;0.361499995342456;0.001205;0.0008;0.0013;300;1;1;1;300;1147;0.0005;0.0061;1159;1248;0.0009
"Unity.InputSystem.dll!UnityEngine.InputSystem::Touchscreen.get_touches()";0.0009;0.0006;0.0021;1410;1190;1446;9;9;0.28399999292742;0.0009466666;0.0008;0.0009999999;3300;11;11;11;300;1147;0;0.0005;1147;1176;0.0009999999
"UnityEngine.CoreModule.dll!UnityEngine.Rendering::AsyncGPUReadbackRequest.GetSafetyHandle()";0.0009;0.0007;0.0015;1412;1154;1176;5;5;0.288699997239746;0.0009623333;0.0008;0.0011;300;1;1;1;300;1147;0.0007;0.0015;1154;1176;0.001
"Unity.RenderPipelines.Universal.Runtime.dll!::BeautifyRenderPass.RestoreRTBufferIds()";0.0009;0.0007;0.006;1413;1212;1336;18;18;0.32049999764422;0.001068333;0.0009;0.0011;301;1;1;2;300;1147;0.0007;0.006;1212;1336;0.0012
"UnityEngine.UI.dll!::ButtonState.get_eventData()";0.0009;0.0006;0.0033;1427;1159;1221;8;10;0.285999992906;0.0009662162;0.0009;0.0009999999;3256;11;11;11;296;1147;0;0.0024;1147;1221;0.0011
"Unity.RenderPipelines.Universal.Runtime.dll!UnityEngine.Rendering.Universal.Internal::AdditionalLightsShadowCasterPass.Clear()";0.0009;0.0007;0.0057;1428;1235;1198;14;14;0.300500000594184;0.001001667;0.0009;0.001;301;1;1;2;300;1147;0.0007;0.0057;1235;1198;0.0012
"UnityEngine.CoreModule.dll!UnityEngine::EditorScreen.get_orientation()";0.0009;0.0008;0.006;1439;1149;1344;7;7;0.3063000003458;0.001021;0.0009;0.001;300;1;1;1;300;1147;0.0008;0.006;1149;1344;0.001
"UnityEngine.CoreModule.dll!UnityEngine::Random.get_value()";0.0009;0.0007;0.006;1441;1176;1354;22;22;0.293799993334687;0.0009793333;0.0009;0.0009999999;602;2;2;4;300;1147;0.0001;0.0059;1147;1354;0.0009
"mscorlib.dll!System.Reflection::FieldInfo.get_IsNotSerialized()";0.0009;0.0009;0.0009;1446;1446;1446;24;24;0.000899999955436215;0.0009;0.0009;0.0009;3;3;3;3;1;1446;0.0003;0.0003;1446;1446;0
"UnityEngine.CoreModule.dll!UnityEngine::Time.get_realtimeSinceStartup()";0.0009;0.0009;0.0009;1446;1446;1446;12;12;0.000899999984540045;0.0009;0.0009;0.0009;1;1;1;1;1;1446;0.0009;0.0009;1446;1446;0
"Unity.RenderPipelines.Universal.Runtime.dll!UnityEngine.Rendering.Universal::UniversalRenderer.get_postProcessPass()";0.0008;0.0006;0.0022;1184;1159;1446;12;12;0.236499997990904;0.0007883333;0.0007;0.0008;602;2;2;4;300;1147;0.0002;0.0011;1148;1425;0.0009
"Crest.dll!Crest::ShapeWaves.get_UpdateDataEachFrame()";0.0008;0.0006;0.0058;1217;1162;1441;10;11;0.241099998835125;0.0008036667;0.0007;0.0008;600;2;2;2;300;1147;0.0002;0.0055;1149;1441;0.0007
"Crest.dll!Crest::LodDataMgrFoam.ParamIdSampler()";0.0008;0.0005;0.0084;1220;1161;1446;10;10;0.315499998265295;0.001051667;0.0007;0.0008;615;2;2;11;300;1147;0.0002;0.0037;1152;1405;0.0007
"UnityEngine.CoreModule.dll!UnityEngine::Color.op_Multiply()";0.0008;0.0007;0.0046;1237;1149;1400;6;8;0.248199998197379;0.0008273333;0.0007;0.0009;601;2;2;3;300;1147;0.0003;0.0043;1148;1400;0.0009
"Unity.RenderPipelines.Universal.Runtime.dll!UnityEngine.Rendering.Universal::UniversalRenderer.get_colorGradingLut()";0.0008;0.0006;0.0035;1267;1155;1221;12;12;0.244599996949546;0.0008153333;0.0007;0.0008;602;2;2;4;300;1147;0.0002;0.0031;1155;1221;0.0007
"UnityEngine.CoreModule.dll!UnityEngine.Rendering::AsyncGPUReadbackRequest.IsDone_Injected()";0.0008;0.0005;0.002;1269;1158;1243;6;7;0.245299998554401;0.0008176666;0.0007;0.0009;900;3;3;3;300;1147;0.0001;0.0013;1147;1243;0.0009
"UnityEngine.CoreModule.dll!UnityEngine::Texture2DArray.get_allSlices()";0.0008;0.0006;0.0055;1328;1180;1367;19;20;0.258799996998277;0.0008626666;0.0008;0.0009;602;2;2;4;300;1147;0.0002;0.0052;1148;1367;0.0009
"Crest.dll!Crest::CrestSortedList`2.get_Count()";0.0008;0.0006;0.0111;1345;1382;1156;9;9;0.270499998616287;0.0009016666;0.0008;0.0009;600;2;2;2;300;1147;0.0002;0.0106;1338;1156;0.0008
"Unity.RenderPipelines.Universal.Runtime.dll!UnityEngine.Rendering.Universal::UniversalRenderPipelineAsset.GetAdditionalLightsShadowResolution()";0.0008;0.0006;0.0053;1412;1197;1381;14;14;0.266599993934506;0.0008886667;0.0008;0.0009;602;2;2;4;300;1147;0.0002;0.0051;1147;1381;0.0008
"Unity.RenderPipelines.Core.Runtime.dll!UnityEngine.Rendering::ColorUtils.PrepareSplitToning()";0.0008;0.0006;0.0107;1154;1171;1405;18;18;0.248899993195664;0.0008296666;0.0007;0.0008;301;1;1;2;300;1147;0.0006;0.0107;1171;1405;0.0009
"Unity.InputSystem.dll!::DoubleBuffers.GetFrontBuffer()";0.0008;0.0004;0.0055;1168;1159;1321;11;13;0.252099992438161;0.0008403333;0.0007;0.0009;2079;6;6;9;300;1147;0;0.0051;1149;1321;0.0009999999
"UnityEngine.CoreModule.dll!UnityEngine::LayerMask.op_Implicit()";0.0008;0.0005;0.0058;1169;1205;1259;6;16;0.237999994562415;0.0007933333;0.0007;0.0008;1805;6;6;11;300;1147;0;0.0051;1148;1259;0.0008
"UnityEngine.CoreModule.dll!UnityEngine::RenderTextureDescriptor.set_bindMS()";0.0008;0.0006;0.0038;1189;1148;1238;11;14;0.234499993675854;0.0007816667;0.0007;0.0008;602;2;2;4;300;1147;0.0003;0.0034;1147;1238;0.0008
"UnityEngine.CoreModule.dll!UnityEngine.Rendering::CommandBuffer.SetComputeVectorParam_Injected()";0.0008;0.0006;0.0122;1192;1277;1282;12;12;0.255599992655334;0.000852;0.0007;0.0008;315;1;1;10;300;1147;0.0002;0.0122;1446;1282;0.0011
"UnityEngine.CoreModule.dll!UnityEngine::ReflectionProbe.set_resolution()";0.0008;0.0006;0.0054;1194;1148;1309;6;6;0.241499994124752;0.000805;0.0007;0.0008;300;1;1;1;300;1147;0.0006;0.0054;1148;1309;0.0008
"Unity.InputSystem.dll!UnityEngine.InputSystem.LowLevel::InputEventStream.get_remainingEventCount()";0.0008;0.0002;0.0038;1204;1171;1284;7;7;0.073699998203665;0.0007924731;0.0006;0.0009999999;787;9;3;15;93;1153;0;0.0033;1153;1284;0.0004
"mscorlib.dll!System::Object.__isinst_with_cache()";0.0008;0.0005;0.0059;1205;1278;1370;9;14;0.25829999340931;0.000861;0.0007;0.0008999999;1200;4;4;4;300;1147;0.0001;0.0054;1147;1370;0.0008
"Unity.RenderPipelines.Universal.Runtime.dll!UnityEngine.Rendering.Universal.Internal::DepthNormalOnlyPass.get_depthDescriptor()";0.0008;0.0007;0.0044;1207;1150;1417;15;15;0.241599993489217;0.0008053333;0.0007;0.0008;301;1;1;2;300;1147;0.0007;0.0044;1150;1417;0.0008
"Unity.InputSystem.dll!UnityEngine.InputSystem::InputExtensions.IsInProgress()";0.0008;0.0003;0.0022;1213;1237;1446;8;8;0.231599994112912;0.000772;0.0007;0.0009;2700;9;9;9;300;1147;0;0.0006;1147;1446;0.0009999999
"EarlyUpdate.ClearLines";0.0008;0.0005;0.0054;1226;1154;1417;2;2;0.243799995514564;0.0008126667;0.0007;0.0009;300;1;1;1;300;1147;0.0005;0.0054;1154;1417;0.0007
"CombineJobResults";0.0008;0.0005;0.004699999;1236;1171;1164;4;17;0.243999993042962;0.0008133333;0.0007;0.0009;899;3;2;4;300;1147;0;0.0042;1303;1164;0.0009
"Mirror.dll!Mirror::NetworkServer.get_active()";0.0008;0.0004;0.0109;1241;1254;1366;5;5;0.260599991619529;0.0008686666;0.0007;0.0008999999;1200;4;4;4;300;1147;0;0.0104;1148;1366;0.0007
"Unity.InputSystem.dll!UnityEngine.InputSystem.LowLevel::InputEvent.get_sizeInBytes()";0.0008;0.0003;0.0014;1261;1158;1268;7;10;0.0723999981710222;0.0007784946;0.0005;0.0009999999;787;9;3;15;93;1153;0;0.0002;1154;1154;0.0004
"Crest.dll!Crest::LodDataMgrSeaFloorDepth.ParamIdSampler()";0.0008;0.0006;0.0074;1263;1169;1446;11;12;0.253099994850345;0.0008436667;0.0007;0.0009;615;2;2;11;300;1147;0.0002;0.0043;1242;1236;0.0008
"Assembly-CSharp.dll!Lux_SRP_GrassDisplacement::GrassDisplacementPass.OnCameraCleanup()";0.0008;0.0007;0.0038;1276;1149;1410;15;15;0.249699994456023;0.0008323333;0.0008;0.0008;301;1;1;2;300;1147;0.0007;0.0038;1149;1410;0.0007
"Unity.InputSystem.dll!UnityEngine.InputSystem::InputActionState.get_bindingStates()";0.0008;0.0003;0.0011;1277;1326;1262;9;9;0.232399994129082;0.0007746667;0.0007;0.0009;2700;9;9;9;300;1147;0;0.0002;1147;1149;0.0008
"System.dll!System.Diagnostics::Stopwatch.GetTimestamp()";0.0008;0.0006;0.0013;1280;1182;1155;7;7;0.0784999976240215;0.000844086;0.0008;0.0009;186;2;2;2;93;1153;0.0001;0.0011;1153;1155;0.0009
"UnityEngine.CoreModule.dll!UnityEngine::Vector3Int.get_y()";0.0008;0.0003;0.0045;1282;1294;1195;8;10;0.24919999382837;0.0008306666;0.0007;0.0009;2400;8;8;8;300;1147;0;0.0038;1147;1195;0.0007
"Unity.RenderPipelines.Universal.Runtime.dll!UnityEngine.Rendering.Universal::Bloom.IsActive()";0.0008;0.0006;0.002;1288;1147;1446;20;20;0.245899995381478;0.0008196667;0.0007;0.0009;301;1;1;2;300;1147;0.0006;0.0014;1147;1445;0.0008
"Unity.InputSystem.dll!UnityEngine.InputSystem.LowLevel::InputEventBuffer.get_sizeInBytes()";0.0008;0.0001;0.0016;1297;1167;1214;11;11;0.0637999983882764;0.0007876543;0.0005;0.0009999999;762;12;3;18;81;1153;0;0.0002;1153;1153;0.0001
"Assembly-CSharp.dll!UnityEngine.Rendering.LWRP::EnviroBlitPassShafts.get_source()";0.0008;0.0005;0.0038;1298;1266;1353;17;18;0.26579999391106;0.000886;0.0007;0.0009;1806;6;6;12;300;1147;0;0.0031;1158;1353;0.0008
"UnityEngine.CoreModule.dll!UnityEngine::Vector3.get_right()";0.0008;0.0004;0.007;1299;1170;1378;8;8;0.244499993830686;0.000815;0.0007;0.0009;2400;8;8;8;300;1147;0;0.0066;1147;1378;0.0008
"Initialization.AsyncUploadTimeSlicedUpdate";0.0008;0.0005;0.006;1309;1191;1353;2;2;0.272799995553214;0.0009093333;0.0007;0.0009;300;1;1;1;300;1147;0.0005;0.006;1191;1353;0.0007
"Crest.dll!Crest::Hashy.AddInt()";0.0008;0.0005;0.002;1315;1184;1446;7;12;0.242199993859685;0.0008073333;0.0007;0.0009;2700;9;9;9;300;1147;0;0.0004;1148;1226;0.0009
"Crest.dll!Crest::UnderwaterRenderer.get_SkipSurfaceSelfIntersectionFixMode()";0.0008;0.0007;0.0028;1321;1165;1423;7;7;0.246299994410947;0.000821;0.0008;0.0008;300;1;1;1;300;1147;0.0007;0.0028;1165;1423;0.0008
"Unity.InputSystem.dll!UnityEngine.InputSystem::InputActionState.get_actionStates()";0.0008;0.0004;0.0073;1329;1175;1158;8;8;0.253099993540673;0.0008436667;0.0007;0.0009;2700;9;9;9;300;1147;0;0.0067;1147;1158;0.0008
"Unity.RenderPipelines.Core.Runtime.dll!UnityEngine.Rendering::DebugManager.get_instance()";0.0008;0.0006;0.0059;1333;1184;1397;5;5;0.269399993994739;0.000898;0.0008;0.0009;300;1;1;1;300;1147;0.0006;0.0059;1184;1397;0.0009
"mscorlib.dll!System.Reflection::MonoMethodInfo.GetAttributes()";0.0008;0.0006;0.0059;1340;1363;1300;10;10;0.259199995081872;0.000864;0.0008;0.0009;300;1;1;1;300;1147;0.0006;0.0059;1363;1300;0.0012
"Unity.RenderPipelines.Universal.Runtime.dll!UnityEngine.Rendering.Universal::LensDistortion.IsActive()";0.0008;0.0007;0.0045;1347;1170;1340;21;21;0.262999994040001;0.0008766666;0.0008;0.0009;301;1;1;2;300;1147;0.0007;0.0045;1170;1340;0.0009
"PostLateUpdate.UpdateResolution";0.0008;0.0004;0.0056;1356;1272;1170;2;2;0.265599995182129;0.0008853333;0.0007;0.0009;300;1;1;1;300;1147;0.0004;0.0056;1272;1170;0.001
"mscorlib.dll!System.Runtime.InteropServices::GCHandle.GetAddrOfPinnedObject()";0.0008;0.0006;0.0051;1358;1171;1407;10;12;0.252799993606459;0.0008426667;0.0008;0.0009;600;2;2;2;300;1147;0.0001;0.0041;1151;1407;0.0009
"Unity.RenderPipelines.Universal.Runtime.dll!UnityEngine.Rendering.Universal::UniversalRenderer.get_colorGradingLutPass()";0.0008;0.0006;0.0056;1363;1170;1294;12;12;0.243299997688155;0.000811;0.0007;0.0008;602;2;2;4;300;1147;0.0002;0.0054;1147;1294;0.0009
"Renderers.OncePerFrameUpdate";0.0008;0.0005;0.0151;1370;1349;1357;3;3;0.290999996825121;0.00097;0.0007;0.0009;300;1;1;1;300;1147;0.0005;0.0151;1349;1357;0.0011
"UnityEngine.CoreModule.dll!UnityEngine::Mathf.Sqrt()";0.0008;0.0006;0.0016;1374;1150;1446;7;7;0.249099993678101;0.0008303333;0.0008;0.0009;2400;8;8;8;300;1147;0;0.0006;1150;1446;0.0008
"Unity.InputSystem.dll!UnityEngine.InputSystem.Utilities::CallbackArray`1.UnlockForChanges()";0.0008;0.0006;0.0017;1377;1149;1172;8;8;0.251399995875545;0.000838;0.0008;0.0009;300;1;1;1;300;1147;0.0006;0.0017;1149;1172;0.0009
"Unity.RenderPipelines.Universal.Runtime.dll!UnityEngine.Rendering.Universal::ScriptableRendererFeature.OnCameraPreCull()";0.0008;0.0004;0.0054;1377;1207;1201;12;12;0.271799993359309;0.000906;0.0007;0.0009;2709;9;9;18;300;1147;0;0.0045;1148;1201;0.0007
"Unity.RenderPipelines.Universal.Runtime.dll!UnityEngine.Rendering.Universal::ScriptableRendererFeature.SupportsNativeRenderPass()";0.0008;0.0004;0.004;1377;1350;1420;14;14;0.254199993774819;0.0008473333;0.0007;0.0009;2709;9;9;18;300;1147;0;0.0033;1149;1420;0.0009999999
"UnityEngine.UI.dll!UnityEngine.UI::CanvasScaler.SetScaleFactor()";0.0008;0.0002;0.0109;1391;1307;1437;10;10;0.295199993510323;0.0009839999;0.0007;0.0009999999;1500;5;5;5;300;1147;0;0.0102;1149;1437;0.0008
"Unity.InputSystem.dll!UnityEngine.InputSystem::InputManager.AreMaximumEventBytesPerUpdateExceeded()";0.0008;0.0007;0.0057;1397;1158;1182;7;7;0.084699998726137;0.0009107527;0.0008;0.0009;93;1;1;1;93;1153;0.0007;0.0057;1158;1182;0.0009
"UnityEngine.CoreModule.dll!UnityEngine.Rendering::GraphicsSettings.set_lightsUseLinearIntensity()";0.0008;0.0006;0.0059;1405;1292;1223;6;6;0.271799995214678;0.000906;0.0008;0.0009;301;1;1;2;300;1147;0.0006;0.0059;1292;1223;0.0009
"UnityEngine.InputLegacyModule.dll!UnityEngine::Input.get_mouseScrollDelta()";0.0008;0.0006;0.0056;1418;1255;1263;10;10;0.261999995564111;0.0008851351;0.0008;0.0009;296;1;1;1;296;1147;0.0006;0.0056;1255;1263;0.0008
"UnityEngine.CoreModule.dll!UnityEngine::RectOffset.get_vertical()";0.0008;0.0006;0.0058;1426;1249;1418;6;6;0.263499995337042;0.0008783333;0.0008;0.0009;900;3;3;3;300;1147;0.0001;0.0054;1150;1418;0.001
"CullResultsToNativeArrays";0.0008;0.0006;0.0026;1427;1266;1446;14;14;0.263199995737523;0.0008773333;0.0008;0.0009;301;1;1;2;300;1147;0.0006;0.0025;1266;1264;0.001
"PostLateUpdate.UpdateVideo";0.0008;0.0006;0.0059;1436;1293;1302;2;2;0.27329999639187;0.000911;0.0008;0.001;300;1;1;1;300;1147;0.0006;0.0059;1293;1302;0.001
"mscorlib.dll!System::Array.Empty()";0.0008;0.0004;0.0036;1437;1429;1401;12;12;0.260299992696673;0.0008676666;0.0008;0.0009999999;2100;7;7;7;300;1147;0;0.003;1147;1401;0.0008
"UnityEngine.CoreModule.dll!UnityEngine::Light.get_shadowBias()";0.0008;0.0006;0.006;1437;1291;1185;6;6;0.272199996106792;0.0009073333;0.0008;0.0009;300;1;1;1;300;1147;0.0006;0.006;1291;1185;0.001
"Assembly-CSharp.dll!UnityEngine.Rendering.LWRP::EnviroBlitPassVolumeClouds.Setup()";0.0008;0.0007;0.006;1440;1156;1256;15;15;0.272599996766075;0.0009086666;0.0008;0.0009;301;1;1;2;300;1147;0.0007;0.006;1156;1256;0.0009
"UnityEngine.CoreModule.dll!UnityEngine::Camera.get_orthographicSize()";0.0007;0.0005;0.0055;1169;1170;1328;15;15;0.22039999889239;0.0007346667;0.0006;0.0008;602;2;2;4;300;1147;0.0001;0.0054;1147;1328;0.0008
"UnityEngine.WindModule.dll!UnityEngine::WindZone.get_windPulseFrequency()";0.0007;0.0005;0.0056;1228;1250;1334;8;8;0.219499999046093;0.0007316667;0.0007;0.0008;600;2;2;2;300;1147;0.0001;0.0054;1152;1334;0.0007
"UnityEngine.CoreModule.dll!Unity.Collections.LowLevel.Unsafe::UnsafeUtility.MemCmp()";0.0007;0.0005;0.0051;1409;1200;1340;12;12;0.237299997847003;0.000791;0.0006;0.0009;693;2;2;3;300;1147;0.0001;0.0049;1150;1340;0.0011
"UnityEngine.CoreModule.dll!UnityEngine::ReflectionProbe.set_intensity()";0.0007;0.0005;0.001;1156;1292;1194;6;6;0.199199992464855;0.000664;0.0006;0.0007;300;1;1;1;300;1147;0.0005;0.001;1292;1194;0.0007
"Crest.dll!Crest::LodDataMgrSeaFloorDepth.get_SimName()";0.0007;0.0004;0.0012;1160;1149;1446;10;10;0.193499995097227;0.000645;0.0006;0.0007;2100;7;7;7;300;1147;0;0.0007;1147;1446;0.0007
"UnityEngine.CoreModule.dll!UnityEngine::Display.RelativeMouseAtImpl()";0.0007;0.0004;0.0051;1160;1369;1183;6;13;0.204299997072667;0.000681;0.0006;0.0007;596;2;1;2;300;1147;0.0001;0.0049;1360;1183;0.0009
"Unity.InputSystem.dll!UnityEngine.InputSystem.LowLevel::StateEvent.get_state()";0.0007;0.0001;0.0013;1162;1158;1299;9;9;0.0551999986055307;0.0005935483;0.0003;0.0008;601;7;1;13;93;1153;0;0.0002;1154;1154;0.0003
"Physics2D.GetRayIntersection";0.0007;0.0005;0.0053;1164;1147;1223;7;7;0.0870999975013547;0.0007024193;0.0006;0.0007;124;1;1;1;124;1147;0.0005;0.0053;1147;1223;0.0008
"Unity.InputSystem.dll!UnityEngine.InputSystem.LowLevel::InputEventStream.get_currentEventPtr()";0.0007;0.0002;0.0038;1179;1180;1299;7;8;0.0674999982802547;0.0007258065;0.0005;0.0009;694;8;2;14;93;1153;0;0.0024;1153;1299;0.0005
"Unity.RenderPipelines.Universal.Runtime.dll!::ScreenSpaceShadowsPass.OnCameraCleanup()";0.0007;0.0005;0.0043;1189;1390;1332;15;15;0.247899992333259;0.0008263333;0.0006;0.0007;301;1;1;2;300;1147;0.0005;0.0043;1390;1332;0.0006
"Unity.InputSystem.dll!UnityEngine.InputSystem.Utilities::CallbackArray`1.get_length()";0.0007;0.0003;0.0035;1191;1160;1323;7;12;0.216399994846142;0.0007213333;0.0006;0.0008;1986;6;6;8;300;1147;0;0.0027;1147;1323;0.0011
"UnityEngine.CoreModule.dll!UnityEngine::Camera.GetAllCamerasCount()";0.0007;0.0005;0.0056;1192;1159;1171;6;7;0.210199997774907;0.0007006667;0.0006;0.0007;600;2;2;2;300;1147;0.0001;0.0055;1147;1171;0.0006
"Unity.InputSystem.dll!UnityEngine.InputSystem::InputManager.InvokeAfterUpdateCallback()";0.0007;0.0005;0.0033;1193;1178;1323;6;6;0.208199992775917;0.000694;0.0006;0.0007;300;1;1;1;300;1147;0.0005;0.0033;1178;1323;0.0008
"UnityEngine.CoreModule.dll!UnityEngine::Camera.get_backgroundColor_Injected()";0.0007;0.0005;0.0058;1195;1163;1151;19;19;0.236799992970191;0.0007893333;0.0006;0.0007;301;1;1;2;300;1147;0.0005;0.0058;1163;1151;0.0008
"UnityEngine.CoreModule.dll!UnityEngine::Matrix4x4.MultiplyPoint()";0.0007;0.0005;0.0056;1197;1149;1398;15;15;0.237199994007824;0.0007906667;0.0006;0.0007;1204;4;4;8;300;1147;0.0001;0.0051;1147;1307;0.0008
"Unity.RenderPipelines.Universal.Runtime.dll!UnityEngine.Rendering.Universal::XRPass.EndCamera()";0.0007;0.0005;0.0058;1198;1158;1262;9;9;0.214399992721155;0.0007146666;0.0006;0.0007;301;1;1;2;300;1147;0.0005;0.0058;1158;1262;0.0006
"Unity.RenderPipelines.Universal.Runtime.dll!UnityEngine.Rendering.Universal.Internal::ColorGradingLutPass.OnFinishCameraStackRendering()";0.0007;0.0006;0.0048;1201;1147;1191;14;14;0.229999991832301;0.0007666667;0.0006;0.0007;301;1;1;2;300;1147;0.0006;0.0048;1147;1191;0.0006
"Unity.InputSystem.dll!UnityEngine.InputSystem.Utilities::NumberHelpers.AlignToMultipleOf()";0.0007;0.0002;0.0014;1203;1161;1214;9;10;0.0540999985751114;0.0006679012;0.0004;0.0009;508;8;2;12;81;1153;0;0.0003;1154;1179;0.0003
"Crest.dll!Crest::PropertyWrapperCompute.SetInt()";0.0007;0.0005;0.0128;1207;1215;1446;10;10;0.216799991962034;0.0007226666;0.0006;0.0007;315;1;1;10;300;1147;0.0005;0.0048;1196;1446;0.0006
"UnityEngine.CoreModule.dll!UnityEngine::NoAllocHelpers.Internal_ResizeList()";0.0007;0.0005;0.0011;1209;1243;1311;15;15;0.203399992489722;0.000678;0.0006;0.0007;300;1;1;1;300;1147;0.0005;0.0011;1243;1311;0.0007
"Physics2D.SyncRigidbodyTransformChanges";0.0007;0.0003;0.0037;1213;1217;1446;5;9;0.209199994729715;0.0006973333;0.0005;0.0008;873;3;2;17;300;1147;0;0.0009;1151;1300;0.0009
"UnityEngine.UIModule.dll!UnityEngine::Canvas.get_renderingDisplaySize_Injected()";0.0007;0.0005;0.0011;1219;1168;1165;11;11;0.205299993045628;0.0006843333;0.0006;0.0007;300;1;1;1;300;1147;0.0005;0.0011;1168;1165;0.0006
"UnityEngine.UIModule.dll!UnityEngine::CanvasRenderer.get_cull()";0.0007;0.0006;0.0011;1224;1150;1218;12;12;0.0907999972696416;0.0007264;0.0007;0.0008;125;1;1;1;125;1147;0.0006;0.0011;1150;1218;0.0007
"UnityEngine.CoreModule.dll!UnityEngine::RenderSettings.set_ambientSkyColor_Injected()";0.0007;0.0005;0.0012;1228;1147;1250;7;7;0.203899993910454;0.0006796666;0.0006;0.0007;300;1;1;1;300;1147;0.0005;0.0012;1147;1250;0.0008
"UnityEngine.CoreModule.dll!UnityEngine.Rendering::ScriptableRenderContext.DrawWireOverlay_Impl_Injected()";0.0007;0.0005;0.0018;1232;1375;1446;15;15;0.206499992636964;0.0006883333;0.0006;0.0007;301;1;1;2;300;1147;0.0005;0.0011;1375;1372;0.0007
"AwesomeTechnologies.VegetationStudioPro.Runtime.dll!AwesomeTechnologies.VegetationSystem::VegetationSystemPro.ReturnVegetationCellTemporaryMemory()";0.0007;0.0005;0.0056;1236;1199;1303;5;5;0.218299993022811;0.0007276667;0.0006;0.0007;300;1;1;1;300;1147;0.0005;0.0056;1199;1303;0.0006
"UnityEngine.CoreModule.dll!UnityEngine.Rendering::DepthState..ctor()";0.0007;0.0005;0.0054;1237;1393;1343;15;15;0.215699993423186;0.000719;0.0006;0.0007;301;1;1;2;300;1147;0.0005;0.0054;1393;1343;0.0008
"UnityEngine.CoreModule.dll!UnityEngine::Texture2D.get_whiteTexture()";0.0007;0.0005;0.0058;1237;1153;1193;19;19;0.221099992457312;0.000737;0.0006;0.0007;301;1;1;2;300;1147;0.0005;0.0058;1153;1193;0.0006
"FixedBehaviourUpdate";0.0007;0.0004;0.0068;1240;1147;1446;3;3;0.229099998614402;0.0007636666;0.0005;0.0009;449;1;1;16;300;1147;0.0002;0.0051;1158;1239;0.0006
"Physics.SyncRigidbodyTransform";0.0007;0.0004;0.0035;1246;1281;1446;3;8;0.213799996075977;0.0007126667;0.0006;0.0008;873;3;2;17;300;1147;0;0.0019;1158;1396;0.0008
"Assembly-CSharp.dll!::EnviroCore.GetMieG()";0.0007;0.0005;0.0047;1254;1176;1276;6;7;0.213099993183278;0.0007103333;0.0006;0.0007;600;2;2;2;300;1147;0.0002;0.0043;1160;1276;0.0008
"mscorlib.dll!System::DateTime.get_InternalTicks()";0.0007;0.0003;0.0013;1260;1419;1302;8;10;0.204499994855723;0.0006816667;0.0006;0.0008;2400;8;8;8;300;1147;0;0.0005;1150;1302;0.0008
"UnityEngine.CoreModule.dll!UnityEngine::ReflectionProbe.set_size_Injected()";0.0007;0.0006;0.0015;1269;1149;1235;7;7;0.210299992875662;0.000701;0.0007;0.0007;300;1;1;1;300;1147;0.0006;0.0015;1149;1235;0.0007
"mscorlib.dll!System::DateTime.DaysInMonth()";0.0007;0.0006;0.0059;1270;1147;1173;9;9;0.235799992224202;0.000786;0.0006;0.0008;300;1;1;1;300;1147;0.0006;0.0059;1147;1173;0.0008
"mscorlib.dll!System::Number.RoundNumber()";0.0007;0.0006;0.0041;1273;1148;1432;9;9;0.37349999329308;0.001245;0.0007;0.0008;300;1;1;1;300;1147;0.0006;0.0041;1148;1432;0.0007
"UnityEngine.CoreModule.dll!UnityEngine.Rendering::DrawingSettings.set_perObjectData()";0.0007;0.0005;0.004;1275;1149;1325;18;20;0.220099994803604;0.0007336666;0.0006;0.0007;2107;7;7;14;300;1147;0;0.0034;1149;1325;0.0006
"mscorlib.dll!System::Math.Tan()";0.0007;0.0005;0.0064;1283;1147;1446;22;22;0.218399994075298;0.000728;0.0006;0.0007;301;1;1;2;300;1147;0.0005;0.0057;1147;1446;0.0005
"mscorlib.dll!System::RuntimeTypeHandle.IsGenericVariable()";0.0007;0.0005;0.0058;1289;1147;1385;11;27;0.231999995368824;0.0007733333;0.0006;0.0008;619;2;2;21;300;1147;0.0001;0.0054;1446;1313;0.0008
"UnityEngine.CoreModule.dll!UnityEngine::ReflectionProbe.get_defaultTexture()";0.0007;0.0004;0.0119;1290;1403;1272;8;8;0.240499993582489;0.0008016666;0.0007;0.0008;301;1;1;2;300;1147;0.0004;0.0119;1403;1272;0.0007
"Assembly-CSharp.dll!::UCE_UI_Factions.Update()";0.0007;0.0006;0.0053;1293;1147;1159;4;4;0.225999993679579;0.0007533333;0.0007;0.0007;300;1;1;1;300;1147;0.0006;0.0053;1147;1159;0.0007
"UnityEngine.IMGUIModule.dll!UnityEngine::GUIContent.ClearStaticCache()";0.0007;0.0004;0.0038;1293;1161;1253;4;4;0.213699994419585;0.0007123333;0.0006;0.0008;1800;6;6;6;300;1147;0;0.0032;1149;1253;0.0006
"UnityEngine.CoreModule.dll!UnityEngine.Rendering::SortingSettings.get_criteria()";0.0007;0.0005;0.0023;1295;1176;1446;20;21;0.212199994610273;0.0007073333;0.0006;0.0008;1806;6;6;12;300;1147;0;0.0006;1156;1446;0.0007
"UnityEngine.CoreModule.dll!UnityEngine.Rendering::CullingResults.FillLightIndexMap()";0.0007;0.0005;0.0057;1303;1181;1433;20;20;0.227699993934948;0.000759;0.0006;0.0008;301;1;1;2;300;1147;0.0005;0.0057;1181;1433;0.0008
"UnityEngine.CoreModule.dll!UnityEngine::Material.GetFirstPropertyNameIdByAttribute()";0.0007;0.0005;0.0013;1309;1153;1446;7;7;0.214099992939737;0.0007136667;0.0006;0.0008;300;1;1;1;300;1147;0.0005;0.0013;1153;1446;0.0007
"Unity.RenderPipelines.Universal.Runtime.dll!UnityEngine.Rendering.Universal::XRPass.StartSinglePass()";0.0007;0.0005;0.0118;1315;1163;1404;18;18;0.241999992984347;0.0008066666;0.0007;0.0008;301;1;1;2;300;1147;0.0005;0.0118;1163;1404;0.0007
"Unity.RenderPipelines.Universal.Runtime.dll!UnityEngine.Rendering.Universal::ScriptableRenderPass.ConfigureClear()";0.0007;0.0005;0.0033;1322;1186;1253;15;18;0.215399994580366;0.000718;0.0007;0.0008;2107;7;7;14;300;1147;0;0.0029;1148;1253;0.0008
"mscorlib.dll!System::Span`1.op_Implicit()";0.0007;0.0006;0.0057;1334;1147;1170;8;8;0.234099993307609;0.0007803333;0.0007;0.0008;300;1;1;1;300;1147;0.0006;0.0057;1147;1170;0.0008
"Mirror.dll!Mirror::NetworkClient.UpdateTimeInterpolation()";0.0007;0.0005;0.0019;1335;1254;1184;5;5;0.224699993850663;0.000749;0.0007;0.0008;300;1;1;1;300;1147;0.0005;0.0019;1254;1184;0.0007
"Unity.RenderPipelines.Universal.Runtime.dll!UnityEngine.Rendering.Universal::ScriptableRenderPass.OnCameraCleanup()";0.0007;0.0003;0.0035;1348;1255;1220;15;15;0.222199994794209;0.0007406666;0.0006;0.0008;2408;8;8;16;300;1147;0;0.0031;1149;1220;0.0006
"Unity.RenderPipelines.Universal.Runtime.dll!UnityEngine.Rendering.Universal.Internal::DepthNormalOnlyPass.get_normalDescriptor()";0.0007;0.0006;0.0034;1351;1261;1214;15;15;0.225299993297085;0.000751;0.0007;0.0008;301;1;1;2;300;1147;0.0006;0.0034;1261;1214;0.0007
"Unity.InputSystem.dll!UnityEngine.InputSystem.LowLevel::NativeInputRuntime.get_currentTimeOffsetToRealtimeSinceStartup()";0.0007;0.0006;0.0052;1354;1147;1305;7;7;0.229499993321951;0.000765;0.0007;0.0008;300;1;1;1;300;1147;0.0006;0.0052;1147;1305;0.0008
"Unity.RenderPipelines.Core.Runtime.dll!UnityEngine.Rendering::VolumeManager.ResetMainStack()";0.0007;0.0005;0.0057;1361;1245;1366;10;10;0.229999994044192;0.0007666667;0.0007;0.0008;301;1;1;2;300;1147;0.0005;0.0057;1245;1366;0.0009
"mscorlib.dll!System::DateTime.AddTicks()";0.0007;0.0006;0.0023;1367;1255;1446;9;9;0.222199993208051;0.0007406666;0.0007;0.0008;300;1;1;1;300;1147;0.0006;0.0023;1255;1446;0.0007
"UnityEngine.CoreModule.dll!UnityEngine::QualitySettings.get_shadowDistance()";0.0007;0.0005;0.0058;1367;1152;1312;6;6;0.240599993907381;0.000802;0.0007;0.0008;300;1;1;1;300;1147;0.0005;0.0058;1152;1312;0.0008
"UnityEngine.IMGUIModule.dll!UnityEngine::GUISkin.get_font()";0.0007;0.0004;0.0036;1372;1185;1307;5;8;0.218599994565011;0.0007286667;0.0007;0.0008;2100;7;7;7;300;1147;0;0.003;1147;1307;0.0007
"mscorlib.dll!System::RuntimeTypeHandle.HasInstantiation()";0.0007;0.0004;0.0059;1375;1408;1275;11;25;0.244299994155881;0.0008143333;0.0007;0.0008;610;2;2;12;300;1147;0.0001;0.0054;1446;1275;0.0008
"ReflectionProbeAnchorManagerUpdate";0.0007;0.0005;0.0051;1377;1147;1439;14;16;0.231799991990556;0.0007726667;0.0006;0.0008;903;3;3;6;300;1147;0;0.0048;1295;1439;0.0007999999
"Unity.RenderPipelines.Universal.Runtime.dll!UnityEngine.Rendering.Universal::ScriptableRendererData.get_isInvalidated()";0.0007;0.0004;0.0142;1382;1175;1334;9;16;0.254699994584371;0.000849;0.0006;0.0008;2106;7;7;13;300;1147;0;0.0136;1147;1334;0.0007
"CanvasUpdate.PreRender";0.0007;0.0006;0.0057;1385;1156;1268;9;9;0.242099994560704;0.000807;0.0007;0.0008;300;1;1;1;300;1147;0.0006;0.0057;1156;1268;0.0007
"Unity.InputSystem.dll!::TriggerState.get_bindingIndex()";0.0007;0.0003;0.007699999;1402;1326;1284;8;8;0.228299994414556;0.000761;0.0006;0.0008;2700;9;9;9;300;1147;0;0.0069;1147;1284;0.0007
"Assembly-CSharp.dll!::<>c__DisplayClass4_0..ctor()";0.0007;0.0005;0.0039;1407;1166;1431;5;5;0.226399994440726;0.0007546666;0.0007;0.0008;1500;5;5;5;300;1147;0.0001;0.0034;1147;1431;0.0008
"mscorlib.dll!System::RuntimeTypeHandle.IsByRef()";0.0007;0.0006;0.0011;1412;1152;1153;13;13;0.226899994013365;0.0007563333;0.0007;0.0008;300;1;1;1;300;1147;0.0006;0.0011;1152;1153;0.0008
"UnityEngine.CoreModule.dll!UnityEngine::EditorScreen.get_height()";0.0007;0.0004;0.0045;1422;1444;1438;6;12;0.239899992920982;0.0007996666;0.0007;0.0008;1196;4;3;4;300;1147;0.0001;0.0039;1147;1438;0.0007
"UnityEngine.CoreModule.dll!UnityEngine::RectOffset.get_horizontal()";0.0007;0.0005;0.0032;1429;1196;1209;6;6;0.228499993150763;0.0007616666;0.0007;0.0008;900;3;3;3;300;1147;0.0001;0.0026;1155;1209;0.0007
"UnityEngine.CoreModule.dll!UnityEngine::RenderSettings.get_fogDensity()";0.0007;0.0006;0.0057;1430;1161;1288;7;16;0.237099994468736;0.0007903333;0.0007;0.0008;601;2;2;3;300;1147;0.0003;0.0053;1147;1288;0.0008
"Assembly-CSharp.dll!::UCE_UI_CastBar.Update()";0.0007;0.0006;0.0042;1438;1189;1156;4;4;0.243799993826542;0.0008126667;0.0007;0.0008;300;1;1;1;300;1147;0.0006;0.0042;1189;1156;0.0007
"AwesomeTechnologies.VegetationStudioPro.Runtime.dll!AwesomeTechnologies.VegetationSystem::UnityTerrain.Update()";0.0007;0.0005;0.0034;1440;1396;1307;4;4;0.224399997649016;0.000748;0.0007;0.0008;600;2;2;2;300;1147;0.0002;0.003;1150;1307;0.0008
"UnityEngine.CoreModule.dll!UnityEngine::Camera.get_rect_Injected()";0.0007;0.0006;0.0017;1445;1153;1446;13;13;0.230299994000234;0.0007676667;0.0007;0.0008;301;1;1;2;300;1147;0.0006;0.0011;1153;1230;0.0007
"CopyChannels";0.0007;0.0007;0.0007;1446;1446;1446;26;28;0.000699999975040555;0.0007;0.0007;0.0007;2;2;2;2;1;1446;0.0003;0.0004;1446;1446;0
"mscorlib.dll!System.Reflection::FieldInfo.get_marshal_info()";0.0007;0.0007;0.0007;1446;1446;1446;24;24;0.000699999982316513;0.0007;0.0007;0.0007;3;3;3;3;1;1446;0.0001;0.0004;1446;1446;0
"mscorlib.dll!System.Reflection::RuntimeFieldInfo.GetParentType()";0.0007;0.0007;0.0007;1446;1446;1446;25;25;0.000699999975040555;0.0007;0.0007;0.0007;3;3;3;3;1;1446;0.0002;0.0003;1446;1446;0
"ParticleSystem.DrawSystem";0.0006;0.0003;0.0052;1215;1334;1370;21;21;0.184999999022693;0.0006166667;0.0005;0.0007;600;2;2;2;300;1147;0;0.0047;1167;1370;0.0006
"Crest.dll!Crest::ShapeFFT.OnGUI()";0.0006;0.0004;0.0056;1378;1296;1190;3;3;0.219799998762028;0.0007326666;0.0006;0.0007;602;2;2;4;300;1147;0;0.0055;1147;1190;0.0006
"UnityEngine.CoreModule.dll!UnityEngine.Rendering::DrawingSettings.set_enableDynamicBatching()";0.0006;0.0004;0.0038;1152;1153;1158;19;20;0.179299995739711;0.0005976667;0.0005;0.0006;1204;4;4;8;300;1147;0.0001;0.0033;1147;1158;0.0007
"UnityEngine.CoreModule.dll!Unity.Collections.LowLevel.Unsafe::NativeArrayUnsafeUtility.GetUnsafePtr()";0.0006;0.0005;0.0033;1153;1147;1284;20;20;0.171299998997711;0.000571;0.0005;0.0006;301;1;1;2;300;1147;0.0005;0.0033;1147;1284;0.0005
"Unity.InputSystem.dll!UnityEngine.InputSystem.LowLevel::InputEventBuffer.get_data()";0.0006;0.0002;0.0037;1154;1180;1209;8;11;0.104099998170568;0.001119355;0.0004;0.0024;440;5;2;8;93;1153;0;0.0032;1155;1209;0.0003
"UnityEngine.InputLegacyModule.dll!UnityEngine::Input.get_mousePresent()";0.0006;0.0004;0.0055;1155;1149;1224;7;7;0.175199998455355;0.0005918919;0.0005;0.0006;296;1;1;1;296;1147;0.0004;0.0055;1149;1224;0.0006
"UnityEngine.CoreModule.dll!UnityEngine::Mathf.Sign()";0.0006;0.0003;0.0017;1157;1256;1353;8;19;0.164099995745346;0.000547;0.0005;0.0006;1203;4;4;7;300;1147;0;0.0012;1148;1353;0.0004
"UnityEngine.CoreModule.dll!UnityEngine::Texture.GetDataWidth()";0.0006;0.0004;0.0034;1161;1210;1446;21;23;0.170799998624716;0.0005693333;0.0005;0.0006;309;1;1;10;300;1147;0.0002;0.0011;1446;1312;0.0006
"mscorlib.dll!System::Object.Equals()";0.0006;0.0003;0.0235;1164;1236;1446;16;20;0.195999995281454;0.0006533333;0.0005;0.0006;1529;5;5;34;300;1147;0;0.0022;1147;1330;0.0007
"Unity.RenderPipelines.Universal.Runtime.dll!UnityEngine.Rendering.Universal::ScriptableRenderPass.set_renderTargetWidth()";0.0006;0.0004;0.0014;1168;1205;1446;14;19;0.169699995705741;0.0005656666;0.0005;0.0006;1505;5;5;10;300;1147;0;0.0003;1199;1446;0.0007
"UnityEngine.CoreModule.dll!UnityEngine::Vector2.get_sqrMagnitude()";0.0006;0.0002;0.0031;1171;1443;1158;6;10;0.166999995752121;0.0005566666;0.0005;0.0006;1484;5;1;5;300;1147;0;0.0028;1147;1158;0.0006
"UnityEngine.CoreModule.dll!UnityEngine::RenderTextureDescriptor.set_dimension()";0.0006;0.0004;0.0033;1173;1160;1288;17;20;0.175399995583575;0.0005846667;0.0005;0.0006;1505;5;5;10;300;1147;0;0.0029;1160;1288;0.0006
"mscorlib.dll!System::BitConverter.SingleToInt32Bits()";0.0006;0.0003;0.0009999999;1176;1150;1446;9;17;0.168399995745858;0.0005613333;0.0005;0.0006;1801;6;6;7;300;1147;0;0.0004;1147;1446;0.0006
"UnityEngine.UI.dll!UnityEngine.UI::CanvasScaler.SetReferencePixelsPerUnit()";0.0006;0.0003;0.0037;1179;1198;1216;10;10;0.170399995266052;0.000568;0.0005;0.0006;1500;5;5;5;300;1147;0;0.0032;1149;1216;0.0005
"mscorlib.dll!System::DateTime.get_Day()";0.0006;0.0005;0.0011;1180;1148;1302;6;6;0.168499998049811;0.0005616667;0.0005;0.0006;300;1;1;1;300;1147;0.0005;0.0011;1148;1302;0.0006
"EarlyUpdate.DispatchEventQueueEvents";0.0006;0.0004;0.0012;1183;1165;1171;2;2;0.172599997953512;0.0005753333;0.0005;0.0006;300;1;1;1;300;1147;0.0004;0.0012;1165;1171;0.0009
"Unity.InputSystem.dll!UnityEngine.InputSystem::InputDevice.get_hasStateCallbacks()";0.0006;0.0003;0.0057;1183;1232;1216;6;7;0.18129999654775;0.0006043333;0.0005;0.0006;993;3;3;4;300;1147;0;0.0052;1155;1216;0.0009999999
"AwesomeTechnologies.VegetationStudioPro.Runtime.dll!AwesomeTechnologies.Utility.Culling::JobCullingGroup.get_TargetCamera()";0.0006;0.0003;0.0043;1186;1149;1397;7;9;0.17599999596132;0.0005866666;0.0005;0.0006;1800;6;6;6;300;1147;0;0.004;1147;1397;0.0007
"Unity.RenderPipelines.Universal.Runtime.dll!::BlockRange.Dispose()";0.0006;0.0004;0.0034;1186;1148;1290;14;14;0.183499995539023;0.0006116666;0.0005;0.0006;1204;4;4;8;300;1147;0.0001;0.003;1147;1290;0.0006
"Unity.InputSystem.dll!UnityEngine.InputSystem.LowLevel::InputEvent.get_handled()";0.0006;0.0002;0.004799999;1187;1239;1287;7;7;0.054799998375529;0.0005892473;0.0004;0.0007;347;4;1;7;93;1153;0;0.0044;1154;1287;0.0004
"UnityEngine.CoreModule.dll!UnityEngine::Shader.SetGlobalInt()";0.0006;0.0004;0.0027;1193;1255;1212;6;6;0.171399997838307;0.0005713333;0.0005;0.0006;300;1;1;1;300;1147;0.0004;0.0027;1255;1212;0.0007
"UnityEngine.CoreModule.dll!UnityEngine::Vector3.op_Equality()";0.0006;0.0004;0.0033;1195;1160;1270;6;17;0.173099995452503;0.000577;0.0005;0.0006;1197;4;3;4;300;1147;0;0.0029;1325;1270;0.0007999999
"Unity.RenderPipelines.Universal.Runtime.dll!UnityEngine.Rendering.Universal::FilmGrain.IsActive()";0.0006;0.0004;0.0055;1205;1171;1228;21;21;0.184799998038216;0.000616;0.0005;0.0006;301;1;1;2;300;1147;0.0004;0.0055;1171;1228;0.0005
"UnityEngine.WindModule.dll!UnityEngine::WindZone.get_windPulseMagnitude()";0.0006;0.0004;0.0056;1216;1266;1178;8;8;0.177299996517831;0.000591;0.0005;0.0006;300;1;1;1;300;1147;0.0004;0.0056;1266;1178;0.0006
"Unity.InputSystem.dll!UnityEngine.InputSystem.LowLevel::InputEventPtr..ctor()";0.0006;0.0001;0.0026;1220;1158;1386;7;8;0.057599998479418;0.0006193548;0.0004;0.0008;601;7;1;13;93;1153;0;0.0024;1153;1386;0.0005
"UnityEngine.CoreModule.dll!UnityEngine::Vector2.get_zero()";0.0006;0.0003;0.0046;1221;1312;1391;8;18;0.176899995378335;0.0005896667;0.0005;0.0006;1197;4;3;4;300;1147;0;0.0041;1232;1391;0.0006
"UnityEngine.UIModule.dll!UnityEngine::CanvasRenderer.get_absoluteDepth()";0.0006;0.0005;0.0051;1226;1148;1246;13;13;0.0857999977306463;0.0006864;0.0006;0.0007;125;1;1;1;125;1147;0.0005;0.0051;1148;1246;0.0008
"Crest.dll!Crest::SimSettingsSeaFloorDepth.AddToSettingsHash()";0.0006;0.0005;0.0033;1232;1147;1261;7;7;0.179099996050354;0.000597;0.0005;0.0006;300;1;1;1;300;1147;0.0005;0.0033;1147;1261;0.0007
"mscorlib.dll!System.Runtime.InteropServices::GCHandle.FreeHandle()";0.0006;0.0004;0.0041;1232;1414;1363;10;12;0.180799994202971;0.0006026666;0.0005;0.0006;600;2;2;2;300;1147;0.0001;0.0038;1414;1363;0.0005
"UnityEngine.IMGUIModule.dll!UnityEngine::GUIUtility.set_guiIsExiting()";0.0006;0.0002;0.004699999;1234;1290;1342;5;5;0.18519999543787;0.0006173333;0.0005;0.0006;1800;6;6;6;300;1147;0;0.0042;1147;1342;0.0006
"UnityEngine.InputLegacyModule.dll!UnityEngine::Input.CheckDisabled()";0.0006;0.0004;0.0051;1234;1244;1200;6;6;0.181599998002639;0.0006053333;0.0005;0.0006;300;1;1;1;300;1147;0.0004;0.0051;1244;1200;0.0007
"mscorlib.dll!System::Double.IsFinite()";0.0006;0.0004;0.0056;1235;1152;1250;9;9;0.199899996921886;0.0006663333;0.0005;0.0006;300;1;1;1;300;1147;0.0004;0.0056;1152;1250;0.0006
"UnityEngine.CoreModule.dll!UnityEngine::RenderTextureDescriptor.set_vrUsage()";0.0006;0.0003;0.0024;1241;1177;1422;17;20;0.176599995596916;0.0005886666;0.0005;0.0006;1505;5;5;10;300;1147;0;0.0019;1148;1422;0.0005
"UnityEngine.CoreModule.dll!UnityEngine.Rendering::RenderPipeline.EndContextRendering()";0.0006;0.0004;0.0055;1251;1391;1189;7;7;0.188899997476256;0.0006296667;0.0005;0.0006;301;1;1;2;300;1147;0.0004;0.0055;1391;1189;0.0005
"Unity.InputSystem.dll!UnityEngine.InputSystem.LowLevel::InputUpdate.RestoreStateAfterEditorUpdate()";0.0006;0.0004;0.0109;1256;1159;1344;5;5;0.195799997018185;0.0006526667;0.0005;0.0006;300;1;1;1;300;1147;0.0004;0.0109;1159;1344;0.0006
"UnityEngine.CoreModule.dll!UnityEngine.Rendering::ScriptableRenderContext.InvokeOnRenderObjectCallback_Internal_Injected()";0.0006;0.0004;0.0017;1256;1364;1446;19;19;0.175499996199505;0.000585;0.0005;0.0006;301;1;1;2;300;1147;0.0004;0.0011;1364;1425;0.0006
"UnityEngine.CoreModule.dll!Unity.Collections::NativeArray`1.CheckCopyArguments()";0.0006;0.0003;0.001;1257;1254;1187;7;7;0.176899996993598;0.0005896667;0.0005;0.0007;300;1;1;1;300;1147;0.0003;0.001;1254;1187;0.0007
"UnityEngine.CoreModule.dll!UnityEngine::Camera.get_allowHDR()";0.0006;0.0005;0.0118;1257;1147;1359;12;18;0.197699995478615;0.000659;0.0005;0.0006;302;1;1;3;300;1147;0.0005;0.0118;1147;1359;0.0005
"Unity.InputSystem.dll!UnityEngine.InputSystem.LowLevel::InputEvent.get_internalTime()";0.0006;0.0003;0.0009;1258;1157;1205;7;11;0.0541999986307928;0.0005827957;0.0005;0.0007;626;7;4;10;93;1153;0;0.0002;1153;1158;0.0005
"UnityEngine.CoreModule.dll!UnityEngine::Camera.get_targetDisplay()";0.0006;0.0005;0.0028;1259;1147;1272;5;5;0.183799997263122;0.0006126667;0.0005;0.0006;300;1;1;1;300;1147;0.0005;0.0028;1147;1272;0.0007
"Unity.RenderPipelines.Universal.Runtime.dll!UnityEngine.Rendering.Universal.Internal::RenderTargetBufferSystem.get_backBuffer()";0.0006;0.0004;0.002;1264;1176;1446;13;15;0.180799994828703;0.0006026666;0.0005;0.0007;1204;4;4;8;300;1147;0;0.0006;1152;1282;0.0007
"UnityEngine.CoreModule.dll!UnityEngine.Rendering::ShadowSplitData.set_shadowCascadeBlendCullingFactor()";0.0006;0.0003;0.0016;1265;1152;1446;15;20;0.182999995660794;0.00061;0.0005;0.0007;1505;5;5;10;300;1147;0;0.0012;1149;1410;0.0005
"Crest.dll!Crest::LodDataMgrPersistent.BuildCommandBufferInternal()";0.0006;0.0004;0.0032;1266;1165;1257;9;9;0.18599999549042;0.00062;0.0005;0.0006;2100;7;7;7;300;1147;0;0.0025;1147;1257;0.0007
"mscorlib.dll!System::Object.virt_stelemref_object()";0.0006;0.0004;0.008;1272;1173;1346;5;9;0.186799995448382;0.0006226667;0.0005;0.0006;1501;5;5;6;300;1147;0;0.0074;1173;1346;0.0006
"UnityEngine.IMGUIModule.dll!UnityEngine::GUILayoutGroup.get_marginLeft()";0.0006;0.0003;0.0045;1281;1173;1349;6;7;0.179399995744461;0.000598;0.0005;0.0007;1800;6;6;6;300;1147;0;0.004;1148;1349;0.0007
"Crest.dll!Crest::RegisterSeaFloorDepthInput.get_Enabled()";0.0006;0.0002;0.0033;1284;1200;1323;10;10;0.177799995646637;0.0005926667;0.0005;0.0007;2100;7;7;7;300;1147;0;0.0027;1147;1323;0.0007
"UnityEngine.CoreModule.dll!UnityEngine::RenderSettings.set_fogDensity()";0.0006;0.0004;0.0054;1284;1160;1427;7;7;0.182999995507998;0.00061;0.0005;0.0006;300;1;1;1;300;1147;0.0004;0.0054;1160;1427;0.0007
"Crest.dll!Crest::OceanRenderer.get_CollisionProvider()";0.0006;0.0004;0.0055;1285;1375;1162;6;8;0.190099994251796;0.0006336666;0.0005;0.0007;1200;4;4;4;300;1147;0;0.0052;1172;1162;0.0005
"Assembly-CSharp.dll!UnityEngine.Rendering.LWRP::EnviroBlitPassVolumeClouds.get_source()";0.0006;0.0003;0.04700001;1289;1236;1221;17;18;0.229199996472744;0.000764;0.0005;0.0007;1505;5;5;10;300;1147;0;0.0465;1147;1221;0.0006
"UnityEngine.CoreModule.dll!UnityEngine::RenderTextureDescriptor.set_mipCount()";0.0006;0.0004;0.0096;1297;1147;1269;17;20;0.193899995021638;0.0006463333;0.0005;0.0007;1204;4;4;8;300;1147;0;0.0092;1214;1269;0.0011
"Assembly-CSharp.dll!::UIShowToolTip.Update()";0.0006;0.0005;0.0011;1310;1152;1251;4;4;0.18279999360675;0.0006093333;0.0006;0.0006;300;1;1;1;300;1147;0.0005;0.0011;1152;1251;0.0006
"PostLateUpdate.PhysicsSkinnedClothBeginUpdate";0.0006;0.0003;0.0056;1313;1255;1167;2;2;0.197299996012589;0.0006576666;0.0005;0.0007;300;1;1;1;300;1147;0.0003;0.0056;1255;1167;0.0056
"UnityEngine.CoreModule.dll!Unity.Collections.LowLevel.Unsafe::DisposeSentinel.Clear()";0.0006;0.0003;0.005199999;1320;1172;1280;13;21;0.194899994370644;0.0006496666;0.0005;0.0007;1505;5;5;10;300;1147;0;0.0048;1151;1280;0.0007
"mscorlib.dll!System.Threading::Thread.get_CurrentThread()";0.0006;0.0004;0.0033;1325;1212;1163;5;24;0.19109999317152;0.000637;0.0005;0.0007;603;2;2;5;300;1147;0.0002;0.003;1147;1163;0.0007
"BoundingSphereCullJob (Cleanup)";0.0006;0.0001;0.0046;1327;1213;1179;10;10;0.123799997694732;0.0007114942;0.0005;0.0008;202;1;1;2;174;1148;0.0001;0.0046;1156;1179;0
"UnityEngine.CoreModule.dll!UnityEngine::Light.get_color_Injected()";0.0006;0.0005;0.001;1333;1160;1182;7;7;0.187399992893916;0.0006246666;0.0006;0.0006;300;1;1;1;300;1147;0.0005;0.001;1160;1182;0.0007
"Crest.dll!Crest::Hashy.AddBool()";0.0006;0.0003;0.0032;1334;1236;1305;7;8;0.186899995562271;0.000623;0.0005;0.0007;1800;6;6;6;300;1147;0;0.0027;1147;1445;0.0006
"UnityEngine.UI.dll!UnityEngine.EventSystems::PointerEventData.get_pointerCurrentRaycast()";0.0006;0.0003;0.0031;1334;1157;1280;8;10;0.181499995480408;0.0006131757;0.0005;0.0007;2072;7;7;7;296;1147;0;0.0026;1147;1280;0.0005
"UnityEngine.CoreModule.dll!UnityEngine.Rendering::DrawingSettings.set_enableInstancing()";0.0006;0.0004;0.0024;1336;1264;1168;19;20;0.1881999952966;0.0006273333;0.0006;0.0007;1204;4;4;8;300;1147;0.0001;0.002;1147;1168;0.0005
"mscorlib.dll!System::UIntPtr.op_Equality()";0.0006;0.0003;0.0035;1337;1226;1248;12;23;0.188899995402608;0.0006360269;0.0005;0.0007;2090;7;7;18;297;1147;0;0.0029;1147;1248;0.0006
"UnityEngine.InputLegacyModule.dll!UnityEngine::Input.GetMouseButtonUp()";0.0006;0.0005;0.004999999;1337;1147;1345;11;11;0.188899994165695;0.0006381756;0.0006;0.0007;888;3;3;3;296;1147;0.0001;0.0048;1147;1345;0.0007
"UnityEngine.CoreModule.dll!UnityEngine::RenderSettings.get_ambientEquatorColor()";0.0006;0.0005;0.0118;1338;1153;1173;8;8;0.20319999277126;0.0006773333;0.0006;0.0006;301;1;1;2;300;1147;0.0005;0.0118;1153;1173;0.0006
"UnityEngine.UI.dll!UnityEngine.UI::ClipperRegistry.Cull()";0.0006;0.0004;0.0054;1338;1231;1423;10;10;0.201699996396201;0.0006723333;0.0005;0.0007;300;1;1;1;300;1147;0.0004;0.0054;1231;1423;0.0007
"UnityEngine.CoreModule.dll!UnityEngine.Rendering::GraphicsSettings.set_lightsUseColorTemperature()";0.0006;0.0005;0.0056;1349;1187;1271;6;6;0.198599993425887;0.000662;0.0006;0.0007;301;1;1;2;300;1147;0.0005;0.0056;1187;1271;0.0006
"UnityEngine.CoreModule.dll!UnityEngine::RenderTextureDescriptor.set_shadowSamplingMode()";0.0006;0.0004;0.0019;1350;1172;1446;15;20;0.187899995231419;0.0006263333;0.0006;0.0007;1806;6;6;12;300;1147;0;0.0003;1147;1446;0.0007
"UnityEngine.IMGUIModule.dll!UnityEngine::GUIStyle.get_margin()";0.0006;0.0003;0.0041;1355;1198;1240;9;11;0.201199994982744;0.0006706666;0.0006;0.0007;1802;6;6;8;300;1147;0;0.0037;1149;1240;0.0008
"Crest.dll!Crest::ShapeWaves.UpdateEditorOnly()";0.0006;0.0005;0.0033;1356;1151;1267;11;11;0.195699994044844;0.0006523333;0.0006;0.0007;300;1;1;1;300;1147;0.0005;0.0033;1151;1267;0.0006
"EarlyUpdate.AnalyticsCoreStatsUpdate";0.0006;0.0003;0.0057;1366;1408;1381;2;2;0.19699999623117;0.0006566666;0.0005;0.0007;300;1;1;1;300;1147;0.0003;0.0057;1408;1381;0.0008
"Unity.RenderPipelines.Universal.Runtime.dll!UnityEngine.Rendering.Universal::XRPass.StopSinglePass()";0.0006;0.0005;0.0031;1366;1149;1161;18;18;0.19429999217391;0.0006476666;0.0006;0.0007;301;1;1;2;300;1147;0.0005;0.0031;1149;1161;0.0007
"UnityEngine.CoreModule.dll!UnityEngine.Rendering::ScriptableRenderContext.DrawSkybox_Internal_Injected()";0.0006;0.0005;0.0024;1366;1156;1231;19;19;0.190999992366415;0.0006366667;0.0006;0.0007;301;1;1;2;300;1147;0.0005;0.0024;1156;1231;0.0007
"Assembly-CSharp-firstpass.dll!PixelCrushers.DialogueSystem::DialogueSystemController.Update()";0.0006;0.0005;0.0011;1367;1149;1388;4;4;0.189399994327687;0.0006313333;0.0006;0.0007;300;1;1;1;300;1147;0.0005;0.0011;1149;1388;0.0009
"Unity.InputSystem.dll!UnityEngine.InputSystem.LowLevel::InputStateBlock.get_sizeInBits()";0.0006;0.0002;0.0024;1367;1355;1442;10;12;0.19589999508753;0.000653;0.0005;0.0008;2079;6;6;9;300;1147;0;0.0018;1149;1442;0.0009
"UnityEngine.IMGUIModule.dll!UnityEngine::Event.set_displayIndex()";0.0006;0.0005;0.0057;1376;1148;1317;4;4;0.206899994285777;0.0006896667;0.0006;0.0007;301;1;1;2;300;1147;0.0005;0.0057;1148;1317;0.0007
"UnityEngine.CoreModule.dll!UnityEngine::Plane.get_distance()";0.0006;0.0003;0.0035;1377;1165;1166;9;9;0.206799995030451;0.0006893333;0.0006;0.0007;1800;6;6;6;300;1147;0;0.003;1147;1166;0.0007
"Unity.RenderPipelines.Core.Runtime.dll!UnityEngine.Rendering::CoreUtils.IsSceneLightingDisabled()";0.0006;0.0004;0.0044;1379;1196;1241;13;13;0.20049999319599;0.0006683333;0.0006;0.0007;301;1;1;2;300;1147;0.0004;0.0044;1196;1241;0.0007
"Crest.dll!Crest::SimSettingsFoam.AddToSettingsHash()";0.0006;0.0005;0.0056;1389;1148;1165;7;7;0.212499994784594;0.0007083333;0.0006;0.0007;300;1;1;1;300;1147;0.0005;0.0056;1148;1165;0.0006
"Unity.InputSystem.dll!UnityEngine.InputSystem.LowLevel::InputEventBuffer..ctor()";0.0006;0.0004;0.0074;1390;1369;1258;5;5;0.38889999728417;0.001296333;0.0006;0.0024;300;1;1;1;300;1147;0.0004;0.0074;1369;1258;0.0031
"UnityEngine.CoreModule.dll!UnityEngine::Vector4.op_Subtraction()";0.0006;0.0005;0.0054;1395;1154;1229;15;15;0.200799993981491;0.0006693333;0.0006;0.0007;602;2;2;4;300;1147;0.0002;0.0051;1150;1229;0.0007
"Unity.RenderPipelines.Core.Runtime.dll!UnityEngine.Rendering::VolumeManager.get_stack()";0.0006;0.0004;0.0055;1396;1322;1404;11;18;0.200999995111488;0.00067;0.0006;0.0007;1505;5;5;10;300;1147;0;0.0049;1249;1404;0.0009
"UnityEngine.CoreModule.dll!UnityEngine::Debug.get_isDebugBuild()";0.0006;0.0005;0.001;1396;1164;1158;8;8;0.0612999982549809;0.0006591398;0.0006;0.0007;93;1;1;1;93;1153;0.0005;0.001;1164;1158;0.0007
"mscorlib.dll!System::Span`1.Slice()";0.0006;0.0005;0.0015;1401;1150;1446;8;8;0.195999993942678;0.0006533333;0.0006;0.0007;300;1;1;1;300;1147;0.0005;0.0015;1150;1446;0.0007
"mscorlib.dll!System::String.GetHashCode()";0.0006;0.0004;0.008299999;1402;1296;1446;8;19;0.213799993362045;0.0007126667;0.0006;0.0007;318;1;1;19;300;1147;0.0003;0.0054;1446;1381;0.0006
"UnityEngine.CoreModule.dll!UnityEngine::Cursor.get_lockState()";0.0006;0.0005;0.0051;1408;1149;1266;9;9;0.21269999533979;0.0007185811;0.0006;0.0008;829;2;2;5;296;1147;0;0.0049;1276;1266;0.0009999999
"PreUpdate.PhysicsUpdate";0.0006;0.0004;0.0053;1409;1165;1306;2;2;0.227300000056857;0.0007576667;0.0005;0.001;300;1;1;1;300;1147;0.0004;0.0053;1165;1306;0.0012
"PostLateUpdate.GUIClearEvents";0.0006;0.0003;0.0168;1414;1328;1275;2;2;0.340399997454369;0.001134667;0.0005;0.0017;300;1;1;1;300;1147;0.0003;0.0168;1328;1275;0.0026
"Unity.Burst.Unsafe.dll!Unity.Burst::Unsafe.AsRef()";0.0006;0.0004;0.0012;1418;1164;1446;10;10;0.190999995124002;0.0006366667;0.0006;0.0007;1800;6;6;6;300;1147;0;0.0004;1147;1446;0.0007
"UnityEngine.UI.dll!UnityEngine.EventSystems::BaseInputModule.get_eventSystem()";0.0006;0.0002;0.0011;1418;1443;1170;6;9;0.190999995131278;0.0006366667;0.0006;0.0007;1784;6;2;6;300;1147;0;0.0006;1147;1170;0.0007
"UnityEngine.CoreModule.dll!UnityEngine::SystemInfo.HasHiddenSurfaceRemovalOnGPU()";0.0006;0.0005;0.0056;1424;1160;1257;13;13;0.212099992728326;0.000707;0.0006;0.0007;301;1;1;2;300;1147;0.0005;0.0056;1160;1257;0.0007
"UnityEngine.CoreModule.dll!UnityEngine.Rendering::SortingSettings.set_criteria()";0.0006;0.0005;0.0044;1425;1160;1408;19;20;0.202999994893617;0.0006766667;0.0006;0.0007;1806;6;6;12;300;1147;0;0.0039;1150;1408;0.0007
"UnityEngine.CoreModule.dll!UnityEngine::Camera.GetFilterMode()";0.0006;0.0005;0.0055;1426;1153;1366;13;13;0.217199993086979;0.000724;0.0006;0.0007;301;1;1;2;300;1147;0.0005;0.0055;1153;1366;0.0006
"AddDirectionalLights";0.0006;0.0005;0.0015;1430;1152;1446;16;16;0.199899993895087;0.0006663333;0.0006;0.0007;301;1;1;2;300;1147;0.0005;0.0011;1152;1290;0.0006
"UnityEngine.CoreModule.dll!UnityEngine::RenderSettings.get_ambientProbe_Injected()";0.0006;0.0005;0.0059;1431;1234;1220;9;9;0.219799991988111;0.0007326666;0.0006;0.0007;301;1;1;2;300;1147;0.0005;0.0059;1234;1220;0.0006
"UnityEngine.CoreModule.dll!UnityEngine::Debug.AssertFormat()";0.0006;0.0004;0.0015;1435;1239;1446;12;12;0.195199995105213;0.0006506667;0.0006;0.0007;2100;7;7;7;300;1147;0;0.0005;1147;1446;0.0007
"UnityEngine.CoreModule.dll!UnityEngine::ReflectionProbe.set_cullingMask()";0.0006;0.0005;0.0014;1436;1271;1285;6;6;0.199399992357939;0.0006646666;0.0006;0.0007;300;1;1;1;300;1147;0.0005;0.0014;1271;1285;0.0007
"Unity.InputSystem.dll!UnityEngine.InputSystem.LowLevel::InputStateBlock.get_alignedSizeInBytes()";0.0006;0.0005;0.0014;1443;1165;1446;10;10;0.20859999214008;0.0006953333;0.0006;0.0008;693;2;2;3;300;1147;0.0002;0.0012;1154;1446;0.0009999999
"Crest.dll!Crest::ShiftingOrigin.get_HasTeleportedThisFrame()";0.0006;0.0004;0.0037;1444;1149;1237;8;8;0.199699995173432;0.0006656667;0.0006;0.0007;2100;7;7;7;300;1147;0;0.0032;1147;1237;0.0007
"mscorlib.dll!System.Collections::HashHelpers.GetPrime()";0.0006;0.0006;0.0006;1446;1446;1446;16;19;0.000599999977566767;0.0006;0.0006;0.0006;3;3;3;3;1;1446;0.0001;0.0003;1446;1446;0
"TextureStreamingManager.RemoveTexture";0.0006;0.0006;0.0006;1446;1446;1446;23;23;0.000599999984842725;0.0006;0.0006;0.0006;16;16;16;16;1;1446;0;0.0001;1446;1446;0
"PostLateUpdate.SortingGroupsUpdate";0.0005;0.0002;0.001;1154;1177;1265;2;2;0.142099999371567;0.0004736667;0.0004;0.0005;300;1;1;1;300;1147;0.0002;0.001;1177;1265;0.0005
"UMA_Core.dll!UMA::UMAGeneratorBuiltin.IsIdle()";0.0005;0.0004;0.0025;1154;1147;1277;6;6;0.142500000365544;0.000475;0.0004;0.0005;300;1;1;1;300;1147;0.0004;0.0025;1147;1277;0.0005
"Unity.RenderPipelines.Universal.Runtime.dll!::BeautifyRenderPass.OnCameraSetup()";0.0005;0.0004;0.0012;1158;1147;1446;14;14;0.138800001237541;0.0004626667;0.0004;0.0005;301;1;1;2;300;1147;0.0004;0.0008;1147;1366;0.0005
"UnityEngine.CoreModule.dll!UnityEngine::Quaternion.Internal_MakePositive()";0.0005;0.0003;0.0055;1160;1165;1272;7;7;0.144100000557955;0.0004803333;0.0004;0.0005;300;1;1;1;300;1147;0.0003;0.0055;1165;1272;0.0005
"UnityEngine.CoreModule.dll!UnityEngine::Time.get_smoothDeltaTime()";0.0005;0.0003;0.0033;1162;1244;1255;12;12;0.144400001474423;0.0004813334;0.0004;0.0005;301;1;1;2;300;1147;0.0003;0.0033;1244;1255;0.0006
"EarlyUpdate.XRUpdate";0.0005;0.0002;0.0012;1165;1147;1434;2;2;0.140199999324977;0.0004673333;0.0004;0.0005;300;1;1;1;300;1147;0.0002;0.0012;1147;1434;0.0005
"Unity.RenderPipelines.Universal.Runtime.dll!UnityEngine.Rendering.Universal::ChromaticAberration.IsActive()";0.0005;0.0003;0.0053;1173;1294;1419;21;21;0.142400001437636;0.0004746667;0.0004;0.0005;301;1;1;2;300;1147;0.0003;0.0053;1294;1419;0.0004
"CanvasUpdate.PostLayout";0.0005;0.0003;0.0039;1194;1170;1161;9;9;0.152300000510877;0.0005076667;0.0004;0.0005;300;1;1;1;300;1147;0.0003;0.0039;1170;1161;0.0005
"Unity.RenderPipelines.Universal.Runtime.dll!UnityEngine.Rendering.Universal::ShadowUtils.GetMaxTileResolutionInAtlas()";0.0005;0.0003;0.0011;1197;1353;1446;14;14;0.140100001881365;0.000467;0.0004;0.0005;301;1;1;2;300;1147;0.0003;0.0007;1353;1446;0.0005
"UnityEngine.CoreModule.dll!UnityEngine::Graphics.GetPreserveFramebufferAlpha()";0.0005;0.0003;0.0056;1204;1211;1183;11;11;0.151900001044851;0.0005063333;0.0004;0.0005;301;1;1;2;300;1147;0.0003;0.0056;1211;1183;0.0005
"Unity.RenderPipelines.Core.Runtime.dll!UnityEngine.Rendering::CoreUtils.ConvertLinearToActiveColorSpace()";0.0005;0.0004;0.0021;1205;1147;1446;8;8;0.141900002519833;0.000473;0.0004;0.0005;301;1;1;2;300;1147;0.0004;0.0017;1147;1446;0.0005
"UnityEngine.CoreModule.dll!UnityEngine::RenderSettings.get_reflectionIntensity()";0.0005;0.0004;0.0024;1233;1147;1200;8;8;0.145200002618367;0.000484;0.0004;0.0005;301;1;1;2;300;1147;0.0004;0.0024;1147;1200;0.0005
"UnityEngine.CoreModule.dll!UnityEngine.Rendering::GraphicsSettings.set_useScriptableRenderPipelineBatching()";0.0005;0.0003;0.0056;1241;1152;1382;6;6;0.15520000224933;0.0005173333;0.0004;0.0005;301;1;1;2;300;1147;0.0003;0.0056;1152;1382;0.0005
"Gfx.WaitForPresentOnGfxThread";0.0005;0.0002;0.001;1249;1197;1209;2;2;0.142799999463023;0.000476;0.0004;0.0005;300;1;1;1;300;1147;0.0002;0.001;1197;1209;0.0006
"Unity.RenderPipelines.Universal.Runtime.dll!UnityEngine.Rendering.Universal::ColorLookup.IsActive()";0.0005;0.0003;0.0009;1249;1357;1219;21;21;0.146100002340972;0.000487;0.0004;0.0005;301;1;1;2;300;1147;0.0003;0.0009;1357;1219;0.0005
"Unity.RenderPipelines.Core.Runtime.dll!UnityEngine.Rendering::VolumeManager.CheckUpdateRequired()";0.0005;0.0004;0.0039;1252;1147;1331;12;12;0.150700003170641;0.0005023333;0.0004;0.0005;301;1;1;2;300;1147;0.0004;0.0039;1147;1331;0.0005
"UnityEngine.CoreModule.dll!UnityEngine::Display.RequiresSrgbBlitToBackbufferImpl()";0.0005;0.0004;0.0055;1261;1147;1431;23;23;0.154800002841512;0.000516;0.0004;0.0005;301;1;1;2;300;1147;0.0004;0.0055;1147;1431;0.0004
"UnityEngine.CoreModule.dll!UnityEngine::Application.get_isBatchMode()";0.0005;0.0004;0.0052;1264;1150;1147;8;8;0.152400003513321;0.000508;0.0005;0.0005;300;1;1;1;300;1147;0.0004;0.0052;1150;1147;0.0005
"EarlyUpdate.UpdateTextureStreamingManager";0.0005;0.0003;0.0009;1267;1232;1399;2;2;0.149900001095375;0.0004996667;0.0004;0.0005;300;1;1;1;300;1147;0.0003;0.0009;1232;1399;0.0006
"mscorlib.dll!::ValueCollection.GetEnumerator()";0.0005;0.0004;0.0013;1275;1152;1446;5;5;0.153600001591258;0.000512;0.0004;0.0005;300;1;1;1;300;1147;0.0004;0.0013;1152;1446;0.0005
"UnityEngine.CoreModule.dll!UnityEngine::Time.get_unscaledTime()";0.0005;0.0004;0.0008;1275;1148;1249;7;7;0.145100001973333;0.0004902027;0.0004;0.0005;296;1;1;1;296;1147;0.0004;0.0008;1148;1249;0.0005
"UnityEngine.CoreModule.dll!UnityEngine.Rendering::AsyncGPUReadbackRequest.GetSafetyHandle_Injected()";0.0005;0.0004;0.0008;1283;1154;1211;6;6;0.152100000559585;0.000507;0.0004;0.0005;300;1;1;1;300;1147;0.0004;0.0008;1154;1211;0.0005
"UnityEngine.CoreModule.dll!UnityEngine::RenderSettings.get_fogMode()";0.0005;0.0004;0.0053;1286;1147;1211;16;16;0.156500002922257;0.0005216667;0.0005;0.0005;301;1;1;2;300;1147;0.0004;0.0053;1147;1211;0.0009
"UnityEngine.CoreModule.dll!UnityEngine::RenderSettings.get_fogEndDistance()";0.0005;0.0003;0.0009999999;1287;1171;1446;16;16;0.1508000009635;0.0005026667;0.0004;0.0005;301;1;1;2;300;1147;0.0003;0.0009;1171;1178;0.0006
"Profiler.FlushFileIOCounters";0.0005;0.0003;0.0054;1288;1156;1279;2;2;0.159200002584839;0.0005306667;0.0005;0.0005;300;1;1;1;300;1147;0.0003;0.0054;1156;1279;0.0005
"UnityEngine.InputLegacyModule.dll!UnityEngine::Input.GetMouseButton()";0.0005;0.0004;0.0051;1288;1158;1392;6;6;0.153500002255896;0.0005116667;0.0004;0.0005;300;1;1;1;300;1147;0.0004;0.0051;1158;1392;0.0006
"UnityEngine.CoreModule.dll!UnityEngine::Texture.GetDataHeight()";0.0005;0.0004;0.0035;1293;1151;1446;21;23;0.152400004400988;0.000508;0.0005;0.0005;309;1;1;10;300;1147;0.0002;0.0008;1446;1446;0.0006
"mscorlib.dll!System.Threading::Thread.GetExecutionContextReader()";0.0005;0.0004;0.0017;1302;1148;1446;5;5;0.15170000094804;0.0005056667;0.0004;0.0005;300;1;1;1;300;1147;0.0004;0.0017;1148;1446;0.0006
"UnityEngine.CoreModule.dll!UnityEngine::SystemInfo.SupportsStoreAndResolveAction()";0.0005;0.0003;0.0013;1303;1161;1446;12;12;0.153800000698538;0.0005126667;0.0005;0.0006;301;1;1;2;300;1147;0.0003;0.0009;1161;1254;0.0006
"UnityEngine.IMGUIModule.dll!UnityEngine::Event.Internal_SetNativeEvent()";0.0005;0.0004;0.0058;1306;1147;1260;4;4;0.168800001323689;0.0005626667;0.0005;0.0005;301;1;1;2;300;1147;0.0004;0.0058;1147;1260;0.0004
"mscorlib.dll!System::DateTime.DateToTicks()";0.0005;0.0004;0.0054;1316;1152;1380;9;9;0.159500003908761;0.0005316667;0.0005;0.0005;300;1;1;1;300;1147;0.0004;0.0054;1152;1380;0.0006
"Unity.RenderPipelines.Universal.Runtime.dll!UnityEngine.Rendering.Universal::ScriptableRenderer.BeginXRRendering()";0.0005;0.0004;0.0035;1322;1198;1310;12;12;0.164200003811857;0.0005473333;0.0005;0.0005;301;1;1;2;300;1147;0.0004;0.0035;1198;1310;0.0005
"EarlyUpdate.UnityWebRequestUpdate";0.0005;0.0003;0.0057;1323;1157;1150;2;2;0.168199998908676;0.0005606667;0.0004;0.0006;300;1;1;1;300;1147;0.0003;0.0057;1157;1150;0.0005
"Unity.RenderPipelines.Universal.Runtime.dll!UnityEngine.Rendering.Universal::ScriptableRenderer.EndXRRendering()";0.0005;0.0004;0.0034;1326;1150;1305;12;12;0.180400003417162;0.0006013333;0.0005;0.0005;301;1;1;2;300;1147;0.0004;0.0034;1150;1305;0.0005
"UnityEngine.CoreModule.dll!UnityEngine::EditorScreen.GetScreenOrientation()";0.0005;0.0004;0.0009;1326;1161;1207;8;8;0.157400001364294;0.0005246667;0.0005;0.0006;300;1;1;1;300;1147;0.0004;0.0009;1161;1207;0.0005
"PreUpdate.Physics2DUpdate";0.0005;0.0003;0.0053;1327;1262;1148;2;2;0.163300001819152;0.0005443334;0.0005;0.0006;300;1;1;1;300;1147;0.0003;0.0053;1262;1148;0.0004
"UnityEngine.CoreModule.dll!UnityEngine::RenderSettings.get_subtractiveShadowColor_Injected()";0.0005;0.0004;0.0056;1328;1152;1161;9;9;0.170500001957407;0.0005683333;0.0005;0.0006;301;1;1;2;300;1147;0.0004;0.0056;1152;1161;0.0005
"UnityEngine.CoreModule.dll!UnityEngine.Rendering::AsyncGPUReadbackRequest.GetDataRaw_Injected()";0.0005;0.0004;0.001;1329;1154;1446;6;6;0.15710000047693;0.0005236667;0.0005;0.0006;300;1;1;1;300;1147;0.0004;0.001;1154;1446;0.0005
"Unity.RenderPipelines.Core.Runtime.dll!UnityEngine.Rendering::ColorUtils.CIExyToLMS()";0.0005;0.0004;0.0011;1330;1159;1446;19;19;0.159000003128313;0.00053;0.0005;0.0005;301;1;1;2;300;1147;0.0004;0.001;1159;1379;0.0005
"SkinnedMeshOncePerFrameUpdate";0.0005;0.0003;0.0056;1340;1168;1196;4;4;0.170899998862296;0.0005696667;0.0004;0.0006;300;1;1;1;300;1147;0.0003;0.0056;1168;1196;0.0009
"Unity.RenderPipelines.Universal.Runtime.dll!UnityEngine.Rendering.Universal::MotionVectorsPersistentData.GetXRMultiPassId()";0.0005;0.0005;0.0031;1345;1147;1176;14;14;0.160800003446639;0.000536;0.0005;0.0005;301;1;1;2;300;1147;0.0005;0.0031;1147;1176;0.0005
"UnityEngine.CoreModule.dll!UnityEngine.Rendering::CullingResults.GetLightIndexMapSize()";0.0005;0.0004;0.0054;1345;1153;1383;20;20;0.175800001947209;0.000586;0.0005;0.0006;301;1;1;2;300;1147;0.0004;0.0054;1153;1383;0.0006
"UnityEngine.CoreModule.dll!UnityEngine.Rendering::GraphicsSettings.set_defaultRenderingLayerMask()";0.0005;0.0004;0.0054;1345;1150;1294;6;6;0.166400001849979;0.0005546667;0.0005;0.0006;301;1;1;2;300;1147;0.0004;0.0054;1150;1294;0.0005
"UnityEngine.CoreModule.dll!UnityEngine::RenderSettings.get_ambientSkyColor_Injected()";0.0005;0.0004;0.0039;1363;1194;1155;9;9;0.165300001390278;0.000551;0.0005;0.0006;301;1;1;2;300;1147;0.0004;0.0039;1194;1155;0.0006
"PostLateUpdate.VFXUpdate";0.0005;0.0003;0.0083;1382;1265;1287;2;2;0.174599999154452;0.000582;0.0005;0.0006;300;1;1;1;300;1147;0.0003;0.0083;1265;1287;0.0006
"suspendPointHook.Invoke";0.0005;0.0004;0.0361;1400;1159;1188;6;6;0.218599999148864;0.0007286667;0.0005;0.0006;300;1;1;1;300;1147;0.0004;0.0361;1159;1188;0.0005
"UnityEngine.CoreModule.dll!UnityEngine::RenderSettings.set_fogColor_Injected()";0.0005;0.0004;0.0053;1401;1264;1246;8;8;0.17510000045877;0.0005836667;0.0005;0.0006;300;1;1;1;300;1147;0.0004;0.0053;1264;1246;0.0005
"UnityEngine.CoreModule.dll!UnityEngine.Rendering::AsyncGPUReadbackRequest.GetLayerDataSize_Injected()";0.0005;0.0004;0.001;1413;1158;1434;7;7;0.165099999314407;0.0005503334;0.0005;0.0006;300;1;1;1;300;1147;0.0004;0.001;1158;1434;0.0006
"Unity.RenderPipelines.Universal.Runtime.dll!UnityEngine.Rendering.Universal::UniversalAdditionalCameraData.get_renderType()";0.0005;0.0002;0.0034;1176;1256;1409;8;12;0.153099996212404;0.0005103333;0.0004;0.0005;1204;4;4;8;300;1147;0;0.0029;1153;1311;0.0008
"mscorlib.dll!System.Collections.Generic::List`1.Sort()";0.0005;0.0002;0.0009;1178;1275;1180;10;12;0.142699995783914;0.0004756667;0.0004;0.0006;721;2;1;3;300;1147;0.0001;0.0005;1149;1180;0.0007
"UnityEngine.CoreModule.dll!UnityEngine::Mathf.RoundToInt()";0.0005;0.0003;0.0009999999;1200;1342;1446;7;13;0.143899996386608;0.0004796667;0.0004;0.0005;1200;4;4;4;300;1147;0;0.0005;1314;1446;0.0005
"UnityEditor.CoreModule.dll!UnityEditor::SceneView.get_currentDrawingSceneView()";0.0005;0.0003;0.0068;1209;1148;1351;13;14;0.151399996226246;0.0005046666;0.0004;0.0005;903;3;3;6;300;1147;0.0001;0.0066;1147;1351;0.0005
"mscorlib.dll!System::Double.IsPositiveInfinity()";0.0005;0.0003;0.004699999;1226;1163;1290;12;19;0.156099996267585;0.0005203333;0.0004;0.0005;1201;4;4;5;300;1147;0;0.0042;1155;1290;0.0005
"UnityEditor.CoreModule.dll!UnityEditor::PlayModeView.GetRenderingView()";0.0005;0.0003;0.0014;1239;1149;1268;13;14;0.143199996251496;0.0004773333;0.0004;0.0005;903;3;3;6;300;1147;0.0001;0.001;1147;1268;0.0006
"UnityEngine.CoreModule.dll!UnityEngine.Rendering::DrawingSettings.set_mainLightIndex()";0.0005;0.0004;0.002;1251;1147;1330;19;20;0.149399996225839;0.000498;0.0004;0.0005;1204;4;4;8;300;1147;0.0001;0.0016;1147;1330;0.0005
"UnityEngine.UI.dll!UnityEngine.EventSystems::RaycastResult.get_gameObject()";0.0005;0.0002;0.0007;1252;1160;1181;8;9;0.141199996432988;0.000477027;0.0004;0.0005;1480;5;5;5;296;1147;0;0.0002;1147;1147;0.0004
"UnityEngine.CoreModule.dll!UnityEngine.Rendering::SupportedRenderingFeatures.get_active()";0.0005;0.0002;0.002;1261;1151;1446;3;16;0.151199995591014;0.000504;0.0004;0.0005;903;3;3;6;300;1147;0;0.0006;1149;1152;0.0004
"Inl_DrawObjectsPass";0.0005;0.0003;0.0011;1263;1235;1446;17;17;0.146799994472531;0.0004893333;0.0005;0.0005;602;2;2;4;300;1147;0.0001;0.0006;1160;1253;0.0005
"Unity.InputSystem.dll!UnityEngine.InputSystem.LowLevel::InputStateBuffers.GetDoubleBuffersFor()";0.0005;0.0002;0.0009;1266;1151;1290;6;8;0.146499995818886;0.0004883333;0.0004;0.0005;900;3;3;3;300;1147;0;0.0007;1151;1290;0.0005
"mscorlib.dll!System::RuntimeType.op_Equality()";0.0005;0.0003;0.003300001;1269;1173;1446;13;26;0.151099996357516;0.0005036666;0.0004;0.0005;1521;5;5;26;300;1147;0;0.0023;1147;1200;0.0004
"Unity.InputSystem.dll!UnityEngine.InputSystem::InputDevice.QueryEnabledStateFromRuntime()";0.0005;0.0002;0.0009;1275;1180;1220;8;8;0.0470999983517686;0.0005064516;0.0004;0.0006;347;4;1;7;93;1153;0;0.0006;1153;1220;0.0004
"Unity.RenderPipelines.Universal.Runtime.dll!UnityEngine.Rendering.Universal::ScriptableRenderPass.ConfigureInput()";0.0005;0.0003;0.0015;1280;1222;1446;16;18;0.149099995840515;0.000497;0.0005;0.0005;903;3;3;6;300;1147;0;0.0007;1149;1446;0.0005
"Unity.InputSystem.dll!UnityEngine.InputSystem.LowLevel::InputEventPtr.get_data()";0.0005;0.0001;0.0011;1281;1158;1214;10;10;0.0499999987368938;0.0005376344;0.0003;0.0007;601;7;1;13;93;1153;0;0.0002;1153;1153;0.0003
"Assembly-CSharp.dll!UnityEngine.Rendering.LWRP::EnviroDistanceBlurPass.get_source()";0.0005;0.0002;0.0032;1283;1247;1282;17;18;0.154399996055872;0.0005146667;0.0004;0.0005;1204;4;4;8;300;1147;0;0.0028;1151;1282;0.0006
"Unity.RenderPipelines.Universal.Runtime.dll!UnityEngine.Rendering.Universal::ScriptableRenderPass.set_renderPassEvent()";0.0005;0.0004;0.0037;1288;1147;1353;12;16;0.157299996208167;0.0005243333;0.0004;0.0005;1204;4;4;8;300;1147;0.0001;0.0034;1147;1353;0.0006
"mscorlib.dll!System::Nullable`1..ctor()";0.0005;0.0003;0.0009999999;1291;1247;1446;7;20;0.150599996188248;0.000502;0.0004;0.0006;1203;4;4;7;300;1147;0;0.0003;1170;1446;0.0006
"Unity.RenderPipelines.Universal.Runtime.dll!UnityEngine.Rendering.Universal.Internal::CopyColorPass.get_destination()";0.0005;0.0003;0.0055;1292;1154;1257;15;18;0.171099996310659;0.0005703333;0.0004;0.0006;1204;4;4;8;300;1147;0;0.0052;1147;1257;0.0005
"mscorlib.dll!System::RuntimeTypeHandle.GetCorElementType()";0.0005;0.0003;0.0029;1307;1197;1256;13;27;0.155099995572527;0.000517;0.0004;0.0006;910;3;3;13;300;1147;0;0.0026;1229;1256;0.0006
"QueuePrepareIntegrateMainThreadObjects";0.0005;0.0003;0.2297;1317;1202;1446;15;16;0.386299993449938;0.001287667;0.0005;0.0006;602;2;2;4;300;1147;0.0001;0.2288;1155;1446;0.0005
"UnityEngine.CoreModule.dll!UnityEngine::Display.get_activeEditorGameViewTarget()";0.0005;0.0002;0.004999999;1318;1340;1371;5;11;0.15749999563559;0.000525;0.0004;0.0006;1192;4;2;4;300;1147;0;0.0047;1148;1371;0.0004
"UnityEngine.CoreModule.dll!UnityEngine.Assertions::Assert.IsTrue()";0.0005;0.0003;0.0023;1331;1166;1396;16;16;0.157999996139552;0.0005266666;0.0005;0.0006;1204;4;4;8;300;1147;0;0.002;1166;1396;0.0006
"UnityEngine.UI.dll!UnityEngine.EventSystems::PointerEventData.get_position()";0.0005;0.0002;0.0039;1348;1266;1235;9;11;0.157299996120855;0.0005314189;0.0005;0.0006;1480;5;5;5;296;1147;0;0.0035;1148;1235;0.0005
"Unity.RenderPipelines.Universal.Runtime.dll!UnityEngine.Rendering.Universal::ScriptableRenderPass.set_renderTargetHeight()";0.0005;0.0004;0.0018;1361;1180;1446;14;19;0.160399995926127;0.0005346666;0.0005;0.0006;1505;5;5;10;300;1147;0;0.0006;1156;1446;0.0006
"UnityEngine.CoreModule.dll!UnityEngine::Vector3.get_sqrMagnitude()";0.0005;0.0003;0.0055;1372;1207;1351;7;14;0.170299995690584;0.0005676667;0.0005;0.0006;1201;4;4;5;300;1147;0;0.005;1148;1148;0.0007
"Unity.RenderPipelines.Universal.Runtime.dll!UnityEngine.Rendering.Universal::UniversalAdditionalLightData.get_additionalLightsShadowResolutionTier()";0.0005;0.0002;0.0038;1376;1342;1436;14;14;0.176499996196071;0.0005883333;0.0005;0.0006;1806;6;6;12;300;1147;0;0.0034;1147;1436;0.0006
"Unity.RenderPipelines.Universal.Runtime.dll!UnityEngine.Rendering.Universal.Internal::RenderTargetBufferSystem.get_frontBuffer()";0.0005;0.0003;0.0031;1382;1159;1340;19;21;0.164199995277158;0.0005473333;0.0005;0.0006;1204;4;4;8;300;1147;0;0.0027;1159;1340;0.0007
"UnityEngine.IMGUIModule.dll!UnityEngine::GUI.get_scrollViewStates()";0.0005;0.0001;0.0009;1388;1235;1446;5;5;0.157399996016466;0.0005246666;0.0005;0.0006;1800;6;6;6;300;1147;0;0.0003;1147;1446;0.0005
"UnityEngine.CoreModule.dll!UnityEngine.Experimental.Rendering::GraphicsFormatUtility.GetRenderTextureFormat()";0.0005;0.0004;0.0013;1403;1163;1446;13;13;0.166999999521067;0.0005566666;0.0005;0.0006;602;2;2;4;300;1147;0;0.0008;1163;1217;0.0005
"UnityEngine.UI.dll!UnityEngine.UI::GraphicRegistry.get_instance()";0.0005;0.0002;0.003;1410;1230;1287;12;12;0.16399999569694;0.000554054;0.0005;0.0006;1480;5;5;5;296;1147;0;0.0026;1147;1275;0.0006
"Assembly-CSharp.dll!::GUIConsole.OnGUI()";0.0005;0.0003;0.0056;1430;1257;1302;3;3;0.171599998466263;0.000572;0.0005;0.0006;600;2;2;2;300;1147;0;0.0055;1160;1302;0.0005
"UnityEngine.CoreModule.dll!UnityEngine.Rendering::RenderPipelineManager.HandleRenderPipelineChange()";0.0005;0.0002;0.0056;1442;1249;1229;2;4;0.176099994401739;0.000587;0.0005;0.0007;902;3;3;5;300;1147;0;0.0052;1148;1229;0.0006
"mscorlib.dll!System::RuntimeType.FilterHelper()";0.0005;0.0005;0.0005;1446;1446;1446;21;21;0.000499999987368938;0.0005;0.0005;0.0005;3;3;3;3;1;1446;0.0001;0.0002;1446;1446;0
"UnityEngine.CoreModule.dll!UnityEngine::Mesh.CheckIndicesArrayRange()";0.0005;0.0005;0.0005;1446;1446;1446;22;24;0.00049999998009298;0.0005;0.0005;0.0005;2;2;2;2;1;1446;0.0002;0.0003;1446;1446;0
"Assembly-CSharp.dll!::EnviroCore.Remap()";0.0004;0.0002;0.0008;1161;1287;1446;7;7;0.109799997211667;0.000366;0.0003;0.0004;900;3;3;3;300;1147;0;0.0006;1212;1446;0.0003
"Digger.Core.dll!Digger.Modules.Core.Sources.TerrainInterface::TerrainCutter.Update()";0.0004;0.0002;0.0007;1177;1147;1242;4;4;0.106999997267849;0.0003566667;0.0003;0.0004;600;2;2;2;300;1147;0.0001;0.0005;1147;1242;0.0005
"Unity.InputSystem.dll!UnityEngine.InputSystem::InputDevice.get_hasEventMerger()";0.0004;0.0001;0.0008;1179;1158;1268;7;7;0.0336999991486664;0.0003623656;0.0002;0.0005;347;4;1;7;93;1153;0;0.0002;1154;1153;0.0003
"EarlyUpdate.GpuTimestamp";0.0004;0.0002;0.0013;1180;1190;1356;2;2;0.114299997076159;0.000381;0.0003;0.0004;300;1;1;1;300;1147;0.0002;0.0013;1190;1356;0.0004
"SoundManager.Update";0.0004;0.0001;0.0053;1183;1429;1343;3;3;0.121299998449103;0.0004043333;0.0003;0.0004;300;1;1;1;300;1147;0.0001;0.0053;1429;1343;0.0003
"Unity.RenderPipelines.Universal.Runtime.dll!UnityEngine.Rendering.Universal.Internal::AdditionalLightsShadowCasterPass.InsertionSort()";0.0004;0.0002;0.005;1183;1147;1310;14;14;0.111499997394276;0.0003716667;0.0002;0.0004;301;1;1;2;300;1147;0.0002;0.005;1147;1310;0.0004
"Unity.InputSystem.dll!::FingerAndTouchState.UpdateActiveTouches()";0.0004;0.0002;0.0056;1191;1163;1438;7;7;0.125099996410427;0.000417;0.0003;0.0004;300;1;1;1;300;1147;0.0002;0.0056;1163;1438;0.0004
"Unity.InputSystem.dll!UnityEngine.InputSystem::InputSettings.get_disableRedundantEventsMerging()";0.0004;0.0001;0.0009;1201;1237;1287;7;7;0.036999999123509;0.0003978494;0.0003;0.0005;347;4;1;7;93;1153;0;0.0005;1154;1162;0.0003
"UnityEngine.CoreModule.dll!UnityEngine::Mathf.Round()";0.0004;0.0002;0.0006;1207;1150;1359;5;7;0.110699997203483;0.000369;0.0003;0.0004;900;3;3;3;300;1147;0;0.0002;1150;1148;0.0004
"mscorlib.dll!System::Span`1..ctor()";0.0004;0.0002;0.0031;1213;1164;1302;7;9;0.114299996726913;0.000381;0.0003;0.0004;600;2;2;2;300;1147;0.0001;0.003;1147;1302;0.0005
"FrameEvents.XREndFrame";0.0004;0.0002;0.0053;1214;1195;1238;3;3;0.123899997153785;0.000413;0.0003;0.0004;301;1;1;2;300;1147;0.0002;0.0053;1195;1238;0.0004
"UnityEngine.UI.dll!UnityEngine.UI::SetPropertyUtility.SetColor()";0.0004;0.0002;0.0053;1215;1163;1321;6;6;0.119299997924827;0.0003976666;0.0003;0.0004;300;1;1;1;300;1147;0.0002;0.0053;1163;1321;0.0005
"UnityEngine.CoreModule.dll!UnityEngine::RenderTextureDescriptor.set_enableRandomWrite()";0.0004;0.0003;0.0019;1222;1147;1435;11;11;0.111599996569566;0.000372;0.0003;0.0004;301;1;1;2;300;1147;0.0003;0.0019;1147;1435;0.0004
"Assembly-CSharp.dll!::<>c__DisplayClass11_0..ctor()";0.0004;0.0002;0.0029;1233;1148;1289;5;5;0.116499997355277;0.0003883333;0.0003;0.0004;600;2;2;2;300;1147;0.0001;0.0027;1148;1289;0.0004
"Assembly-CSharp-firstpass.dll!PixelCrushers::UIPanel.get_panelState()";0.0004;0.0002;0.0011;1241;1148;1446;8;8;0.114899996951863;0.000383;0.0003;0.0004;900;3;3;3;300;1147;0;0.0009;1148;1446;0.0004
"Mirror.dll!Mirror::NetworkClient.get_active()";0.0004;0.0002;0.0053;1242;1179;1314;5;5;0.133999997895444;0.0004466667;0.0003;0.0004;300;1;1;1;300;1147;0.0002;0.0053;1179;1314;0.0005
"mscorlib.dll!System::Math.Acos()";0.0004;0.0003;0.0008;1244;1148;1371;9;9;0.115199997584568;0.000384;0.0003;0.0004;300;1;1;1;300;1147;0.0003;0.0008;1148;1371;0.0004
"UnityEngine.CoreModule.dll!UnityEngine::Rect.set_x()";0.0004;0.0002;0.0013;1244;1187;1446;7;7;0.114299997090711;0.000381;0.0003;0.0004;900;3;3;3;300;1147;0;0.0006;1164;1446;0.0004
"PreLateUpdate.LegacyAnimationUpdate";0.0004;0.0002;0.001;1247;1234;1190;2;2;0.118499997653998;0.000395;0.0003;0.0004;300;1;1;1;300;1147;0.0002;0.001;1234;1190;0.0005
"UnityEngine.CoreModule.dll!UnityEngine::Bounds.set_extents()";0.0004;0.0002;0.0006;1247;1169;1203;7;7;0.114199996984098;0.0003806667;0.0003;0.0004;900;3;3;3;300;1147;0;0.0003;1148;1152;0.0004
"UnityEngine.InputLegacyModule.dll!UnityEngine::Input.get_mouseScrollDelta_Injected()";0.0004;0.0003;0.0005;1250;1147;1167;11;11;0.113599997537676;0.0003837838;0.0003;0.0004;296;1;1;1;296;1147;0.0003;0.0005;1147;1167;0.0005
"mscorlib.dll!System.Reflection::MonoMethodInfo.get_method_attributes()";0.0004;0.0002;0.0054;1256;1314;1300;11;11;0.124899997535977;0.0004163333;0.0003;0.0004;300;1;1;1;300;1147;0.0002;0.0054;1314;1300;0.0004
"GlobalEventQueue";0.0004;0.0002;0.0009;1261;1222;1171;3;3;0.120299997608527;0.000401;0.0003;0.0004;300;1;1;1;300;1147;0.0002;0.0009;1222;1171;0.0007
"PostLateUpdate.PhysicsSkinnedClothFinishUpdate";0.0004;0.0003;0.001;1261;1151;1225;2;2;0.117799997795373;0.0003926667;0.0003;0.0004;300;1;1;1;300;1147;0.0003;0.001;1151;1225;0.0005
"Unity.InputSystem.dll!UnityEngine.InputSystem.EnhancedTouch::EnhancedTouchSupport.CheckEnabled()";0.0004;0.0003;0.0007;1261;1153;1147;7;7;0.115699996938929;0.0003856666;0.0004;0.0004;300;1;1;1;300;1147;0.0003;0.0007;1153;1147;0.0004
"UnityEngine.CoreModule.dll!Unity.Collections.LowLevel.Unsafe::NativeArrayUnsafeUtility.GetUnsafeBufferPointerWithoutChecks()";0.0004;0.0001;0.0026;1261;1158;1271;8;11;0.0389999991239165;0.0004193548;0.0003;0.0005;347;4;1;7;93;1153;0;0.0023;1181;1271;0.0004
"UnityEngine.CoreModule.dll!UnityEngine::Vector3.get_zero()";0.0004;0.0003;0.0007;1264;1147;1270;5;11;0.118599997003912;0.0003953333;0.0003;0.0005;896;3;2;3;300;1147;0.0001;0.0005;1147;1270;0.0004
"Crest.dll!Crest::UnderwaterRenderer.get_Instance()";0.0004;0.0002;0.0054;1267;1170;1349;7;8;0.130499995597347;0.000435;0.0003;0.0004;600;2;2;2;300;1147;0;0.0053;1150;1349;0.0003
"Inl_RenderPipeline.EndCameraRendering";0.0004;0.0003;0.0011;1267;1150;1446;10;10;0.117299997800728;0.000391;0.0003;0.0004;301;1;1;2;300;1147;0.0003;0.0008;1150;1188;0.0004
"PostLateUpdate.InputEndFrame";0.0004;0.0002;0.0008;1269;1160;1164;2;2;0.118199998119962;0.000394;0.0003;0.0004;300;1;1;1;300;1147;0.0002;0.0008;1160;1164;0.0005
"UnityEngine.UI.dll!UnityEngine.UI::Button.get_onClick()";0.0004;0.0002;0.005;1270;1405;1189;5;10;0.124699996733398;0.0004156667;0.0004;0.0004;600;2;2;2;300;1147;0.0001;0.0048;1147;1189;0.0004
"Unity.InputSystem.dll!UnityEngine.InputSystem.Utilities::FourCC.op_Equality()";0.0004;0.0001;0.0008;1272;1180;1268;7;7;0.038099999037513;0.0004096774;0.0003;0.0005;347;4;1;7;93;1153;0;0.0002;1155;1154;0.0003
"UnityEngine.CoreModule.dll!UnityEngine::Rect.set_y()";0.0004;0.0002;0.0043;1272;1180;1424;7;7;0.122099997162877;0.000407;0.0004;0.0004;900;3;3;3;300;1147;0;0.004;1154;1424;0.0004
"Unity.RenderPipelines.Universal.Runtime.dll!UnityEngine.Rendering.Universal.Internal::DepthNormalOnlyPass.get_depthHandle()";0.0004;0.0002;0.0069;1274;1151;1395;15;16;0.129999997006962;0.0004333333;0.0003;0.0005;903;3;3;6;300;1147;0;0.0066;1149;1395;0.0004
"SceneNodesInitJob";0.0004;0.0003;0.0006;1277;1185;1352;16;16;0.00679999991552904;0.0004;0.0003;0.0005;17;1;1;1;17;1185;0.0003;0.0006;1185;1352;0
"UnityEngine.CoreModule.dll!UnityEngine.Rendering::RenderPipelineManager.get_currentPipeline()";0.0004;0.0001;0.0014;1277;1151;1446;3;5;0.120799996933783;0.0004026667;0.0003;0.0005;1204;4;4;8;300;1147;0;0.0004;1148;1446;0.0004
"Inl_UniversalRenderPipeline.InitializeRenderingData";0.0004;0.0002;0.001;1279;1171;1446;13;13;0.1170999979513;0.0003903333;0.0003;0.0004;301;1;1;2;300;1147;0.0002;0.0006;1171;1284;0.0005
"Unity.RenderPipelines.Universal.Runtime.dll!UnityEngine.Rendering.Universal::UniversalRenderPipelineAsset.get_additionalLightsRenderingMode()";0.0004;0.0001;0.0062;1281;1188;1322;12;14;0.125199996684387;0.0004173333;0.0003;0.0004;1204;4;4;8;300;1147;0;0.0059;1148;1322;0.0005
"FixedUpdate.LegacyFixedAnimationUpdate";0.0004;0.0002;0.0037;1284;1147;1446;2;2;0.138499995802704;0.0004616666;0.0003;0.0005;449;1;1;16;300;1147;0;0.0027;1168;1203;0.0003
"Crest.dll!Crest::WaterBody.get_WaterBodies()";0.0004;0.0002;0.0014;1297;1155;1446;6;7;0.120399996900233;0.0004013333;0.0003;0.0005;900;3;3;3;300;1147;0;0.0006;1151;1184;0.0002
"UnityEngine.CoreModule.dll!UnityEngine::Vector2.op_Multiply()";0.0004;0.0003;0.0036;1298;1165;1220;21;21;0.134999998204876;0.00045;0.0004;0.0004;301;1;1;2;300;1147;0.0003;0.0036;1165;1220;0.0004
"Unity.InputSystem.dll!::UpdateStepCount.get_value()";0.0004;0.0002;0.0043;1301;1150;1381;6;8;0.126399997097906;0.0004213333;0.0004;0.0005;1200;4;4;4;300;1147;0;0.004;1150;1381;0.0004
"EarlyUpdate.ClearIntermediateRenderers";0.0004;0.0002;0.0009;1306;1152;1370;2;2;0.124799998739036;0.000416;0.0004;0.0005;300;1;1;1;300;1147;0.0002;0.0009;1152;1370;0.0005
"mscorlib.dll!System::Single.IsNaN()";0.0004;0.0003;0.0053;1307;1166;1355;16;16;0.12759999834816;0.0004253333;0.0004;0.0004;301;1;1;2;300;1147;0.0003;0.0053;1166;1355;0.0005
"UnityEngine.CoreModule.dll!UnityEngine::Vector3.Cross()";0.0004;0.0003;0.0043;1308;1147;1212;8;8;0.163099997735117;0.0005436667;0.0004;0.0004;300;1;1;1;300;1147;0.0003;0.0043;1147;1212;0.0005
"UnityEngine.CoreModule.dll!UnityEngine::RenderSettings.get_fogStartDistance()";0.0004;0.0003;0.005;1310;1158;1238;16;16;0.129799997725058;0.0004326667;0.0004;0.0004;301;1;1;2;300;1147;0.0003;0.005;1158;1238;0.0004
"UnityEngine.CoreModule.dll!UnityEngine::Mathf.SmoothStep()";0.0004;0.0003;0.0007;1311;1157;1338;6;6;0.123299998464063;0.000411;0.0004;0.0004;300;1;1;1;300;1147;0.0003;0.0007;1157;1338;0.0004
"UnityEngine.CoreModule.dll!UnityEngine::Vector4.op_Division()";0.0004;0.0003;0.0006;1315;1156;1276;7;7;0.123199998022756;0.0004106667;0.0004;0.0004;300;1;1;1;300;1147;0.0003;0.0006;1156;1276;0.0005
"UnityEngine.CoreModule.dll!UnityEngine::Time.get_unscaledDeltaTime()";0.0004;0.0003;0.0009;1319;1147;1326;6;6;0.125399998243665;0.000418;0.0004;0.0004;300;1;1;1;300;1147;0.0003;0.0009;1147;1326;0.0004
"Assembly-CSharp.dll!::EnviroCore.GetMieGScene()";0.0004;0.0003;0.0049;1330;1181;1276;6;6;0.137999998347368;0.00046;0.0004;0.0004;300;1;1;1;300;1147;0.0003;0.0049;1181;1276;0.0005
"Unity.RenderPipelines.Universal.Runtime.dll!UnityEngine.Rendering.Universal.Internal::DepthNormalOnlyPass.set_normalHandle()";0.0004;0.0003;0.0009;1333;1148;1446;13;16;0.127399996184977;0.0004246667;0.0004;0.0004;602;2;2;4;300;1147;0.0001;0.0003;1148;1153;0.0005
"UnityEngine.CoreModule.dll!UnityEngine.Rendering::ShadowSplitData.get_cullingSphere()";0.0004;0.0002;0.0014;1335;1177;1446;15;15;0.125799996749265;0.0004193333;0.0004;0.0005;1204;4;4;8;300;1147;0;0.0004;1152;1249;0.0005
"UnityEngine.CoreModule.dll!UnityEngine::QualitySettings.get_antiAliasing()";0.0004;0.0003;0.0055;1336;1170;1319;7;7;0.133399998536333;0.0004446667;0.0004;0.0004;300;1;1;1;300;1147;0.0003;0.0055;1170;1319;0.0004
"Assembly-CSharp.dll!::<>c__DisplayClass9_0..ctor()";0.0004;0.0003;0.0007;1337;1165;1274;5;5;0.125599996819801;0.0004186667;0.0004;0.0005;900;3;3;3;300;1147;0.0001;0.0003;1147;1274;0.0005
"Unity.RenderPipelines.Universal.Runtime.dll!UnityEngine.Rendering.Universal.Internal::ForwardLights.ProcessLights()";0.0004;0.0002;0.0012;1337;1149;1446;12;12;0.129499999180553;0.0004316667;0.0004;0.0005;301;1;1;2;300;1147;0.0002;0.0008;1149;1228;0.0004
"UnityEngine.CoreModule.dll!UnityEngine::NoAllocHelpers.ExtractArrayFromList()";0.0004;0.0003;0.0053;1338;1158;1210;14;26;0.135499998868909;0.0004516667;0.0004;0.0005;304;1;1;5;300;1147;0.0002;0.0053;1446;1210;0.0004
"UnityEngine.CoreModule.dll!UnityEngine.Rendering::AsyncGPUReadbackRequest.GetLayerCount_Injected()";0.0004;0.0003;0.0008;1345;1158;1209;7;7;0.127799999027047;0.000426;0.0004;0.0005;300;1;1;1;300;1147;0.0003;0.0008;1158;1209;0.0004
"Mirror.dll!Mirror::NetworkTime.get_rtt()";0.0004;0.0003;0.0053;1346;1163;1170;5;5;0.134299995392212;0.0004476667;0.0004;0.0005;600;2;2;2;300;1147;0;0.0052;1162;1170;0.0005
"JobAlloc.Grow";0.0004;0.0002;0.0012;1352;1168;1320;2;19;0.0412999994878192;0.0004538462;0.0004;0.0005;95;1;1;2;91;1147;0.0002;0.0011;1168;1446;0
"UnityEngine.CoreModule.dll!UnityEngine.Experimental.Rendering::GraphicsFormatUtility.GetSRGBFormat()";0.0004;0.0003;0.0055;1353;1155;1417;12;12;0.135199998854659;0.0004506667;0.0004;0.0005;301;1;1;2;300;1147;0.0003;0.0055;1155;1417;0.0004
"Unity.RenderPipelines.Core.Runtime.dll!UnityEngine.Rendering::DebugManager.GetAction()";0.0004;0.0003;0.0056;1363;1154;1374;5;5;0.139799999713432;0.000466;0.0004;0.0005;300;1;1;1;300;1147;0.0003;0.0056;1154;1374;0.0005
"Crest.dll!Crest::OceanRenderer.get_FlowProvider()";0.0004;0.0002;0.0008;1364;1184;1446;6;7;0.129699996716226;0.0004323333;0.0004;0.0005;1200;4;4;4;300;1147;0;0.0004;1147;1446;0.0004
"UnityEngine.CoreModule.dll!UnityEngine::RenderTextureDescriptor.set_memoryless()";0.0004;0.0003;0.002;1365;1152;1446;17;20;0.133299996654387;0.0004443333;0.0004;0.0005;1204;4;4;8;300;1147;0;0.0005;1152;1446;0.0006
"UnityEngine.CoreModule.dll!UnityEngine::RenderTextureDescriptor.set_volumeDepth()";0.0004;0.0003;0.0033;1386;1162;1400;17;20;0.136099996649136;0.0004536667;0.0004;0.0005;1204;4;4;8;300;1147;0;0.003;1152;1400;0.0005
"Inl_UniversalRenderTotal";0.0004;0.0003;0.0018;1388;1150;1446;7;7;0.132600000622915;0.000442;0.0004;0.0005;301;1;1;2;300;1147;0.0003;0.0013;1150;1446;0.0004
"Unity.InputSystem.dll!UnityEngine.InputSystem::InputManager.ProcessStateChangeMonitors()";0.0004;0.0002;0.0034;1392;1409;1359;11;11;0.135699995604227;0.0004523333;0.0004;0.0005;693;2;2;3;300;1147;0;0.0031;1204;1359;0.0006
"UnityEngine.CoreModule.dll!UnityEngine.Experimental.Rendering::ScriptableRuntimeReflectionSystemWrapper.get_implementation()";0.0004;0.0002;0.0011;1395;1162;1164;3;3;0.130499996317667;0.000435;0.0004;0.0005;600;2;2;2;300;1147;0;0.0009;1157;1164;0.0004
"Carving.ApplyResults";0.0004;0.0002;0.0051;1396;1181;1190;4;4;0.141899998227018;0.000473;0.0004;0.0005;300;1;1;1;300;1147;0.0002;0.0051;1181;1190;0.0006
"Unity.RenderPipelines.Universal.Runtime.dll!UnityEngine.Rendering.Universal::PaniniProjection.IsActive()";0.0004;0.0003;0.0015;1399;1196;1446;19;19;0.13549999994575;0.0004516667;0.0004;0.0005;301;1;1;2;300;1147;0.0003;0.001;1196;1446;0.0005
"Assembly-CSharp.dll!UnityEngine.Rendering.LWRP::EnviroDistanceBlurPass.get_thresholdGamma()";0.0004;0.0004;0.0049;1403;1148;1392;18;18;0.13900000139256;0.0004633333;0.0004;0.0005;301;1;1;2;300;1147;0.0004;0.0049;1148;1392;0.0005
"UnityEngine.CoreModule.dll!UnityEngine::RenderSettings.get_ambientGroundColor_Injected()";0.0004;0.0003;0.0113;1404;1169;1278;9;9;0.150400001002708;0.0005013333;0.0004;0.0005;301;1;1;2;300;1147;0.0003;0.0113;1169;1278;0.0005
"Profiler.CollectGIStats";0.0004;0.0003;0.0055;1406;1174;1216;3;3;0.150300000241259;0.000501;0.0004;0.0005;300;1;1;1;300;1147;0.0003;0.0055;1174;1216;0.0004
"Unity.RenderPipelines.Universal.Runtime.dll!::BlockRange.GetEnumerator()";0.0004;0.0003;0.0032;1407;1239;1303;14;14;0.142199996495037;0.000474;0.0004;0.0005;1204;4;4;8;300;1147;0;0.0028;1239;1303;0.0005
"PostLateUpdate.ShaderHandleErrors";0.0004;0.0002;0.0053;1411;1168;1281;2;2;0.140699998330092;0.000469;0.0004;0.0005;300;1;1;1;300;1147;0.0002;0.0053;1168;1281;0.0004
"Unity.InputSystem.dll!UnityEngine.InputSystem::InputManager.SortStateChangeMonitorsIfNecessary()";0.0004;0.0002;0.0012;1413;1242;1148;11;11;0.134499995983788;0.0004483333;0.0004;0.0005;693;2;2;3;300;1147;0;0.0011;1154;1148;0.0007
"Unity.RenderPipelines.Universal.Runtime.dll!UnityEngine.Rendering.Universal::UniversalRenderPipeline.SortCameras()";0.0004;0.0003;0.0039;1414;1171;1329;6;6;0.144500000227708;0.0004816667;0.0004;0.0005;301;1;1;2;300;1147;0.0003;0.0039;1171;1329;0.0004
"UnityEngine.WindModule.dll!UnityEngine::WindZone.get_windTurbulence()";0.0004;0.0003;0.0008;1418;1210;1388;8;8;0.133500001160428;0.000445;0.0004;0.0005;300;1;1;1;300;1147;0.0003;0.0008;1210;1388;0.0004
"UnityEngine.UI.dll!UnityEngine.EventSystems::PointerEventData.get_delta()";0.0004;0.0001;0.0009;1420;1396;1417;10;10;0.128899996736436;0.000435473;0.0004;0.0005;1480;5;5;5;296;1147;0;0.0003;1147;1417;0.0004
"CanvasUpdate.Layout";0.0004;0.0004;0.0009;1423;1147;1152;9;9;0.140399999741931;0.000468;0.0004;0.0005;300;1;1;1;300;1147;0.0004;0.0009;1147;1152;0.0004
"PreUpdate.UpdateVideo";0.0004;0.0002;0.001;1423;1159;1345;2;2;0.138499998312909;0.0004616667;0.0004;0.0005;300;1;1;1;300;1147;0.0002;0.001;1159;1345;0.0007
"UnityEngine.CoreModule.dll!UnityEngine.Rendering::ShadowDrawingSettings.get_cullingResults()";0.0004;0.0002;0.0068;1425;1164;1151;21;21;0.166599996497098;0.0005553333;0.0004;0.0005;1204;4;4;8;300;1147;0;0.0064;1147;1151;0.0005
"CanvasUpdate.LatePreRender";0.0004;0.0004;0.0019;1428;1147;1446;9;9;0.139500000601402;0.000465;0.0004;0.0005;300;1;1;1;300;1147;0.0004;0.0019;1147;1446;0.0005
"AwesomeTechnologies.VegetationStudioPro.Runtime.dll!AwesomeTechnologies.VegetationSystem::PredictiveCellLoader.GetCellsToLoad()";0.0004;0.0004;0.0052;1434;1148;1298;6;6;0.143500000936911;0.0004783333;0.0004;0.0005;300;1;1;1;300;1147;0.0004;0.0052;1148;1298;0.0004
"Initialization.UpdateCameraMotionVectors";0.0004;0.0003;0.0054;1435;1147;1404;2;2;0.147999999986496;0.0004933333;0.0004;0.0005;300;1;1;1;300;1147;0.0003;0.0054;1147;1404;0.0003
"Unity.InputSystem.dll!UnityEngine.InputSystem.LowLevel::InputState.get_currentUpdateType()";0.0004;0.0002;0.0013;1442;1235;1446;8;9;0.15999999595806;0.0005333333;0.0004;0.0007;1640;4;4;12;300;1147;0;0.0004;1150;1385;0.0008
"mscorlib.dll!::ListBuilder`1..ctor()";0.0004;0.0004;0.0004;1446;1446;1446;21;21;0.00039999998989515;0.0004;0.0004;0.0004;3;3;3;3;1;1446;0.0001;0.0002;1446;1446;0
"mscorlib.dll!System.Collections.Generic::ArraySortHelper`1.get_Default()";0.0004;0.0004;0.0004;1446;1446;1446;22;22;0.00039999998989515;0.0004;0.0004;0.0004;3;3;3;3;1;1446;0.0001;0.0002;1446;1446;0
"mscorlib.dll!System.Globalization::CultureInfo.get_InvariantCulture()";0.0004;0.0004;0.0004;1446;1446;1446;21;21;0.00039999998989515;0.0004;0.0004;0.0004;3;3;3;3;1;1446;0.0001;0.0002;1446;1446;0
"mscorlib.dll!System.Reflection::Assembly.op_Inequality()";0.0004;0.0004;0.0004;1446;1446;1446;23;23;0.00039999998989515;0.0004;0.0004;0.0004;3;3;3;3;1;1446;0.0001;0.0002;1446;1446;0
"mscorlib.dll!System.Runtime.CompilerServices::RuntimeFeature.get_IsDynamicCodeSupported()";0.0004;0.0004;0.0004;1446;1446;1446;23;23;0.00039999998989515;0.0004;0.0004;0.0004;3;3;3;3;1;1446;0.0001;0.0002;1446;1446;0
"mscorlib.dll!System::Array.Resize()";0.0004;0.0004;0.0004;1446;1446;1446;21;21;0.00039999998989515;0.0004;0.0004;0.0004;3;3;3;3;1;1446;0.0001;0.0002;1446;1446;0
"UnityEngine.CoreModule.dll!UnityEngine::Mesh.GetUVChannel()";0.0004;0.0004;0.0004;1446;1446;1446;23;25;0.00039999998989515;0.0004;0.0004;0.0004;2;2;2;2;1;1446;0.0002;0.0002;1446;1446;0
"Assembly-CSharp.dll!::<>c__DisplayClass44_0..ctor()";0.0003;0.0001;0.0034;1148;1150;1222;5;5;0.0826999979908578;0.0002756667;0.0002;0.0003;600;2;2;2;300;1147;0;0.0032;1150;1222;0.0003
"mscorlib.dll!System::Number.ParseFormatSpecifier()";0.0003;0.0002;0.0007;1151;1147;1307;8;8;0.075899996998487;0.000253;0.0002;0.0003;300;1;1;1;300;1147;0.0002;0.0007;1147;1307;0.0003
"Unity.RenderPipelines.Universal.Runtime.dll!UnityEngine.Rendering.Universal::UniversalAdditionalLightData.get_lightLayerMask()";0.0003;0.0001;0.003;1152;1180;1369;19;19;0.0811999979414395;0.0002706667;0.0002;0.0003;602;2;2;4;300;1147;0;0.0028;1180;1369;0.0003
"Assembly-CSharp.dll!UnityEngine.Rendering.LWRP::EnviroBlitPass.get_destination()";0.0003;0.0001;0.0007;1154;1168;1331;15;17;0.079099998154561;0.0002636666;0.0002;0.0003;602;2;2;4;300;1147;0;0.0005;1168;1150;0.0003
"Unity.InputSystem.dll!UnityEngine.InputSystem.LowLevel::InputStateBlock.get_bitOffset()";0.0003;0.0001;0.0005;1157;1147;1183;10;10;0.0779999980295543;0.00026;0.0002;0.0003;693;2;2;3;300;1147;0;0.0002;1147;1154;0.0003
"Inl_Render Lux Grass Displacement FX";0.0003;0.0002;0.0121;1162;1148;1240;19;19;0.0964999968855409;0.0003216667;0.0002;0.0003;301;1;1;2;300;1147;0.0002;0.0121;1148;1240;0.0003
"Unity.InputSystem.dll!::DoubleBuffers.GetBackBuffer()";0.0003;0.0001;0.0006;1162;1158;1446;12;13;0.0751999980857363;0.0002506667;0.0002;0.0003;600;2;2;2;300;1147;0;0.0003;1156;1446;0.0003
"Unity.RenderPipelines.Universal.Runtime.dll!UnityEngine.Rendering.Universal::UniversalRenderPipelineAsset.get_supportsHDR()";0.0003;0.0001;0.0007;1162;1165;1446;12;13;0.0780999980124761;0.0002603333;0.0002;0.0003;602;2;2;4;300;1147;0;0.0003;1165;1364;0.0003
"mscorlib.dll!System::DateTime.IsLeapYear()";0.0003;0.0001;0.0018;1168;1163;1302;10;10;0.0759999981019064;0.0002533333;0.0002;0.0003;600;2;2;2;300;1147;0;0.0017;1163;1302;0.0003
"Inl_ScriptableRenderer.ClearRenderingState";0.0003;0.0002;0.0023;1169;1147;1389;15;15;0.0788999969809083;0.000263;0.0002;0.0003;301;1;1;2;300;1147;0.0002;0.0023;1147;1389;0.0002
"UnityEngine.CoreModule.dll!UnityEngine::Vector3Int.set_x()";0.0003;0.0001;0.0042;1170;1164;1224;8;8;0.0914999981978326;0.000305;0.0002;0.0003;600;2;2;2;300;1147;0;0.004;1149;1224;0.0002
"Unity.RenderPipelines.Universal.Runtime.dll!UnityEngine.Rendering.Universal.Internal::CopyDepthPass.get_AllocateRT()";0.0003;0.0002;0.0028;1172;1147;1381;15;16;0.0830999979880289;0.000277;0.0002;0.0003;602;2;2;4;300;1147;0.0001;0.0027;1147;1381;0.0003
"Inl_ScriptableRenderer.Execute: _Faoria URP 12.1.15 FWD Renderer";0.0003;0.0002;0.0023;1173;1147;1429;13;13;0.0781999969913159;0.0002606667;0.0002;0.0003;301;1;1;2;300;1147;0.0002;0.0023;1147;1429;0.0002
"Unity.InputSystem.dll!UnityEngine.InputSystem.Utilities::InlinedArray`1.Clear()";0.0003;0.0001;0.0007;1176;1153;1446;9;9;0.0744999980888679;0.0002483333;0.0002;0.0003;600;2;2;2;300;1147;0;0.0004;1153;1446;0.0003
"mscorlib.dll!System::Object.GetHashCode()";0.0003;0.0001;0.0007;1179;1215;1446;6;8;0.0789999979751883;0.0002633333;0.0002;0.0003;600;2;2;2;300;1147;0;0.0006;1215;1446;0.0003
"Unity.InputSystem.dll!UnityEngine.InputSystem::InputControl.get_noisy()";0.0003;0.0001;0.0006;1181;1195;1446;11;11;0.078599998007121;0.000262;0.0002;0.0003;693;2;2;3;300;1147;0;0.0004;1149;1446;0.0004
"Crest.dll!Crest::LodDataMgrAnimWaves.get_BufferCount()";0.0003;0.0001;0.0026;1182;1283;1263;9;9;0.0819999970844947;0.0002733333;0.0002;0.0003;300;1;1;1;300;1147;0.0001;0.0026;1283;1263;0.0002
"Inl_UniversalRenderPipeline.RenderSingleCamera: === Main Camera ===";0.0003;0.0002;0.0009;1189;1148;1446;11;11;0.0783999967679847;0.0002613333;0.0002;0.0003;301;1;1;2;300;1147;0.0002;0.0006;1148;1446;0.0003
"UnityEngine.CoreModule.dll!UnityEngine::Display.get_main()";0.0003;0.0001;0.0007;1190;1212;1276;22;22;0.0809999968769262;0.00027;0.0002;0.0003;301;1;1;2;300;1147;0.0001;0.0007;1212;1276;0.0003
"mscorlib.dll!System::ValueTuple`3..ctor()";0.0003;0.0001;0.0005;1191;1183;1184;19;19;0.0777999979909509;0.0002593333;0.0002;0.0003;602;2;2;4;300;1147;0;0.0004;1152;1184;0.0004
"Assembly-CSharp.dll!UnityEngine.Rendering.LWRP::EnviroBlitPassShafts.set_source()";0.0003;0.0001;0.0006;1194;1299;1446;16;16;0.0802999979641754;0.0002676666;0.0002;0.0003;602;2;2;4;300;1147;0;0.0003;1196;1152;0.0003
"Inl_Setup Additional Shadows";0.0003;0.0002;0.0005;1194;1147;1446;15;15;0.0787999966996722;0.0002626667;0.0002;0.0003;301;1;1;2;300;1147;0.0002;0.0004;1147;1197;0.0002
"UnityEngine.UI.dll!UnityEngine.UI::Graphic.get_canvasRenderer()";0.0003;0.0001;0.0004;1194;1169;1155;12;13;0.0345999990822747;0.0002768;0.0002;0.0003;250;2;2;2;125;1147;0;0.0003;1150;1150;0.0003
"Assembly-CSharp.dll!::<>c__DisplayClass17_0..ctor()";0.0003;0.0002;0.0031;1195;1148;1307;5;5;0.0840999979773187;0.0002803333;0.0002;0.0003;600;2;2;2;300;1147;0.0001;0.003;1147;1307;0.0003
"UnityEngine.CoreModule.dll!UnityEngine::Vector3Int.set_z()";0.0003;0.0002;0.0075;1195;1147;1331;8;10;0.087499997971463;0.0002916667;0.0002;0.0003;600;2;2;2;300;1147;0.0001;0.0074;1147;1331;0.0003
"Unity.RenderPipelines.Universal.Runtime.dll!UnityEngine.Rendering.Universal::UniversalAdditionalLightData.get_usePipelineSettings()";0.0003;0.0001;0.0006;1196;1149;1173;14;14;0.0781999980099499;0.0002606667;0.0002;0.0003;602;2;2;4;300;1147;0;0.0005;1147;1173;0.0001
"Crest.dll!Crest::OceanRenderer.get_ViewerHeightAboveWater()";0.0003;0.0001;0.0006;1197;1238;1446;7;7;0.0800999979765038;0.000267;0.0002;0.0003;600;2;2;2;300;1147;0;0.0004;1238;1446;0.0002
"Preload Single Step";0.0003;0.0001;0.0017;1204;1239;1250;6;6;0.0847999968609656;0.0002826666;0.0002;0.0003;300;1;1;1;300;1147;0.0001;0.0017;1239;1250;0.0003
"Unity.RenderPipelines.Universal.Runtime.dll!UnityEngine.Rendering.Universal::UniversalRenderPipelineAsset.get_shadowDepthBias()";0.0003;0.0001;0.003;1208;1157;1303;14;14;0.0817999978753505;0.0002726667;0.0002;0.0003;602;2;2;4;300;1147;0;0.0028;1157;1303;0.0004
"UnityEngine.CoreModule.dll!UnityEngine::Vector3.Magnitude()";0.0003;0.0002;0.0006;1214;1147;1446;10;11;0.0802999979277956;0.0002676666;0.0002;0.0003;600;2;2;2;300;1147;0.0001;0.0003;1147;1171;0.0003
"Assembly-CSharp.dll!::<>c__DisplayClass3_0..ctor()";0.0003;0.0002;0.0005;1215;1147;1382;5;5;0.083799997875758;0.0002793333;0.0002;0.0003;600;2;2;2;300;1147;0.0001;0.0003;1147;1382;0.0003
"Shadows.Sort";0.0003;0.0001;0.0024;1215;1159;1242;20;20;0.085699997653137;0.0002875839;0.0002;0.0003;750;3;1;6;298;1147;0;0.0022;1147;1242;0.0002
"ComputeNeedsPerObjectLights";0.0003;0.0001;0.0007;1216;1181;1261;16;16;0.0846999969726312;0.0002823333;0.0002;0.0003;301;1;1;2;300;1147;0.0001;0.0007;1181;1261;0.0002
"Crest.dll!Crest::OceanRenderer.get_Layer()";0.0003;0.0001;0.0013;1217;1302;1446;14;14;0.0851999977385276;0.000284;0.0002;0.0003;602;2;2;4;300;1147;0;0.0006;1302;1446;0.0004
"Terrain.FlushDirty";0.0003;0.0001;0.0034;1218;1183;1162;14;14;0.0890999974362785;0.000297;0.0002;0.0003;602;2;2;4;300;1147;0;0.0032;1147;1162;0.0003
"UnityEngine.CoreModule.dll!UnityEngine.Rendering::DrawingSettings.set_overrideMaterialPassIndex()";0.0003;0.0002;0.009;1220;1147;1389;19;19;0.116299997425813;0.0003876667;0.0002;0.0003;602;2;2;4;300;1147;0.0001;0.0088;1147;1389;0.0003
"UnityEngine.UI.dll!UnityEngine.EventSystems::EventSystem.get_currentSelectedGameObject()";0.0003;0.0001;0.0004;1221;1240;1152;7;7;0.0797999979768065;0.0002695946;0.0002;0.0003;592;2;2;2;296;1147;0;0.0003;1163;1336;0.0003
"Unity.RenderPipelines.Universal.Runtime.dll!UnityEngine.Rendering.Universal::ScriptableRenderer.ConfigureCameraTarget()";0.0003;0.0002;0.0035;1222;1147;1164;12;20;0.0858999978881911;0.0002863333;0.0002;0.0003;602;2;2;4;300;1147;0.0001;0.0033;1147;1164;0.0003
"Crest.dll!Crest::Helpers.Swap()";0.0003;0.0001;0.0021;1224;1154;1446;4;9;0.0846999967689044;0.0002823333;0.0002;0.0003;315;1;1;10;300;1147;0.0001;0.0007;1154;1221;0.0002
"UnityEngine.UI.dll!UnityEngine.EventSystems::EventSystem.get_isFocused()";0.0003;0.0001;0.0005;1226;1162;1446;6;7;0.0798999979742803;0.0002663333;0.0002;0.0003;600;2;2;2;300;1147;0;0.0003;1157;1446;0.0002
"PostLateUpdate.EndGraphicsJobsAfterScriptLateUpdate";0.0003;0.0001;0.0005;1227;1199;1149;2;2;0.0837999968935037;0.0002793333;0.0002;0.0003;300;1;1;1;300;1147;0.0001;0.0005;1199;1149;0.0003
"Inl_UniversalRenderer.CreateCameraRenderTarget";0.0003;0.0002;0.0006;1228;1148;1414;15;15;0.0816999965027208;0.0002723333;0.0002;0.0003;301;1;1;2;300;1147;0.0002;0.0006;1148;1414;0.0003
"Inl_UniversalRenderPipeline.InitializeCameraData";0.0003;0.0002;0.0028;1228;1150;1296;11;11;0.0844999964465387;0.0002816667;0.0002;0.0003;301;1;1;2;300;1147;0.0002;0.0028;1150;1296;0.0002
"Unity.RenderPipelines.Universal.Runtime.dll!UnityEngine.Rendering.Universal.Internal::CopyDepthPass.set_destination()";0.0003;0.0002;0.0007;1228;1151;1446;13;16;0.0841999978511012;0.0002806667;0.0002;0.0003;602;2;2;4;300;1147;0.0001;0.0003;1147;1212;0.0004
"Crest.dll!Crest::ShiftingOrigin.get_TeleportOriginThisFrame()";0.0003;0.0002;0.0028;1230;1147;1278;7;7;0.0857999966829084;0.000286;0.0002;0.0003;300;1;1;1;300;1147;0.0002;0.0028;1147;1278;0.0002
"Inl_LightCookies";0.0003;0.0002;0.0032;1232;1149;1388;19;19;0.0895999965141527;0.0002986667;0.0002;0.0003;301;1;1;2;300;1147;0.0002;0.0032;1149;1388;0.0003
"Unity.RenderPipelines.Universal.Runtime.dll!UnityEngine.Rendering.Universal::UniversalRenderPipelineAsset.get_supportsLightLayers()";0.0003;0.0002;0.0042;1235;1151;1324;14;19;0.0947999975905987;0.000316;0.0002;0.0004;602;2;2;4;300;1147;0.0001;0.0041;1147;1324;0.0002
"Crest.dll!Crest::SimSettingsBase.AddToSettingsHash()";0.0003;0.0001;0.0031;1239;1159;1401;8;8;0.0882999977766303;0.0002943333;0.0002;0.0003;900;3;3;3;300;1147;0;0.0029;1156;1401;0.0004
"Unity.RenderPipelines.Universal.Runtime.dll!UnityEngine.Rendering.Universal.Internal::CopyColorPass.set_destination()";0.0003;0.0001;0.0007;1239;1196;1446;13;16;0.0838999978805077;0.0002796667;0.0002;0.0003;602;2;2;4;300;1147;0;0.0004;1196;1446;0.0003
"Crest.dll!Crest::Helpers.MaskIncludesLayer()";0.0003;0.0002;0.0012;1242;1147;1446;14;14;0.0864999978803098;0.0002883333;0.0002;0.0003;602;2;2;4;300;1147;0.0001;0.0005;1147;1446;0.0004
"Inl_ScriptableRenderer.InternalFinishRendering";0.0003;0.0002;0.0007;1243;1148;1446;15;15;0.0818999964103568;0.000273;0.0002;0.0003;301;1;1;2;300;1147;0.0002;0.0004;1148;1212;0.0003
"AwesomeTechnologies.VegetationStudioPro.Runtime.dll!AwesomeTechnologies.VegetationSystem::UnityTerrain.DisposeTemporaryMemory()";0.0003;0.0001;0.0032;1246;1263;1359;6;6;0.0956999979680404;0.000319;0.0002;0.0003;600;2;2;2;300;1147;0;0.0031;1151;1359;0.0003
"mscorlib.dll!::NumberBuffer.get_digits()";0.0003;0.0001;0.0035;1253;1147;1442;9;10;0.0908999977109488;0.000303;0.0002;0.0003;900;3;3;3;300;1147;0;0.0032;1147;1442;0.0002
"Unity.InputSystem.dll!UnityEngine.InputSystem.LowLevel::InputUpdate.IsPlayerUpdate()";0.0003;0.0002;0.0007;1254;1147;1446;5;7;0.0862999978271546;0.0002876667;0.0002;0.0003;600;2;2;2;300;1147;0.0001;0.0005;1147;1446;0.0003
"Unity.InputSystem.dll!UnityEngine.InputSystem::InputManager.ProcessStateChangeMonitorTimeouts()";0.0003;0.0002;0.0008;1260;1148;1427;7;7;0.0876999962201808;0.0002923333;0.0003;0.0003;300;1;1;1;300;1147;0.0002;0.0008;1148;1427;0.0003
"Unity.RenderPipelines.Universal.Runtime.dll!UnityEngine.Rendering.Universal::ScriptableRenderPass.ConfigureDepthStoreAction()";0.0003;0.0002;0.0007;1260;1147;1446;12;12;0.0875999977797619;0.000292;0.0002;0.0003;602;2;2;4;300;1147;0.0001;0.0003;1147;1446;0.0003
"Unity.InputSystem.dll!UnityEngine.InputSystem::InputControl.get_device()";0.0003;0.0001;0.0006;1261;1153;1198;10;10;0.0866999979334651;0.000289;0.0002;0.0003;693;2;2;3;300;1147;0;0.0005;1153;1198;0.0004
"Unity.RenderPipelines.Universal.Runtime.dll!UnityEngine.Rendering.Universal::ScriptableRenderer.ConfigureCameraColorTarget()";0.0003;0.0002;0.004;1265;1152;1283;12;14;0.0888999979069922;0.0002963333;0.0002;0.0003;602;2;2;4;300;1147;0.0001;0.0038;1151;1283;0.0003
"Physics.SyncColliderTransform";0.0003;0.0001;0.002099999;1267;1271;1446;3;8;0.0944999976854888;0.000315;0.0002;0.0004;873;3;2;17;300;1147;0;0.0011;1158;1296;0.0002
"UnityEngine.UI.dll!UnityEngine.EventSystems::PointerEventData.get_pointerDrag()";0.0003;0.0002;0.0004;1269;1155;1153;9;9;0.0251999993633945;0.0003189873;0.0003;0.0004;237;3;3;3;79;1153;0;0.0002;1154;1153;0.0004
"UnityEngine.UI.dll!UnityEngine.EventSystems::PointerEventData.set_button()";0.0003;0.0001;0.0005;1271;1187;1156;9;9;0.0874999977895641;0.0002956081;0.0003;0.0003;888;3;3;3;296;1147;0;0.0002;1147;1156;0.0003
"UnityEngine.CoreModule.dll!UnityEngine::Vector3.get_magnitude()";0.0003;0.0002;0.0005;1272;1147;1436;6;6;0.0871999977825908;0.0002906666;0.0003;0.0003;600;2;2;2;300;1147;0.0001;0.0004;1147;1446;0.0003
"Unity.RenderPipelines.Core.Runtime.dll!UnityEngine.Rendering::ColorUtils.Luminance()";0.0003;0.0001;0.0027;1273;1156;1166;19;19;0.0877999977674335;0.0002926667;0.0002;0.0003;903;3;3;6;300;1147;0;0.0025;1151;1166;0.0003
"Inl_Setup Main Shadowmap";0.0003;0.0002;0.0006;1276;1161;1446;15;15;0.0873999961040681;0.0002913333;0.0003;0.0003;301;1;1;2;300;1147;0.0002;0.0004;1161;1163;0.0003
"Crest.dll!Crest::QueryBase.get_ShaderProcessQueries()";0.0003;0.0001;0.0039;1282;1192;1235;9;9;0.0934999978344422;0.0003116667;0.0002;0.0003;900;3;3;3;300;1147;0;0.0037;1149;1235;0.0002
"Inl_InvokeOnRenderObjectCallbackPass";0.0003;0.0002;0.0006;1285;1153;1446;17;17;0.0881999958219239;0.000294;0.0003;0.0003;301;1;1;2;300;1147;0.0002;0.0004;1153;1179;0.0003
"Unity.RenderPipelines.Universal.Runtime.dll!UnityEngine.Rendering.Universal.Internal::DepthNormalOnlyPass.get_allocateDepth()";0.0003;0.0002;0.003;1287;1147;1151;15;16;0.0937999976522406;0.0003126667;0.0003;0.0003;602;2;2;4;300;1147;0.0001;0.0029;1147;1151;0.0003
"Crest.dll!Crest::LodDataMgrFlow.ParamIdSampler()";0.0003;0.0002;0.0041;1288;1162;1446;11;11;0.095199995834264;0.0003173333;0.0003;0.0003;315;1;1;10;300;1147;0.0002;0.0011;1162;1446;0.0003
"mscorlib.dll!System::Buffer.memcpy2()";0.0003;0.0002;0.004999998;1288;1151;1446;10;23;0.0935999961729976;0.000312;0.0003;0.0003;330;1;1;31;300;1147;0.0001;0.0007;1446;1446;0.0003
"Unity.RenderPipelines.Universal.Runtime.dll!UnityEngine.Rendering.Universal::ScriptableRenderer.get_supportedRenderingFeatures()";0.0003;0.0002;0.0009;1289;1152;1330;7;10;0.0897999976878054;0.0002993333;0.0002;0.0003;601;2;2;3;300;1147;0.0001;0.0006;1147;1330;0.0003
"PreLateUpdate.DirectorDeferredEvaluate";0.0003;0.0001;0.0012;1291;1199;1316;2;2;0.0958999974100152;0.0003196667;0.0002;0.0004;300;1;1;1;300;1147;0.0001;0.0012;1199;1316;0.0004
"Physics.UpdateArticulations";0.0003;0.0001;0.0025;1292;1150;1446;4;4;0.0981999964642455;0.0003273333;0.0002;0.0004;449;1;1;16;300;1147;0;0.0006;1211;1161;0.0002
"UnityEngine.UI.dll!UnityEngine.EventSystems::PointerEventData.set_pointerEnter()";0.0003;0.0002;0.0005;1295;1152;1148;10;10;0.090399997709028;0.0003054054;0.0003;0.0003;888;3;3;3;296;1147;0;0.0003;1147;1148;0.0003
"Unity.RenderPipelines.Universal.Runtime.dll!UnityEngine.Rendering.Universal::ScriptableRenderPass.set_depthOnly()";0.0003;0.0002;0.0012;1297;1164;1446;16;19;0.0930999976699241;0.0003103333;0.0003;0.0003;903;3;3;6;300;1147;0;0.0005;1164;1311;0.0004
"ScreenSpaceShadows Post";0.0003;0.0002;0.0006;1299;1148;1446;15;15;0.0908999967214186;0.000303;0.0003;0.0003;301;1;1;2;300;1147;0.0002;0.0005;1148;1330;0.0003
"Unity.RenderPipelines.Universal.Runtime.dll!UnityEngine.Rendering.Universal.Internal::AdditionalLightsShadowCasterPass.GetPunctualLightShadowSlicesCount()";0.0003;0.0001;0.0029;1299;1293;1185;14;14;0.096899997399305;0.000323;0.0003;0.0003;602;2;2;4;300;1147;0;0.0028;1149;1185;0.0003
"Unity.RenderPipelines.Universal.Runtime.dll!UnityEngine.Rendering.Universal.Internal::DepthNormalOnlyPass.set_depthHandle()";0.0003;0.0002;0.0031;1302;1147;1303;13;16;0.095499997594743;0.0003183333;0.0003;0.0004;602;2;2;4;300;1147;0.0001;0.0029;1147;1303;0.0004
"Unity.RenderPipelines.Universal.Runtime.dll!UnityEngine.Rendering.Universal::ScriptableRenderPass.set_renderTargetSampleCount()";0.0003;0.0001;0.003;1306;1187;1231;16;19;0.0953999975463375;0.000318;0.0003;0.0003;903;3;3;6;300;1147;0;0.0028;1177;1231;0.0003
"UnityEngine.InputModule.dll!UnityEngineInternal.Input::NativeInputSystem.get_currentTimeOffsetToRealtimeSinceStartup()";0.0003;0.0002;0.0004;1306;1163;1152;8;8;0.0917999959783629;0.000306;0.0003;0.0003;300;1;1;1;300;1147;0.0002;0.0004;1163;1152;0.0004
"UnityEngine.UI.dll!UnityEngine.EventSystems::PointerEventData.get_scrollDelta()";0.0003;0.0001;0.0005;1318;1169;1161;8;10;0.0907999977061991;0.0003067568;0.0003;0.0004;888;3;3;3;296;1147;0;0.0002;1153;1147;0.0004
"UnityEngine.IMGUIModule.dll!UnityEngine::GUILayoutGroup.ResetCursor()";0.0003;0.0001;0.0005;1319;1195;1282;6;6;0.0937999976231367;0.0003126667;0.0003;0.0003;900;3;3;3;300;1147;0;0.0003;1157;1282;0.0003
"mscorlib.dll!System::RuntimeType.op_Inequality()";0.0003;0.0001;0.003800001;1320;1339;1446;12;28;0.0985999975091545;0.0003286666;0.0003;0.0004;937;3;3;40;300;1147;0;0.0002;1148;1158;0.0005
"UnityEngine.UI.dll!UnityEngine.UI::ClipperRegistry.get_instance()";0.0003;0.0001;0.0052;1321;1171;1224;10;10;0.102099997347977;0.0003403333;0.0002;0.0004;300;1;1;1;300;1147;0.0001;0.0052;1171;1224;0.0003
"UnityEngine.CoreModule.dll!UnityEngine::Rect.get_width()";0.0003;0.0002;0.003;1327;1163;1203;12;15;0.0977999976603314;0.000326;0.0003;0.0004;903;3;3;6;300;1147;0;0.0027;1161;1203;0.0004
"Assembly-CSharp.dll!::EnviroCore.GetUniversalTimeOfDay()";0.0003;0.0001;0.0022;1330;1391;1273;6;8;0.096099997717829;0.0003203333;0.0003;0.0004;900;3;3;3;300;1147;0;0.002;1148;1273;0.0004
"AwesomeTechnologies.VegetationStudioPro.Runtime.dll!AwesomeTechnologies.Utility.Culling::JobCullingGroup.SetFloatingOriginOffset()";0.0003;0.0002;0.0007;1333;1150;1368;6;6;0.0970999972560094;0.0003236667;0.0003;0.0004;600;2;2;2;300;1147;0.0001;0.0006;1147;1368;0.0003
"EarlyUpdate.UpdateStreamingManager";0.0003;0.0002;0.0011;1333;1158;1248;2;2;0.0977999969909433;0.000326;0.0003;0.0004;300;1;1;1;300;1147;0.0002;0.0011;1158;1248;0.0003
"Unity.RenderPipelines.Universal.Runtime.dll!UnityEngine.Rendering.Universal.Internal::AdditionalLightsShadowCasterPass.EstimateScaleFactorNeededToFitAllShadowsInAtlas()";0.0003;0.0002;0.0008;1333;1160;1446;14;14;0.0967999961285386;0.0003226667;0.0003;0.0003;301;1;1;2;300;1147;0.0002;0.0005;1160;1318;0.0004
"PostLateUpdate.XRPostLateUpdate";0.0003;0.0001;0.0051;1335;1233;1351;2;2;0.106099996708508;0.0003536667;0.0003;0.0004;300;1;1;1;300;1147;0.0001;0.0051;1233;1351;0.0003
"UnityEngine.CoreModule.dll!UnityEngine::Quaternion.get_identity()";0.0003;0.0002;0.0051;1335;1152;1440;7;7;0.100799996624119;0.000336;0.0003;0.0004;300;1;1;1;300;1147;0.0002;0.0051;1152;1440;0.0003
"Unity.RenderPipelines.Core.Runtime.dll!UnityEngine.Rendering::LensFlareCommonSRP.get_Instance()";0.0003;0.0002;0.0016;1339;1154;1446;19;19;0.101299997040769;0.0003376667;0.0003;0.0004;301;1;1;2;300;1147;0.0002;0.001;1154;1446;0.0005
"Unity.RenderPipelines.Universal.Runtime.dll!UnityEngine.Rendering.Universal::UniversalRenderer.get_renderingMode()";0.0003;0.0002;0.0033;1341;1147;1216;15;17;0.107899997783534;0.0003596667;0.0003;0.0004;903;3;3;6;300;1147;0;0.0031;1147;1216;0.0004
"Assembly-CSharp.dll!::<>c__DisplayClass8_0..ctor()";0.0003;0.0002;0.0005;1342;1163;1446;5;5;0.0961999975697836;0.0003206666;0.0003;0.0004;600;2;2;2;300;1147;0.0001;0.0004;1148;1446;0.0004
"Crest.dll!Crest::LodDataMgr.get_enabled()";0.0003;0.0001;0.0028;1344;1182;1273;8;8;0.0986999975793879;0.000329;0.0003;0.0003;900;3;3;3;300;1147;0;0.0026;1181;1273;0.0003
"Assembly-CSharp.dll!UnityEngine.Rendering.LWRP::EnviroBlitPass.get_source()";0.0003;0.0001;0.003;1346;1273;1391;17;18;0.0997999974279082;0.0003326666;0.0003;0.0004;903;3;3;6;300;1147;0;0.0029;1147;1391;0.0004
"Physics2D.SyncColliderTransformChanges";0.0003;0.0001;0.002;1347;1296;1446;5;9;0.0986999974993523;0.000329;0.0003;0.0004;873;3;2;17;300;1147;0;0.0003;1151;1446;0.0003
"Unity.RenderPipelines.Universal.Runtime.dll!UnityEngine.Rendering.Universal::UniversalRenderPipelineAsset.get_msaaSampleCount()";0.0003;0.0002;0.0042;1350;1150;1342;6;10;0.102299997626687;0.000341;0.0003;0.0004;903;3;3;6;300;1147;0;0.004;1147;1342;0.0004
"Animators.FireAnimationEventsAndBehaviours";0.0003;0.0002;0.0008;1353;1159;1155;5;5;0.101399996507098;0.000338;0.0003;0.0004;300;1;1;1;300;1147;0.0002;0.0008;1159;1155;0.0003
"Unity.InputSystem.dll!UnityEngine.InputSystem::InputManager.RestoreDevicesAfterDomainReloadIfNecessary()";0.0003;0.0002;0.0005;1358;1150;1152;6;7;0.098999997098872;0.00033;0.0003;0.0004;600;2;2;2;300;1147;0.0001;0.0003;1147;1152;0.0003
"UnityEngine.IMGUIModule.dll!UnityEngine::GUILayoutGroup.get_marginRight()";0.0003;0.0001;0.0043;1358;1373;1386;7;7;0.105499997647712;0.0003516666;0.0003;0.0004;900;3;3;3;300;1147;0;0.004;1159;1386;0.0003
"CullGroupCombineResults";0.0003;0.0003;0.0004;1362;1191;1434;16;16;0.00159999993047677;0.00032;0.0003;0.0003;5;1;1;1;5;1191;0.0003;0.0004;1191;1434;0
"Unity.RenderPipelines.Universal.Runtime.dll!UnityEngine.Rendering.Universal.Internal::DepthNormalOnlyPass.get_normalHandle()";0.0003;0.0002;0.0033;1363;1166;1341;15;16;0.104999997405685;0.00035;0.0003;0.0004;903;3;3;6;300;1147;0;0.003;1164;1341;0.0003
"Unity.RenderPipelines.Universal.Runtime.dll!UnityEngine.Rendering.Universal::UniversalRenderer.SupportedCameraStackingTypes()";0.0003;0.0001;0.003;1372;1315;1153;9;10;0.103099996806122;0.0003436666;0.0003;0.0004;602;2;2;4;300;1147;0;0.0027;1151;1153;0.0004
"UnityEngine.CoreModule.dll!UnityEngine::Rect.set_height()";0.0003;0.0001;0.004;1374;1191;1315;7;7;0.110399997225613;0.000368;0.0003;0.0004;900;3;3;3;300;1147;0;0.0037;1149;1315;0.0003
"Unity.RenderPipelines.Universal.Runtime.dll!UnityEngine.Rendering.Universal::ScriptableRenderer.set_useDepthPriming()";0.0003;0.0002;0.0032;1375;1205;1302;12;12;0.107299997449445;0.0003576667;0.0003;0.0004;903;3;3;6;300;1147;0;0.0029;1184;1302;0.0005
"UnityEngine.CoreModule.dll!UnityEngine::RenderSettings.get_ambientEquatorColor_Injected()";0.0003;0.0002;0.0115;1375;1178;1173;9;9;0.114599996406469;0.000382;0.0003;0.0004;301;1;1;2;300;1147;0.0002;0.0115;1178;1173;0.0003
"UnityEngine.UI.dll!UnityEngine.EventSystems::PointerEventData.set_scrollDelta()";0.0003;0.0002;0.0037;1376;1164;1229;9;10;0.106199997549993;0.0003587838;0.0003;0.0004;888;3;3;3;296;1147;0;0.0034;1164;1229;0.0004
"UnityEngine.CoreModule.dll!UnityEngine::Rect.set_width()";0.0003;0.0002;0.0006;1378;1150;1446;7;7;0.100899997443776;0.0003363333;0.0003;0.0004;900;3;3;3;300;1147;0;0.0003;1150;1446;0.0002
"PostLateUpdate.XRPreEndFrame";0.0003;0.0002;0.0049;1382;1153;1234;2;2;0.109999997061095;0.0003666666;0.0003;0.0004;300;1;1;1;300;1147;0.0002;0.0049;1153;1234;0.0003
"mscorlib.dll!System.Reflection::RuntimeMethodInfo.get_IsGenericMethod()";0.0003;0.0002;0.0029;1383;1193;1299;9;9;0.105499996047001;0.0003516666;0.0003;0.0004;300;1;1;1;300;1147;0.0002;0.0029;1193;1299;0.0004
"UnityEngine.CoreModule.dll!UnityEngine::Rect.get_height()";0.0003;0.0002;0.0034;1386;1163;1277;12;15;0.116399997277767;0.000388;0.0003;0.0004;903;3;3;6;300;1147;0;0.0032;1161;1277;0.0004
"Assembly-CSharp.dll!::Instance.Update()";0.0003;0.0002;0.0053;1390;1166;1382;4;4;0.111999997388921;0.0003733333;0.0003;0.0004;300;1;1;1;300;1147;0.0002;0.0053;1166;1382;0.0004
"UnityEngine.CoreModule.dll!UnityEngine::RenderTextureDescriptor.set_useDynamicScale()";0.0003;0.0002;0.0006;1390;1228;1446;11;11;0.101799996264162;0.0003393333;0.0003;0.0004;301;1;1;2;300;1147;0.0002;0.0005;1228;1225;0.0003
"mscorlib.dll!System::Nullable`1.get_HasValue()";0.0003;0.0002;0.0008;1391;1152;1446;7;21;0.102899997393251;0.000343;0.0003;0.0004;902;3;3;5;300;1147;0;0.0003;1152;1446;0.0003
"UnityEngine.UI.dll!UnityEngine.EventSystems::PointerEventData.set_delta()";0.0003;0.0002;0.0019;1394;1149;1273;9;10;0.101999997488747;0.0003445946;0.0003;0.0004;888;3;3;3;296;1147;0;0.0017;1149;1273;0.0004
"UnityEditor.CoreModule.dll!UnityEditor::PlayModeView.get_showGizmos()";0.0003;0.0002;0.0043;1400;1159;1311;14;15;0.110299997446418;0.0003676667;0.0003;0.0004;903;3;3;6;300;1147;0;0.004;1159;1311;0.0006
"UnityEngine.UI.dll!UnityEngine.EventSystems::AbstractEventData.Reset()";0.0003;0.0002;0.0006;1400;1164;1281;9;9;0.100699997456104;0.0003402027;0.0003;0.0004;888;3;3;3;296;1147;0;0.0002;1153;1151;0.0003
"Unity.InputSystem.dll!UnityEngine.InputSystem.EnhancedTouch::EnhancedTouchSupport.get_enabled()";0.0003;0.0002;0.0055;1401;1238;1398;6;8;0.126899996372231;0.000423;0.0003;0.0004;600;2;2;2;300;1147;0;0.0054;1163;1398;0.0003
"UnityEngine.UI.dll!::MouseButtonEventData.PressedThisFrame()";0.0003;0.0001;0.0005;1403;1229;1196;9;9;0.0987999975041021;0.0003337838;0.0003;0.0004;888;3;3;3;296;1147;0;0.0002;1150;1147;0.0004
"ConstraintManager::Update";0.0003;0.0002;0.0007;1404;1241;1226;3;3;0.105199996381998;0.0003506667;0.0003;0.0004;300;1;1;1;300;1147;0.0002;0.0007;1241;1226;0.0003
"FixedUpdate.DirectorFixedSampleTime";0.0003;0.0002;0.0036;1406;1152;1446;2;2;0.121599995662109;0.0004053333;0.0003;0.0005;449;1;1;16;300;1147;0;0.0024;1171;1325;0.0003
"Crest.dll!Crest::QueryBase.RetrieveSucceeded()";0.0003;0.0002;0.0029;1410;1152;1374;6;8;0.102799997352122;0.0003426667;0.0003;0.0004;600;2;2;2;300;1147;0.0001;0.0028;1147;1374;0.0004
"Unity.RenderPipelines.Universal.Runtime.dll!UnityEngine.Rendering.Universal::ShadowUtils.GetScaleAndBiasForLinearDistanceFade()";0.0003;0.0001;0.0008;1412;1429;1446;20;20;0.103299997579597;0.0003443333;0.0003;0.0004;301;1;1;2;300;1147;0.0001;0.0008;1429;1211;0.0006
"UnityEngine.CoreModule.dll!UnityEngine::Vector4.get_zero()";0.0003;0.0002;0.0055;1418;1157;1405;17;21;0.116299996938324;0.0003876667;0.0003;0.0004;602;2;2;4;300;1147;0.0001;0.0053;1147;1405;0.0003
"UnityEngine.UI.dll!::MouseButtonEventData.ReleasedThisFrame()";0.0003;0.0001;0.0008;1425;1225;1384;9;9;0.101499997399515;0.0003429054;0.0003;0.0004;888;3;3;3;296;1147;0;0.0004;1148;1191;0.0004
"Crest.dll!Crest::Helpers.IsMotionVectorsEnabled()";0.0003;0.0001;0.0051;1431;1279;1210;8;8;0.117399996619497;0.0003913333;0.0003;0.0004;300;1;1;1;300;1147;0.0001;0.0051;1279;1210;0.0003
"Unity.RenderPipelines.Universal.Runtime.dll!UnityEngine.Rendering.Universal::UniversalRenderPipelineAsset.get_supportsMainLightShadows()";0.0003;0.0003;0.0012;1433;1147;1446;12;14;0.10929999723885;0.0003643333;0.0003;0.0004;903;3;3;6;300;1147;0;0.0004;1282;1446;0.0004
"Unity.RenderPipelines.Universal.Runtime.dll!UnityEngine.Rendering.Universal::RenderTargetHandle.HasInternalRenderTargetId()";0.0003;0.0003;0.0038;1434;1147;1218;13;13;0.111499996302882;0.0003716667;0.0003;0.0004;301;1;1;2;300;1147;0.0003;0.0038;1147;1218;0.0004
"UnityEngine.UI.dll!UnityEngine.EventSystems::PointerEventData.set_pointerCurrentRaycast()";0.0003;0.0002;0.004;1437;1224;1294;9;10;0.110199997303425;0.0003722973;0.0003;0.0004;888;3;3;3;296;1147;0;0.0037;1224;1294;0.0005
"UnityEngine.UI.dll!UnityEngine.EventSystems::PointerEventData.set_position()";0.0003;0.0003;0.0006;1438;1147;1379;9;10;0.105499997334846;0.0003564189;0.0003;0.0004;888;3;3;3;296;1147;0.0001;0.0002;1147;1150;0.0004
"mscorlib.dll!Mono::SafeStringMarshal..ctor()";0.0003;0.0003;0.0003;1446;1446;1446;22;22;0.000299999992421363;0.0003;0.0003;0.0003;3;3;3;3;1;1446;0.0001;0.0001;1446;1446;0
"mscorlib.dll!System.Collections.Generic::Comparer`1.get_Default()";0.0003;0.0003;0.0003;1446;1446;1446;23;23;0.000299999992421363;0.0003;0.0003;0.0003;3;3;3;3;1;1446;0.0001;0.0001;1446;1446;0
"mscorlib.dll!System.Reflection::Assembly.op_Equality()";0.0003;0.0003;0.0003;1446;1446;1446;23;23;0.000299999992421363;0.0003;0.0003;0.0003;3;3;3;3;1;1446;0.0001;0.0001;1446;1446;0
"Unity.InputSystem.dll!UnityEngine.InputSystem::InputManager.get_runPlayerUpdatesInEditMode()";0.0003;0.0003;0.0003;1446;1446;1446;6;6;0.000299999985145405;0.0003;0.0003;0.0003;1;1;1;1;1;1446;0.0003;0.0003;1446;1446;0
"mscorlib.dll!System::IntPtr.ToPointer()";0.0002;0.0001;0.0004;1147;1157;1446;4;4;0.0452999988556257;0.000151;0.0001;0.0002;300;1;1;1;300;1147;0.0001;0.0004;1157;1446;0.0002
"Crest.dll!Crest::FlowProviderNull.UpdateQueries()";0.0002;0.0001;0.0003;1150;1148;1291;6;6;0.0453999988458236;0.0001513333;0.0001;0.0002;300;1;1;1;300;1147;0.0001;0.0003;1148;1291;0.0002
"Unity.RenderPipelines.Universal.Runtime.dll!UnityEngine.Rendering.Universal.Internal::ColorGradingLutPass.Setup()";0.0002;0.0001;0.0003;1152;1147;1446;12;12;0.0453999988530995;0.0001513333;0.0001;0.0002;301;1;1;2;300;1147;0.0001;0.0002;1147;1148;0.0002
"UnityEngine.UIElementsModule.dll!::<>c.<.cctor>b__9_0()";0.0002;0.0001;0.0029;1153;1148;1175;3;3;0.0483999988136929;0.0001613333;0.0001;0.0002;301;1;1;2;300;1147;0.0001;0.0029;1148;1175;0.0002
"Unity.InputSystem.dll!::DoubleBuffers.SetFrontBuffer()";0.0002;0.0001;0.0004;1154;1150;1446;13;13;0.0458999988259166;0.000153;0.0001;0.0002;300;1;1;1;300;1147;0.0001;0.0004;1150;1446;0.0001
"Unity.InputSystem.dll!UnityEngine.InputSystem::InputDevice.get_hasEventPreProcessor()";0.0002;0.0001;0.0002;1154;1153;1154;7;7;0.0139999996463303;0.0001505376;0.0001;0.0002;93;1;1;1;93;1153;0.0001;0.0002;1153;1154;0.0002
"Physics.ExecuteDeferredTriggerErase";0.0002;0;0.0018;1159;1149;1446;4;4;0.0511999988739262;0.0001706667;0.0001;0.0002;449;1;1;16;300;1147;0;0.0005;1149;1158;0
"UnityEngine.CoreModule.dll!UnityEngine.Rendering::RenderStateBlock.get_depthState()";0.0002;0.0001;0.0028;1162;1149;1242;15;15;0.0489999987112242;0.0001633333;0.0001;0.0002;301;1;1;2;300;1147;0.0001;0.0028;1149;1242;0.0002
"Crest.dll!Crest::OceanRenderer.get_CreateShadowData()";0.0002;0.0001;0.0003;1165;1148;1298;7;7;0.0461999988183379;0.000154;0.0001;0.0002;300;1;1;1;300;1147;0.0001;0.0003;1148;1298;0.0002
"Assembly-CSharp.dll!::EnviroCore.GetInHours()";0.0002;0.0001;0.0028;1167;1149;1158;6;6;0.0510999988182448;0.0001703333;0.0001;0.0002;300;1;1;1;300;1147;0.0001;0.0028;1149;1158;0.0002
"UnityEngine.CoreModule.dll!UnityEngine::Quaternion.IsEqualUsingDot()";0.0002;0.0001;0.0002;1169;1148;1147;9;9;0.046099998835416;0.0001536667;0.0001;0.0002;300;1;1;1;300;1147;0.0001;0.0002;1148;1147;0.0001
"UnityEngine.CoreModule.dll!UnityEngine::Rect.get_yMin()";0.0002;0.0001;0.0003;1171;1149;1156;6;6;0.0464999988107593;0.000155;0.0001;0.0002;300;1;1;1;300;1147;0.0001;0.0003;1149;1156;0.0001
"Unity.RenderPipelines.Universal.Runtime.dll!UnityEngine.Rendering.Universal::UniversalRenderPipelineAsset.get_volumeFrameworkUpdateMode()";0.0002;0.0001;0.005;1172;1151;1345;11;11;0.0630999986242387;0.0002103333;0.0001;0.0002;301;1;1;2;300;1147;0.0001;0.005;1151;1345;0.0001
"Connections.Process";0.0002;0.0001;0.005;1175;1148;1346;4;4;0.062399998671026;0.000208;0.0001;0.0002;300;1;1;1;300;1147;0.0001;0.005;1148;1346;0.0001
"UnityEngine.CoreModule.dll!Unity.Collections::NativeArray`1.CheckCopyLengths()";0.0002;0.0001;0.0005;1178;1147;1443;6;6;0.0473999988098512;0.000158;0.0001;0.0002;300;1;1;1;300;1147;0.0001;0.0005;1147;1443;0.0002
"UnityEngine.CoreModule.dll!UnityEngine::Quaternion.Dot()";0.0002;0.0001;0.0004;1179;1147;1312;9;9;0.0471999988076277;0.0001573333;0.0001;0.0002;300;1;1;1;300;1147;0.0001;0.0004;1147;1312;0.0002
"UnityEngine.UI.dll!UnityEngine.UI::Graphic.get_rectTransform()";0.0002;0.0001;0.0003;1181;1147;1155;12;12;0.0210999994451413;0.0001688;0.0001;0.0002;125;1;1;1;125;1147;0.0001;0.0003;1147;1155;0.0002
"Unity.RenderPipelines.Universal.Runtime.dll!UnityEngine.Rendering.Universal::ScriptableRenderer.get_stripShadowsOffVariants()";0.0002;0.0001;0.0004;1182;1148;1242;15;15;0.0472999988051015;0.0001576667;0.0001;0.0002;301;1;1;2;300;1147;0.0001;0.0004;1148;1242;0.0002
"System.dll!System.Collections.Generic::LinkedList`1.get_First()";0.0002;0.0001;0.0004;1183;1147;1446;7;7;0.0469999988126801;0.0001566667;0.0001;0.0002;300;1;1;1;300;1147;0.0001;0.0004;1147;1446;0.0002
"Unity.InputSystem.dll!UnityEngine.InputSystem.LowLevel::InputMetrics.get_totalEventBytes()";0.0002;0.0001;0.0002;1183;1156;1153;7;7;0.0149999996210681;0.0001612903;0.0001;0.0002;93;1;1;1;93;1153;0.0001;0.0002;1156;1153;0.0001
"UnityEngine.CoreModule.dll!UnityEngine::Mathf.FloorToInt()";0.0002;0.0001;0.0053;1184;1147;1198;10;10;0.0532999986608047;0.0001776667;0.0001;0.0002;300;1;1;1;300;1147;0.0001;0.0053;1147;1198;0.0001
"Unity.InputSystem.dll!::UpdateStepCount.set_value()";0.0002;0.0001;0.0002;1186;1148;1147;8;8;0.0470999988101539;0.000157;0.0001;0.0002;300;1;1;1;300;1147;0.0001;0.0002;1148;1147;0.0002
"UnityEngine.CoreModule.dll!UnityEngine::Quaternion..ctor()";0.0002;0.0001;0.0002;1186;1149;1147;8;8;0.0471999988076277;0.0001573333;0.0001;0.0002;300;1;1;1;300;1147;0.0001;0.0002;1149;1147;0.0002
"Unity.InputSystem.dll!UnityEngine.InputSystem::InputDevice.MakeCurrent()";0.0002;0.0001;0.0002;1189;1157;1153;9;9;0.0154999996084371;0.0001666667;0.0001;0.0002;93;1;1;1;93;1153;0.0001;0.0002;1157;1153;0.0001
"Particles.Sync";0.0002;0.0001;0.0002;1190;1147;1149;3;3;0.0475999987975229;0.0001586667;0.0001;0.0002;300;1;1;1;300;1147;0.0001;0.0002;1147;1149;0.0002
"ParticleSystem.WaitForPreviousRenderingToFinish";0.0002;0.0001;0.0005;1193;1147;1187;4;4;0.0502999987947987;0.0001676667;0.0001;0.0002;300;1;1;1;300;1147;0.0001;0.0005;1147;1187;0.0002
"Unity.RenderPipelines.Universal.Runtime.dll!UnityEngine.Rendering.Universal::UniversalAdditionalCameraData.get_motionVectorsPersistentData()";0.0002;0.0001;0.005;1196;1148;1246;13;13;0.059999998571584;0.0002;0.0001;0.0002;301;1;1;2;300;1147;0.0001;0.005;1148;1246;0.0001
"Crest.dll!Crest::LodDataMgrPersistent.SetAdditionalSimParams()";0.0002;0.0001;0.006399999;1197;1147;1446;10;10;0.0549999987633782;0.0001833333;0.0001;0.0002;315;1;1;10;300;1147;0.0001;0.0044;1147;1446;0.0001
"Unity.RenderPipelines.Core.Runtime.dll!UnityEngine.Rendering::ObjectParameter`1.set_overrideState()";0.0002;0.0001;0.0004;1197;1147;1446;13;13;0.0479999987728661;0.00016;0.0001;0.0002;301;1;1;2;300;1147;0.0001;0.0003;1147;1191;0.0001
"Unity.InputSystem.dll!UnityEngine.InputSystem.LowLevel::InputMetrics.set_totalEventBytes()";0.0002;0.0001;0.0003;1201;1154;1206;7;7;0.0162999995809514;0.0001752688;0.0001;0.0002;93;1;1;1;93;1153;0.0001;0.0003;1154;1206;0.0002
"Unity.RenderPipelines.Universal.Runtime.dll!UnityEngine.Rendering.Universal::UniversalRenderPipelineAsset.get_useFastSRGBLinearConversion()";0.0002;0.0001;0.0003;1201;1147;1446;13;13;0.0481999987823656;0.0001606667;0.0001;0.0002;301;1;1;2;300;1147;0.0001;0.0002;1147;1148;0.0002
"AwesomeTechnologies.VegetationStudioPro.Runtime.dll!AwesomeTechnologies.VegetationSystem::VegetationSettings.GetTreeDistance()";0.0002;0.0001;0.0002;1202;1150;1147;7;7;0.0490999987596297;0.0001636667;0.0001;0.0002;300;1;1;1;300;1147;0.0001;0.0002;1150;1147;0.0002
"Unity.InputSystem.dll!UnityEngine.InputSystem.LowLevel::InputMetrics.set_totalEventProcessingTime()";0.0002;0.0001;0.0002;1206;1154;1153;7;7;0.0158999995983322;0.0001709677;0.0001;0.0002;93;1;1;1;93;1153;0.0001;0.0002;1154;1153;0.0002
"UnityEngine.UI.dll!UnityEngine.UI::Graphic.get_raycastPadding()";0.0002;0.0001;0.0003;1208;1165;1203;12;12;0.0245999993494479;0.0001968;0.0002;0.0002;125;1;1;1;125;1147;0.0001;0.0003;1165;1203;0.0002
"UnityEngine.CoreModule.dll!UnityEngine.Rendering::RenderStateBlock.set_depthState()";0.0002;0.0001;0.0005;1211;1152;1446;15;15;0.0498999987248681;0.0001663333;0.0001;0.0002;301;1;1;2;300;1147;0.0001;0.0003;1152;1387;0.0002
"Unity.Mathematics.dll!Unity.Mathematics::math.asfloat()";0.0002;0.0001;0.0052;1212;1147;1234;18;18;0.0662999982450856;0.000221;0.0001;0.0002;301;1;1;2;300;1147;0.0001;0.0052;1147;1234;0.0002
"UnityEngine.CoreModule.dll!UnityEngine::RectInt.get_y()";0.0002;0.0001;0.0027;1212;1147;1304;15;15;0.0527999988262309;0.000176;0.0001;0.0002;301;1;1;2;300;1147;0.0001;0.0027;1147;1304;0.0001
"Unity.RenderPipelines.Universal.Runtime.dll!UnityEngine.Rendering.Universal::UniversalAdditionalCameraData.get_dithering()";0.0002;0.0001;0.0027;1213;1147;1244;12;12;0.0524999988047057;0.000175;0.0001;0.0002;301;1;1;2;300;1147;0.0001;0.0027;1147;1244;0.0002
"Unity.InputSystem.dll!UnityEngine.InputSystem::InputSettings.get_backgroundBehavior()";0.0002;0.0001;0.0003;1215;1164;1157;8;9;0.0176999995310325;0.0001824742;0.0002;0.0002;97;1;1;1;97;1153;0.0001;0.0003;1164;1157;0.0002
"Unity.RenderPipelines.Universal.Runtime.dll!UnityEngine.Rendering.Universal::UniversalRenderPipelineAsset.get_mainLightRenderingMode()";0.0002;0.0001;0.0006;1216;1149;1446;14;14;0.0504999986878829;0.0001683333;0.0001;0.0002;301;1;1;2;300;1147;0.0001;0.0005;1149;1203;0.0002
"Unity.InputSystem.dll!::UpdateStepCount.OnUpdate()";0.0002;0.0001;0.0003;1217;1150;1175;8;8;0.0497999987201183;0.000166;0.0001;0.0002;300;1;1;1;300;1147;0.0001;0.0003;1150;1175;0.0002
"Unity.RenderPipelines.Universal.Runtime.dll!UnityEngine.Rendering.Universal::UniversalRenderPipelineAsset.get_colorGradingLutSize()";0.0002;0.0001;0.0003;1217;1147;1426;13;13;0.0502999987220392;0.0001676667;0.0001;0.0002;301;1;1;2;300;1147;0.0001;0.0003;1147;1426;0.0002
"Unity.RenderPipelines.Universal.Runtime.dll!UnityEngine.Rendering.Universal.Internal::CopyDepthPass.get_MssaSamples()";0.0002;0.0001;0.0006;1218;1147;1446;18;18;0.0522999986205832;0.0001743333;0.0001;0.0002;301;1;1;2;300;1147;0.0001;0.0005;1147;1260;0.0003
"Unity.InputSystem.dll!::DoubleBuffers.SetBackBuffer()";0.0002;0.0001;0.0004;1219;1148;1446;13;13;0.0502999986638315;0.0001676667;0.0001;0.0002;300;1;1;1;300;1147;0.0001;0.0004;1148;1446;0.0002
"Connections.Poll";0.0002;0.0001;0.0004;1222;1148;1257;4;4;0.0505999987144605;0.0001686667;0.0001;0.0002;300;1;1;1;300;1147;0.0001;0.0004;1148;1257;0.0002
"System.dll!System.Collections.Generic::SortedList`2.get_Count()";0.0002;0.0001;0.0007;1222;1150;1446;6;6;0.0532999987117364;0.0001776667;0.0001;0.0002;300;1;1;1;300;1147;0.0001;0.0007;1150;1446;0.0002
"UnityEngine.UI.dll!UnityEngine.UI::Graphic.get_raycastTarget()";0.0002;0.0001;0.0006;1223;1185;1253;12;12;0.0275999992300058;0.0002208;0.0002;0.0002;125;1;1;1;125;1147;0.0001;0.0006;1185;1253;0.0003
"Inl_ScriptableRenderer.Setup";0.0002;0.0001;0.0008;1227;1147;1446;12;12;0.0511999986556475;0.0001706667;0.0001;0.0002;301;1;1;2;300;1147;0.0001;0.0007;1147;1446;0.0002
"Unity.InputSystem.dll!UnityEngine.InputSystem.LowLevel::InputEventStream.get_isOpen()";0.0002;0.0001;0.005;1228;1147;1259;7;7;0.0571999985841103;0.0001906667;0.0001;0.0002;300;1;1;1;300;1147;0.0001;0.005;1147;1259;0.0002
"Unity.InputSystem.dll!UnityEngine.InputSystem::Pointer.get_delta()";0.0002;0.0001;0.0006;1228;1147;1377;8;8;0.0523999987126444;0.0001746667;0.0001;0.0002;300;1;1;1;300;1147;0.0001;0.0006;1147;1377;0.0002
"Unity.RenderPipelines.Universal.Runtime.dll!UnityEngine.Rendering.Universal::UniversalRenderPipelineAsset.get_supportsMixedLighting()";0.0002;0.0001;0.0005;1228;1147;1446;14;14;0.051499998626241;0.0001716667;0.0001;0.0002;301;1;1;2;300;1147;0.0001;0.0004;1147;1202;0.0002
"UnityEngine.CoreModule.dll!UnityEngine.Rendering::RenderStateBlock.set_mask()";0.0002;0.0001;0.0005;1228;1153;1446;15;15;0.0509999987043557;0.00017;0.0001;0.0002;301;1;1;2;300;1147;0.0001;0.0004;1153;1446;0.0002
"Assembly-CSharp.dll!UnityEngine.Rendering.LWRP::EnviroDistanceBlurPass.FrameCleanup()";0.0002;0.0001;0.0005;1229;1150;1446;14;14;0.0509999987043557;0.00017;0.0001;0.0002;301;1;1;2;300;1147;0.0001;0.0003;1150;1446;0.0002
"UnityEngine.UI.dll!UnityEngine.EventSystems::EventSystem.get_sendNavigationEvents()";0.0002;0.0001;0.0002;1229;1148;1147;6;6;0.0500999987343675;0.0001692567;0.0001;0.0002;296;1;1;1;296;1147;0.0001;0.0002;1148;1147;0.0002
"Crest.dll!Crest::PropertyWrapperCompute.Initialise()";0.0002;0.0001;0.0019;1231;1148;1446;9;9;0.0523999986544368;0.0001746667;0.0001;0.0002;315;1;1;10;300;1147;0.0001;0.0004;1148;1446;0.0002
"Assembly-CSharp-firstpass.dll!PixelCrushers.DialogueSystem::StandardDialogueUI.get_alertControls()";0.0002;0.0001;0.0003;1232;1154;1262;6;6;0.0513999986796989;0.0001713333;0.0001;0.0002;300;1;1;1;300;1147;0.0001;0.0003;1154;1262;0.0002
"Crest.dll!Crest::OceanRenderer.ReportMaxDisplacementFromShape()";0.0002;0.0001;0.0051;1237;1149;1351;12;12;0.0721999983870774;0.0002406667;0.0001;0.0003;300;1;1;1;300;1147;0.0001;0.0051;1149;1351;0.0002
"Inl_UniversalRenderPipeline.InitializeStackedCameraData";0.0002;0.0001;0.0004;1237;1156;1446;13;13;0.0522999986424111;0.0001743333;0.0001;0.0002;301;1;1;2;300;1147;0.0001;0.0003;1156;1187;0.0002
"Inl_ScriptableRenderer.SetupCullingParameters";0.0002;0.0001;0.0004;1238;1148;1446;12;12;0.051899998637964;0.000173;0.0001;0.0002;301;1;1;2;300;1147;0.0001;0.0003;1148;1206;0.0002
"UnityEngine.CoreModule.dll!UnityEngine::RectInt..ctor()";0.0002;0.0001;0.0027;1238;1147;1291;15;15;0.0536999987671152;0.000179;0.0001;0.0002;301;1;1;2;300;1147;0.0001;0.0027;1147;1291;0.0002
"Unity.RenderPipelines.Universal.Runtime.dll!UnityEngine.Rendering.Universal::UniversalRenderPipelineAsset.get_useSRPBatcher()";0.0002;0.0001;0.0006;1240;1151;1149;6;6;0.0601999983482528;0.0002006667;0.0001;0.0002;301;1;1;2;300;1147;0.0001;0.0006;1151;1149;0.0002
"UnityEngine.CoreModule.dll!UnityEngine::Vector2.get_one()";0.0002;0.0001;0.0037;1240;1147;1354;21;21;0.0622999986371724;0.0002076667;0.0001;0.0002;301;1;1;2;300;1147;0.0001;0.0037;1147;1354;0.0002
"Inl_DrawSkyboxPass";0.0002;0.0001;0.0003;1241;1147;1246;17;17;0.0523999986471608;0.0001746667;0.0001;0.0002;301;1;1;2;300;1147;0.0001;0.0003;1147;1246;0.0002
"Inl_RenderPipeline.BeginContextRendering";0.0002;0.0001;0.0006;1241;1154;1446;8;8;0.05289999859815;0.0001763333;0.0001;0.0002;301;1;1;2;300;1147;0.0001;0.0004;1154;1446;0.0002
"Mirror.dll!Mirror::NetworkTime.EarlyUpdate()";0.0002;0.0001;0.0005;1241;1151;1446;4;4;0.0527999986807117;0.000176;0.0001;0.0002;300;1;1;1;300;1147;0.0001;0.0005;1151;1446;0.0002
"ParticleSystem.GeometryJob";0.0002;0.0001;0.002;1246;1149;1338;15;15;0.0555999986609095;0.0001853333;0.0001;0.0002;300;1;1;1;300;1147;0.0001;0.002;1149;1338;0.0002
"Inl_DepthNormalOnlyPass";0.0002;0.0001;0.0037;1250;1153;1273;17;17;0.0601999985592556;0.0002006667;0.0001;0.0002;301;1;1;2;300;1147;0.0001;0.0037;1153;1273;0.0001
"Inl_Setup Light Constants";0.0002;0.0001;0.0028;1250;1157;1438;17;17;0.0558999985078117;0.0001863333;0.0001;0.0002;301;1;1;2;300;1147;0.0001;0.0028;1157;1438;0.0002
"Unity.RenderPipelines.Universal.Runtime.dll!UnityEngine.Rendering.Universal::UniversalRenderPipelineAsset.get_shadowDistance()";0.0002;0.0001;0.0003;1250;1150;1225;12;12;0.053199998641503;0.0001773333;0.0002;0.0002;301;1;1;2;300;1147;0.0001;0.0003;1150;1225;0.0002
"Unity.RenderPipelines.Universal.Runtime.dll!UnityEngine.Rendering.Universal::UniversalRenderPipelineAsset.get_renderScale()";0.0002;0.0001;0.0028;1252;1147;1172;12;12;0.0563999985242845;0.000188;0.0002;0.0002;301;1;1;2;300;1147;0.0001;0.0028;1147;1172;0.0002
"Assembly-CSharp.dll!UnityEngine.Rendering.LWRP::EnviroBlitPass.set_destination()";0.0002;0.0001;0.0003;1255;1151;1299;16;16;0.0537999986336217;0.0001793333;0.0002;0.0002;301;1;1;2;300;1147;0.0001;0.0003;1151;1299;0.0002
"mscorlib.dll!System::String.GetLegacyNonRandomizedHashCode()";0.0002;0.0001;0.003699999;1255;1148;1446;9;20;0.0571999985113507;0.0001906667;0.0002;0.0002;318;1;1;19;300;1147;0.0001;0.0004;1148;1319;0.0001
"Unity.RenderPipelines.Universal.Runtime.dll!UnityEngine.Rendering.Universal.Internal::CopyColorPass.set_source()";0.0002;0.0001;0.0099;1255;1148;1260;13;13;0.0635999985897797;0.000212;0.0002;0.0002;301;1;1;2;300;1147;0.0001;0.0099;1148;1260;0.0002
"Crest.dll!Crest::LodDataMgrPersistent.set_LastUpdateSubstepCount()";0.0002;0.0001;0.0003;1258;1150;1351;9;9;0.0546999986108858;0.0001823333;0.0002;0.0002;300;1;1;1;300;1147;0.0001;0.0003;1150;1351;0.0002
"Inl_UpdateVolumeFramework";0.0002;0.0001;0.0026;1258;1148;1169;11;11;0.0585999985487433;0.0001953333;0.0002;0.0002;301;1;1;2;300;1147;0.0001;0.0026;1148;1169;0.0002
"Unity.InputSystem.dll!UnityEngine.InputSystem.LowLevel::InputEventBuffer.Reset()";0.0002;0.0001;0.0003;1258;1259;1155;8;8;0.0195999994248268;0.0002107527;0.0002;0.0002;93;1;1;1;93;1153;0.0001;0.0003;1259;1155;0.0002
"mscorlib.dll!System::DateTime.get_InternalKind()";0.0002;0;0.0005;1259;1379;1446;9;10;0.0557999985903734;0.000186;0.0002;0.0002;600;2;2;2;300;1147;0;0.0004;1151;1446;0.0002
"Inl_ScriptableRenderer.SetPerCameraShaderVariables";0.0002;0.0001;0.003;1261;1152;1302;16;16;0.0565999986283714;0.0001886667;0.0002;0.0002;301;1;1;2;300;1147;0.0001;0.003;1152;1302;0.0001
"Crest.dll!Crest::OceanRenderer.get_MaxHorizDisplacement()";0.0002;0.0001;0.0051;1264;1148;1323;7;7;0.0613999987690477;0.0002046667;0.0002;0.0002;300;1;1;1;300;1147;0.0001;0.0051;1148;1323;0.0002
"mscorlib.dll!System.Reflection::ParameterInfo.get_ParameterType()";0.0002;0.0001;0.0005;1264;1147;1221;9;9;0.0555999986536335;0.0001853333;0.0002;0.0002;300;1;1;1;300;1147;0.0001;0.0005;1147;1221;0.0002
"Unity.RenderPipelines.Universal.Runtime.dll!UnityEngine.Rendering.Universal::UniversalRenderPipelineAsset.get_fsrOverrideSharpness()";0.0002;0.0001;0.0004;1265;1148;1446;12;12;0.0547999986156356;0.0001826667;0.0002;0.0002;301;1;1;2;300;1147;0.0001;0.0002;1148;1147;0.0001
"Unity.RenderPipelines.Universal.Runtime.dll!UnityEngine.Rendering.Universal::ScriptableRenderer.get_cameraDepthTarget()";0.0002;0.0001;0.0005;1266;1151;1446;15;15;0.0537999986190698;0.0001793333;0.0002;0.0002;301;1;1;2;300;1147;0.0001;0.0004;1151;1329;0.0002
"mscorlib.dll!System.Collections.Generic::Dictionary`2.get_Values()";0.0002;0.0001;0.0007;1267;1152;1446;5;5;0.056299998475879;0.0001876667;0.0001;0.0002;300;1;1;1;300;1147;0.0001;0.0007;1152;1446;0.0001
"mscorlib.dll!System::ValueTuple`2..ctor()";0.0002;0.0001;0.0018;1267;1152;1292;19;19;0.0605999983526999;0.000202;0.0002;0.0002;301;1;1;2;300;1147;0.0001;0.0018;1152;1292;0.0002
"Inl_NativeRenderPass SetupNativeRenderPassFrameData";0.0002;0.0001;0.0004;1271;1147;1446;15;15;0.0550999985789531;0.0001836667;0.0002;0.0002;301;1;1;2;300;1147;0.0001;0.0003;1147;1229;0.0002
"Physics.TriggerStays";0.0002;0;0.0022;1271;1164;1446;4;4;0.062899998301873;0.0002096667;0.0001;0.0003;449;1;1;16;300;1147;0;0.0004;1160;1154;0.0001
"UnityEngine.CoreModule.dll!UnityEngine::Vector2.get_right()";0.0002;0.0001;0.0027;1273;1151;1221;10;10;0.0576999986224109;0.0001923333;0.0002;0.0002;300;1;1;1;300;1147;0.0001;0.0027;1151;1221;0.0002
"Unity.RenderPipelines.Universal.Runtime.dll!::ShadowResolutionRequest..ctor()";0.0002;0.0001;0.0041;1274;1152;1356;14;14;0.0608999985124683;0.000203;0.0002;0.0002;301;1;1;2;300;1147;0.0001;0.0041;1152;1356;0.0003
"UnityEngine.CoreModule.dll!UnityEngine::Vector3.Dot()";0.0002;0.0001;0.0003;1274;1152;1175;9;9;0.0558999985441915;0.0001863333;0.0002;0.0002;300;1;1;1;300;1147;0.0001;0.0003;1152;1175;0.0002
"Crest.dll!::UniversalRegisterRendererRequirements.get_Instance()";0.0002;0.0001;0.0006;1275;1154;1307;14;14;0.058599998257705;0.0001953333;0.0002;0.0002;301;1;1;2;300;1147;0.0001;0.0006;1154;1307;0.0002
"Inl_ColorGradingLUT";0.0002;0.0001;0.003;1275;1149;1164;19;19;0.0600999985035742;0.0002003333;0.0002;0.0002;301;1;1;2;300;1147;0.0001;0.003;1149;1164;0.0002
"Inl_ColorGradingLutPass";0.0002;0.0001;0.0003;1276;1148;1177;17;17;0.0575999984357622;0.000192;0.0002;0.0002;301;1;1;2;300;1147;0.0001;0.0003;1148;1177;0.0001
"UnityEngine.UI.dll!UnityEngine.EventSystems::PointerEventData.get_pointerEnter()";0.0002;0;0.004;1276;1254;1417;10;10;0.0603999986342387;0.0002040541;0.0002;0.0002;592;2;2;2;296;1147;0;0.0038;1147;1417;0.0002
"UnityEngine.UI.dll!UnityEngine.EventSystems::PointerEventData.get_pressure()";0.0002;0;0.0003;1276;1277;1155;10;10;0.0581999985297443;0.0001966216;0.0002;0.0002;592;2;2;2;296;1147;0;0.0002;1148;1155;0.0002
"Crest.dll!Crest::SimSettingsAnimatedWaves.get_AttenuationInShallows()";0.0002;0.0001;0.003;1277;1148;1335;9;9;0.064699998460128;0.0002156667;0.0002;0.0002;300;1;1;1;300;1147;0.0001;0.003;1148;1335;0.0002
"Inl_CopyColorPass";0.0002;0.0001;0.0007;1277;1150;1446;17;17;0.0569999985164031;0.00019;0.0002;0.0002;301;1;1;2;300;1147;0.0001;0.0005;1150;1446;0.0001
"Inl_CopyDepthPass";0.0002;0.0001;0.0005;1280;1153;1446;17;17;0.0582999983962509;0.0001943333;0.0002;0.0002;301;1;1;2;300;1147;0.0001;0.0003;1153;1163;0.0002
"Inl_SSAO";0.0002;0.0001;0.0008;1281;1149;1446;19;19;0.0588999984538532;0.0001963333;0.0002;0.0002;301;1;1;2;300;1147;0.0001;0.0006;1149;1446;0.0002
"Inl_UniversalRenderPipeline.InitializeShadowData";0.0002;0.0001;0.0028;1282;1157;1441;15;15;0.0633999984056572;0.0002113333;0.0002;0.0002;301;1;1;2;300;1147;0.0001;0.0028;1157;1441;0.0002
"Assembly-CSharp.dll!::EnviroCore.SetTime()";0.0002;0.0001;0.0003;1283;1149;1153;6;6;0.0577999984307098;0.0001926667;0.0002;0.0002;300;1;1;1;300;1147;0.0001;0.0003;1149;1153;0.0002
"mscorlib.dll!System.Collections.Generic::List`1.get_Capacity()";0.0002;0.0001;0.0033;1283;1147;1180;14;15;0.0628999983964604;0.0002096667;0.0002;0.0002;600;2;2;2;300;1147;0;0.0032;1147;1180;0.0002
"Unity.InputSystem.dll!UnityEngine.InputSystem.Utilities::InlinedArray`1.get_Item()";0.0002;0.0001;0.0003;1284;1147;1162;9;9;0.0576999983022688;0.0001923333;0.0002;0.0002;300;1;1;1;300;1147;0.0001;0.0003;1147;1162;0.0002
"UnityEngine.UI.dll!UnityEngine.EventSystems::PointerEventData.set_azimuthAngle()";0.0002;0;0.0004;1284;1252;1205;10;10;0.0582999985272181;0.0001969595;0.0002;0.0002;592;2;2;2;296;1147;0;0.0002;1148;1150;0.0002
"Unity.InputSystem.dll!UnityEngine.InputSystem::InputManager.CheckAllDevicesOptimizedControlsHaveValidState()";0.0002;0.0001;0.0006;1285;1154;1171;7;7;0.0586999982842826;0.0001956667;0.0002;0.0002;300;1;1;1;300;1147;0.0001;0.0006;1154;1171;0.0003
"UnityEngine.CoreModule.dll!UnityEngine.Rendering::OnDemandRendering.get_renderFrameInterval()";0.0002;0;0.0006;1285;1362;1258;3;3;0.0578999983408721;0.000193;0.0002;0.0002;300;1;1;1;300;1147;0;0.0006;1362;1258;0.0001
"AwesomeTechnologies.VegetationStudioPro.Runtime.dll!AwesomeTechnologies.VegetationSystem::VegetationSettings.GetBillboardLayer()";0.0002;0.0001;0.0005;1286;1155;1152;7;7;0.0580999985540984;0.0001936667;0.0002;0.0002;300;1;1;1;300;1147;0.0001;0.0005;1155;1152;0.0002
"Inl_UniversalRenderPipeline.GetPerObjectLightFlags";0.0002;0.0001;0.0009;1287;1151;1446;15;15;0.0597999983438058;0.0001993333;0.0002;0.0002;301;1;1;2;300;1147;0.0001;0.0008;1151;1446;0.0002
"mscorlib.dll!System.Threading::Thread.GetCurrentCultureNoAppX()";0.0002;0.0001;0.0008;1287;1152;1446;8;25;0.0590999983542133;0.000197;0.0002;0.0002;303;1;1;4;300;1147;0.0001;0.0005;1152;1316;0.0002
"UnityEngine.CoreModule.dll!UnityEngine.Rendering::ScriptableCullingParameters.set_maximumVisibleLights()";0.0002;0.0001;0.0051;1288;1148;1172;12;12;0.069999998282583;0.0002333333;0.0001;0.0002;301;1;1;2;300;1147;0.0001;0.0051;1148;1172;0.0002
"UnityEngine.UI.dll!UnityEngine.EventSystems::PointerEventData.get_tangentialPressure()";0.0002;0;0.0003;1288;1254;1148;10;10;0.0568999985625851;0.0001922297;0.0002;0.0002;592;2;2;2;296;1147;0;0.0002;1147;1148;0.0002
"Inl_ScreenSpaceShadows Post";0.0002;0.0001;0.0003;1289;1158;1157;19;19;0.0583999984373804;0.0001946667;0.0002;0.0002;301;1;1;2;300;1147;0.0001;0.0003;1158;1157;0.0002
"EarlyUpdate.ProcessMouseInWindow";0.0002;0;0.0006;1290;1182;1356;2;2;0.0592999982618494;0.0001976667;0.0002;0.0002;300;1;1;1;300;1147;0;0.0006;1182;1356;0.0003
"Inl_UberPostProcess";0.0002;0.0001;0.0005;1291;1151;1446;21;21;0.0596999983754358;0.000199;0.0002;0.0002;301;1;1;2;300;1147;0.0001;0.0004;1151;1334;0.0002
"Inl_UniversalRenderPipeline.GetMainLightIndex";0.0002;0.0001;0.0005;1291;1151;1446;15;15;0.0599999982659938;0.0002;0.0002;0.0002;301;1;1;2;300;1147;0.0001;0.0003;1151;1149;0.0002
"UnityEngine.UI.dll!UnityEngine.EventSystems::PointerEventData.get_azimuthAngle()";0.0002;0;0.0029;1291;1225;1302;10;10;0.060799998434959;0.0002054054;0.0002;0.0002;592;2;2;2;296;1147;0;0.0028;1151;1302;0.0002
"UnityEngine.UI.dll!UnityEngine.EventSystems::PointerEventData.get_radius()";0.0002;0.0001;0.0032;1291;1149;1215;10;10;0.0662999985725037;0.0002239865;0.0002;0.0002;592;2;2;2;296;1147;0;0.0031;1149;1215;0.0002
"Inl_CopyDepth";0.0002;0.0001;0.0004;1292;1154;1446;19;19;0.059699998353608;0.000199;0.0002;0.0002;301;1;1;2;300;1147;0.0001;0.0003;1154;1165;0.0001
"Inl_ScreenSpaceShadows";0.0002;0.0001;0.0007;1292;1147;1446;19;19;0.0599999983751331;0.0002;0.0002;0.0002;301;1;1;2;300;1147;0.0001;0.0005;1147;1446;0.0002
"Inl_ScriptableRenderer.AddRenderPasses";0.0002;0.0001;0.0008;1292;1152;1446;15;15;0.0606999982701382;0.0002023333;0.0002;0.0002;301;1;1;2;300;1147;0.0001;0.0006;1152;1446;0.0001
"UnityEngine.UI.dll!UnityEngine.UI::InputField.get_text()";0.0002;0.0001;0.0055;1292;1148;1311;7;7;0.0661999984949944;0.0002206667;0.0002;0.0002;300;1;1;1;300;1147;0.0001;0.0055;1148;1311;0.0002
"Inl_Sort Render Passes";0.0002;0.0001;0.0004;1293;1164;1434;14;14;0.0600999983143993;0.0002003333;0.0002;0.0002;301;1;1;2;300;1147;0.0001;0.0004;1164;1434;0.0002
"PrepareSceneNodesSetUp";0.0002;0.0001;0.0092;1293;1162;1387;16;16;0.127199999333243;0.001514286;0.0001;0.0024;101;1;1;3;84;1150;0;0.0092;1160;1387;0.0021
"Unity.RenderPipelines.Universal.Runtime.dll!UnityEngine.Rendering.Universal::TransparentSettingsPass.Setup()";0.0002;0.0001;0.0006;1293;1150;1208;12;12;0.0632999985100469;0.000211;0.0002;0.0002;301;1;1;2;300;1147;0.0001;0.0006;1150;1208;0.0002
"Crest.dll!Crest::OceanChunkRenderer.BeginCameraRendering()";0.0002;0.0001;0.0006;1294;1150;1446;13;13;0.0589999981530127;0.0001966667;0.0002;0.0002;301;1;1;2;300;1147;0.0001;0.0004;1150;1446;0.0002
"Inl_UniversalRenderPipeline.InitializeAdditionalCameraData";0.0002;0.0001;0.0028;1294;1155;1215;13;13;0.0620999983220827;0.000207;0.0002;0.0002;301;1;1;2;300;1147;0.0001;0.0028;1155;1215;0.0002
"Inl_DrawOpaqueObjects";0.0002;0.0001;0.0006;1295;1148;1446;19;19;0.0607999983039917;0.0002026667;0.0002;0.0002;301;1;1;2;300;1147;0.0001;0.0004;1148;1330;0.0002
"Unity.InputSystem.dll!UnityEngine.InputSystem::InputSettings.get_maxEventBytesPerUpdate()";0.0002;0.0001;0.0003;1296;1180;1155;8;8;0.020699999477074;0.0002225806;0.0002;0.0003;186;2;2;2;93;1153;0;0.0002;1180;1155;0.0002
"mscorlib.dll!System::DateTime..ctor()";0.0002;0;0.0005;1297;1423;1446;9;10;0.0602999984766939;0.000201;0.0002;0.0002;600;2;2;2;300;1147;0;0.0004;1147;1446;0.0002
"Inl_DepthNormalPrepass";0.0002;0.0001;0.0009999999;1298;1153;1446;19;19;0.0612999982768088;0.0002043333;0.0002;0.0002;301;1;1;2;300;1147;0.0001;0.0007;1153;1446;0.0002
"Inl_ScriptableRenderer.InternalStartRendering";0.0002;0.0001;0.0009;1298;1165;1446;15;15;0.0617999982423498;0.000206;0.0002;0.0002;301;1;1;2;300;1147;0.0001;0.0007;1165;1446;0.0002
"Unity.InputSystem.dll!UnityEngine.InputSystem.Utilities::MemoryHelpers.Swap()";0.0002;0.0001;0.0011;1298;1147;1161;9;9;0.062499998282874;0.0002083333;0.0002;0.0002;300;1;1;1;300;1147;0.0001;0.0011;1147;1161;0.0002
"Assembly-CSharp.dll!::EnviroCore.ChangeSeason()";0.0002;0.0001;0.0003;1299;1213;1179;6;6;0.00359999989450444;0.0002;0.0002;0.0002;18;1;1;1;18;1161;0.0001;0.0003;1213;1179;0
"UnityEngine.UI.dll!UnityEngine.EventSystems::PointerEventData.set_twist()";0.0002;0.0001;0.0004;1299;1154;1384;10;10;0.0618999984362745;0.0002091216;0.0002;0.0002;592;2;2;2;296;1147;0;0.0002;1154;1150;0.0002
"Inl_CopyColor";0.0002;0.0001;0.0014;1300;1156;1446;19;19;0.0615999982474023;0.0002053333;0.0002;0.0002;301;1;1;2;300;1147;0.0001;0.0012;1156;1446;0.0002
"Inl_RenderCameraStack";0.0002;0.0001;0.0012;1300;1149;1446;9;9;0.062099998263875;0.000207;0.0002;0.0002;301;1;1;2;300;1147;0.0001;0.001;1149;1446;0.0002
"UnityEngine.UI.dll!UnityEngine.EventSystems::PointerEventData.get_altitudeAngle()";0.0002;0.0001;0.0004;1300;1160;1340;10;10;0.0608999984615366;0.0002057432;0.0002;0.0002;592;2;2;2;296;1147;0;0.0002;1155;1150;0.0003
"Unity.RenderPipelines.Core.Runtime.dll!UnityEngine.Rendering::Volume.get_isGlobal()";0.0002;0.0001;0.0029;1301;1168;1333;12;12;0.0751999983913265;0.0002506667;0.0002;0.0002;602;2;2;4;300;1147;0;0.0028;1168;1333;0.0002
"Inl_DrawTransparentObjects";0.0002;0.0001;0.0004;1302;1148;1446;19;19;0.0625999981348286;0.0002086667;0.0002;0.0002;301;1;1;2;300;1147;0.0001;0.0003;1148;1162;0.0002
"Inl_PostProcessPass";0.0002;0.0001;0.0015;1302;1170;1270;17;17;0.0629999981974834;0.00021;0.0002;0.0002;301;1;1;2;300;1147;0.0001;0.0015;1170;1270;0.0002
"Inl_MainLightShadowCasterPass";0.0002;0.0001;0.0005;1304;1179;1446;17;17;0.0618999981888919;0.0002063333;0.0002;0.0002;301;1;1;2;300;1147;0.0001;0.0004;1179;1389;0.0002
"Physics.UpdateCloth";0.0002;0;0.0051;1306;1177;1167;3;3;0.0654999986290932;0.0002183333;0.0002;0.0003;600;2;2;2;300;1147;0;0.0051;1149;1167;0.0051
"Assembly-CSharp.dll!UnityEngine.Rendering.LWRP::EnviroBlitPassShafts.set_destination()";0.0002;0.0001;0.0007;1307;1153;1446;16;16;0.0628999984037364;0.0002096667;0.0002;0.0002;602;2;2;4;300;1147;0;0.0003;1153;1446;0.0002
"Inl_RenderPipeline.BeginCameraRendering";0.0002;0.0001;0.0019;1307;1147;1446;10;10;0.0642999980700552;0.0002143333;0.0002;0.0002;301;1;1;2;300;1147;0.0001;0.0016;1147;1446;0.0003
"UnityEngine.UI.dll!UnityEngine.EventSystems::PointerEventData.set_tangentialPressure()";0.0002;0.0001;0.0006;1307;1150;1417;10;10;0.0611999984903377;0.0002067568;0.0002;0.0002;592;2;2;2;296;1147;0;0.0005;1150;1417;0.0002
"FindDirectionalShadowCastingLights";0.0002;0.0001;0.0007;1308;1152;1446;16;16;0.0639999982668087;0.0002133333;0.0002;0.0002;301;1;1;2;300;1147;0.0001;0.0006;1152;1269;0.0002
"Inl_RenderPassBlock.BeforeRendering";0.0002;0.0001;0.0004;1308;1156;1387;14;14;0.0626999981541303;0.000209;0.0002;0.0002;301;1;1;2;300;1147;0.0001;0.0004;1156;1387;0.0002
"Unity.RenderPipelines.Universal.Runtime.dll!UnityEngine.Rendering.Universal.Internal::CopyDepthPass.get_destination()";0.0002;0.0001;0.0023;1308;1164;1307;15;18;0.0672999984162743;0.0002243333;0.0002;0.0002;602;2;2;4;300;1147;0;0.0022;1164;1307;0.0003
"UnityEngine.CoreModule.dll!UnityEngine.Rendering::VisibleLight.get_range()";0.0002;0.0001;0.003;1311;1149;1335;20;20;0.0743999982223613;0.000248;0.0002;0.0002;602;2;2;4;300;1147;0;0.0029;1149;1335;0.0002
"mscorlib.dll!System::Delegate.Combine()";0.0002;0.0001;0.0006;1313;1172;1446;10;15;0.0633999983983813;0.0002113333;0.0002;0.0002;600;2;2;2;300;1147;0;0.0004;1160;1446;0.0002
"Unity.RenderPipelines.Universal.Runtime.dll!UnityEngine.Rendering.Universal.Internal::AdditionalLightsShadowCasterPass.MinimalPunctualLightShadowResolution()";0.0002;0.0001;0.003;1314;1157;1327;14;15;0.0647999983921181;0.000216;0.0002;0.0002;602;2;2;4;300;1147;0;0.0029;1147;1327;0.0002
"Unity.RenderPipelines.Universal.Runtime.dll!UnityEngine.Rendering.Universal::UniversalRenderPipelineAsset.get_mainLightShadowmapResolution()";0.0002;0.0001;0.0008;1315;1148;1446;14;14;0.0627999984062626;0.0002093333;0.0002;0.0002;602;2;2;4;300;1147;0;0.0003;1148;1446;0.0003
"Unity.RenderPipelines.Universal.Runtime.dll!UnityEngine.Rendering.Universal::UniversalRenderPipelineAsset.get_shadowNormalBias()";0.0002;0.0001;0.0006;1316;1148;1446;14;14;0.0633999983911053;0.0002113333;0.0002;0.0002;602;2;2;4;300;1147;0;0.0003;1148;1446;0.0003
"UnityEngine.CoreModule.dll!UnityEngine.Rendering::RenderPipeline.get_disposed()";0.0002;0.0001;0.0005;1316;1159;1446;4;5;0.0645999983607908;0.0002153333;0.0002;0.0002;602;2;2;4;300;1147;0;0.0003;1159;1446;0.0003
"UnityEngine.CoreModule.dll!UnityEngine.Rendering::RenderPipelineManager.EndContextRendering()";0.0002;0.0001;0.0006;1316;1150;1186;8;8;0.0632999981025932;0.000211;0.0002;0.0002;301;1;1;2;300;1147;0.0001;0.0006;1150;1186;0.0001
"Inl_Setup Camera Parameters";0.0002;0.0001;0.0005;1317;1181;1446;14;14;0.0634999981120927;0.0002116667;0.0002;0.0002;301;1;1;2;300;1147;0.0001;0.0004;1181;1205;0.0002
"Inl_Render PostProcessing Effects";0.0002;0.0001;0.0007;1319;1165;1446;19;19;0.065399998005887;0.000218;0.0002;0.0002;301;1;1;2;300;1147;0.0001;0.0007;1165;1287;0.0002
"Inl_UniversalRenderPipeline.SetupPerFrameShaderConstants";0.0002;0.0001;0.0006;1320;1154;1446;9;9;0.0638999979928485;0.000213;0.0002;0.0002;301;1;1;2;300;1147;0.0001;0.0004;1154;1187;0.0003
"Unity.InputSystem.dll!UnityEngine.InputSystem::InputManager.WarnAboutDevicesFailingToRecreateAfterDomainReload()";0.0002;0.0001;0.0003;1320;1217;1156;7;7;0.0636999980270048;0.0002123333;0.0002;0.0002;300;1;1;1;300;1147;0.0001;0.0003;1217;1156;0.0002
"Unity.RenderPipelines.Universal.Runtime.dll!UnityEngine.Rendering.Universal.Internal::CopyColorPass.get_source()";0.0002;0;0.0008;1320;1357;1446;17;18;0.0639999983541202;0.0002133333;0.0002;0.0002;602;2;2;4;300;1147;0;0.0004;1154;1446;0.0001
"Inl_RenderPassBlock.MainRenderingTransparent";0.0002;0.0001;0.0007;1325;1148;1446;14;14;0.0659999979252461;0.00022;0.0002;0.0002;301;1;1;2;300;1147;0.0001;0.0005;1148;1446;0.0002
"Inl_RenderPipeline.EndContextRendering";0.0002;0.0001;0.0009;1326;1178;1446;8;8;0.0651999979600077;0.0002173333;0.0002;0.0002;301;1;1;2;300;1147;0.0001;0.0007;1178;1446;0.0002
"Unity.RenderPipelines.Universal.Runtime.dll!UnityEngine.Rendering.Universal::XRSystem.EndLateLatching()";0.0002;0.0001;0.0052;1326;1162;1412;8;8;0.077399997797329;0.000258;0.0002;0.0002;301;1;1;2;300;1147;0.0001;0.0052;1162;1412;0.0002
"EditorConnection.RefreshObservablePlayerList";0.0002;0.0001;0.0049;1330;1147;1417;3;3;0.0789999982298468;0.0002633333;0.0002;0.0003;300;1;1;1;300;1147;0.0001;0.0049;1147;1417;0.0002
"Unity.RenderPipelines.Universal.Runtime.dll!UnityEngine.Rendering.Universal::UniversalAdditionalCameraData.get_renderPostProcessing()";0.0002;0.0001;0.003;1330;1177;1368;8;12;0.0802999982479378;0.0002676666;0.0002;0.0002;602;2;2;4;300;1147;0;0.0029;1177;1368;0.0002
"Inl_MainLightShadow";0.0002;0.0001;0.0037;1333;1151;1360;20;20;0.0741999977253727;0.0002473333;0.0002;0.0002;301;1;1;2;300;1147;0.0001;0.0037;1151;1360;0.0002
"Assembly-CSharp-firstpass.dll!PixelCrushers.DialogueSystem::Lua.get_wasInvoked()";0.0002;0.0001;0.0005;1336;1149;1252;5;5;0.0633999979836517;0.0002113333;0.0002;0.0002;300;1;1;1;300;1147;0.0001;0.0005;1149;1252;0.0004
"Inl_ScriptableRenderContext.Submit";0.0002;0.0001;0.0007;1336;1306;1446;11;11;0.0674999979237327;0.000225;0.0002;0.0002;301;1;1;2;300;1147;0.0001;0.0005;1306;1330;0.0002
"UnityEngine.CoreModule.dll!UnityEngine.Rendering::RenderPipelineManager.GetCurrentPipelineAssetType()";0.0002;0.0001;0.0038;1336;1149;1231;2;2;0.0698999978922075;0.000233;0.0002;0.0002;301;1;1;2;300;1147;0.0001;0.0038;1149;1231;0.0002
"mscorlib.dll!System.Text::ValueStringBuilder.Append()";0.0002;0.0001;0.0003;1337;1254;1153;10;10;0.0670999977519386;0.0002236667;0.0002;0.0003;300;1;1;1;300;1147;0.0001;0.0003;1254;1153;0.0003
"TimeManager.Update";0.0002;0.0001;0.0052;1338;1149;1185;3;3;0.0723999980618828;0.0002413333;0.0002;0.0002;300;1;1;1;300;1147;0.0001;0.0052;1149;1185;0.0002
"UnityEngine.CoreModule.dll!UnityEngine::Vector3.Distance()";0.0002;0.0001;0.0003;1338;1147;1154;7;7;0.0669999977908446;0.0002233333;0.0002;0.0002;300;1;1;1;300;1147;0.0001;0.0003;1147;1154;0.0002
"Unity.RenderPipelines.Universal.Runtime.dll!UnityEngine.Rendering.Universal.Internal::DepthNormalOnlyPass.get_allocateNormal()";0.0002;0.0001;0.0006;1341;1264;1446;15;16;0.0674999982948066;0.000225;0.0002;0.0002;602;2;2;4;300;1147;0;0.0002;1264;1148;0.0003
"Physics.TriggerEnterExits";0.0002;0.0001;0.0051;1342;1147;1321;4;4;0.078399997924862;0.0002613333;0.0002;0.0003;449;1;1;16;300;1147;0;0.005;1153;1321;0.0002
"Mirror.dll!Mirror::NetworkClient.get_connection()";0.0002;0.0001;0.0045;1344;1153;1411;5;5;0.0753999982698588;0.0002513333;0.0002;0.0003;600;2;2;2;300;1147;0;0.0044;1153;1411;0.0002
"Unity.RenderPipelines.Universal.Runtime.dll!UnityEngine.Rendering.Universal::UniversalRenderPipelineAsset.get_additionalLightsShadowResolutionTierHigh()";0.0002;0.0001;0.0011;1346;1147;1172;15;15;0.0665999983757501;0.000222;0.0002;0.0003;602;2;2;4;300;1147;0;0.001;1147;1172;0.0003
"UnityEngine.CoreModule.dll!UnityEngine::RenderTextureDescriptor.get_useDynamicScale()";0.0002;0.0001;0.0031;1346;1152;1338;19;19;0.0686999983590795;0.000229;0.0002;0.0003;602;2;2;4;300;1147;0;0.003;1152;1338;0.0002
"Assembly-CSharp.dll!::<>c__DisplayClass5_0..ctor()";0.0002;0.0001;0.0006;1348;1148;1446;5;5;0.0656999983766582;0.000219;0.0002;0.0003;600;2;2;2;300;1147;0;0.0005;1148;1446;0.0003
"Inl_UniversalRenderPipeline.InitializeLightData";0.0002;0.0001;0.0004;1349;1266;1213;15;15;0.0669999977908446;0.0002233333;0.0002;0.0002;301;1;1;2;300;1147;0.0001;0.0004;1266;1213;0.0002
"AwesomeTechnologies.VegetationStudioPro.Runtime.dll!AwesomeTechnologies.VegetationSystem::VegetationSettings.GetVegetationDistance()";0.0002;0.0001;0.0004;1350;1175;1446;6;6;0.0665999983102665;0.000222;0.0002;0.0003;600;2;2;2;300;1147;0;0.0003;1148;1446;0.0002
"Unity.RenderPipelines.Universal.Runtime.dll!UnityEngine.Rendering.Universal::UniversalAdditionalCameraData.get_allowXRRendering()";0.0002;0.0001;0.0007;1352;1224;1446;8;12;0.0689999982496374;0.00023;0.0002;0.0003;602;2;2;4;300;1147;0;0.0003;1224;1446;0.0002
"Unity.RenderPipelines.Universal.Runtime.dll!UnityEngine.Rendering.Universal::UniversalRenderPipelineAsset.get_supportsSoftShadows()";0.0002;0.0001;0.0006;1354;1147;1446;14;14;0.067899997724453;0.0002263333;0.0002;0.0003;301;1;1;2;300;1147;0.0001;0.0005;1147;1446;0.0003
"Unity.RenderPipelines.Universal.Runtime.dll!UnityEngine.Rendering.Universal::RenderingUtils.get_useStructuredBuffer()";0.0002;0.0001;0.0031;1356;1241;1215;14;18;0.0762999983344343;0.0002543333;0.0002;0.0003;602;2;2;4;300;1147;0;0.003;1241;1215;0.0003
"FixedUpdate.XRFixedUpdate";0.0002;0.0001;0.0034;1358;1162;1446;2;2;0.0825999978042091;0.0002753333;0.0002;0.0003;449;1;1;16;300;1147;0;0.0006;1158;1350;0.0002
"Assembly-CSharp.dll!UnityEngine.Rendering.LWRP::EnviroBlitPassShafts.FrameCleanup()";0.0002;0.0001;0.0004;1361;1152;1318;14;14;0.0661999983276473;0.0002206667;0.0002;0.0003;602;2;2;4;300;1147;0;0.0002;1152;1148;0.0003
"UnityEngine.CoreModule.dll!UnityEngine::Vector3Int.get_z()";0.0002;0.0001;0.003;1364;1158;1159;8;8;0.0732999982064939;0.0002443333;0.0002;0.0003;600;2;2;2;300;1147;0;0.0028;1158;1159;0.0002
"VisualDesignCafe.Rendering.Nature.dll!VisualDesignCafe.Rendering.Nature::NatureRenderer.get_Renderers()";0.0002;0.0001;0.0006;1364;1148;1270;11;11;0.0705999975980376;0.0002353333;0.0002;0.0003;301;1;1;2;300;1147;0.0001;0.0006;1148;1270;0.0003
"UnityEngine.CoreModule.dll!UnityEngine::Vector4.get_one()";0.0002;0.0001;0.0007;1366;1147;1414;6;6;0.0695999981689965;0.000232;0.0002;0.0003;600;2;2;2;300;1147;0;0.0006;1147;1414;0.0002
"Update Lights";0.0002;0;0.0006;1368;1362;1165;3;3;0.0681999976295629;0.0002273333;0.0002;0.0003;300;1;1;1;300;1147;0;0.0006;1362;1165;0.0002
"Unity.RenderPipelines.Universal.Runtime.dll!UnityEngine.Rendering.Universal.Internal::CopyDepthPass.set_AllocateRT()";0.0002;0.0001;0.003;1369;1150;1284;12;13;0.0703999982506502;0.0002346667;0.0002;0.0003;602;2;2;4;300;1147;0;0.0029;1150;1284;0.0004
"UnityEngine.CoreModule.dll!UnityEngine.Events::BaseInvokableCall..ctor()";0.0002;0.0001;0.0004;1369;1152;1261;9;14;0.0681999982771231;0.0002273333;0.0002;0.0003;600;2;2;2;300;1147;0;0.0002;1152;1147;0.0002
"Crest.dll!Crest::Hashy.CreateHash()";0.0002;0.0001;0.0016;1373;1151;1328;7;12;0.0721999982270063;0.0002406667;0.0002;0.0003;600;2;2;2;300;1147;0;0.0015;1151;1328;0.0002
"Unity.RenderPipelines.Universal.Runtime.dll!UnityEngine.Rendering.Universal::UniversalAdditionalCameraData.get_volumeLayerMask()";0.0002;0.0001;0.0005;1373;1341;1446;11;12;0.0709999982063891;0.0002366667;0.0002;0.0003;602;2;2;4;300;1147;0;0.0002;1226;1148;0.0003
"Inl_RenderPassBlock.MainRenderingOpaque";0.0002;0.0001;0.0006;1374;1150;1413;14;14;0.0708999974594917;0.0002363333;0.0002;0.0003;301;1;1;2;300;1147;0.0001;0.0006;1150;1413;0.0003
"Unity.InputSystem.dll!UnityEngine.InputSystem::InputManager.get_gameHasFocus()";0.0002;0.0001;0.0017;1374;1149;1446;7;7;0.104699997427815;0.000349;0.0002;0.0005;833;1;1;10;300;1147;0;0.0017;1153;1446;0.0003
"UnityEngine.UI.dll!UnityEngine.EventSystems::PointerEventData.set_radius()";0.0002;0.0001;0.0036;1374;1326;1279;10;10;0.0794999983627349;0.0002685811;0.0002;0.0003;592;2;2;2;296;1147;0;0.0034;1326;1279;0.0002
"mscorlib.dll!::NumberBuffer.set_sign()";0.0002;0.0001;0.0005;1375;1147;1446;9;10;0.0685999982670182;0.0002286667;0.0002;0.0003;600;2;2;2;300;1147;0;0.0004;1147;1446;0.0002
"Inl_AdditionalLightsShadowCasterPass";0.0002;0.0002;0.0005;1376;1147;1446;17;17;0.0713999974104809;0.000238;0.0002;0.0003;301;1;1;2;300;1147;0.0002;0.0004;1147;1342;0.0002
"FixedUpdate.ClearLines";0.0002;0.0001;0.0074;1379;1157;1446;2;2;0.110199997412565;0.0003673333;0.0001;0.0004;449;1;1;16;300;1147;0;0.0044;1407;1272;0.0001
"Unity.RenderPipelines.Universal.Runtime.dll!UnityEngine.Rendering.Universal::UniversalRenderPipelineAsset.get_supportsCameraDepthTexture()";0.0002;0.0001;0.0108;1379;1148;1354;13;13;0.106099998010905;0.0003536667;0.0002;0.0003;301;1;1;2;300;1147;0.0001;0.0108;1148;1354;0.0002
"UnityEngine.UI.dll!UnityEngine.EventSystems::PointerEventData.get_radiusVariance()";0.0002;0.0001;0.0004;1381;1147;1420;10;10;0.0675999982922804;0.0002283784;0.0002;0.0003;592;2;2;2;296;1147;0;0.0002;1147;1149;0.0002
"Unity.InputSystem.dll!UnityEngine.InputSystem.LowLevel::InputEventBuffer.get_eventCount()";0.0002;0.0001;0.0023;1383;1150;1148;5;8;0.0719999982247828;0.00024;0.0002;0.0003;693;2;2;3;300;1147;0;0.0022;1150;1148;0.0003
"Physics.JointBreaks";0.0002;0.0001;0.0018;1384;1151;1446;4;4;0.0781999978862586;0.0002606667;0.0002;0.0003;449;1;1;16;300;1147;0;0.0007;1151;1157;0.0002
"Unity.InputSystem.dll!UnityEngine.InputSystem.LowLevel::InputEventPtr.get_valid()";0.0002;0.0001;0.003200001;1384;1150;1191;8;11;0.152799996285466;0.0005093333;0.0002;0.0009999999;1759;2;2;21;300;1147;0;0.002;1150;1191;0.0009999999
"Unity.RenderPipelines.Universal.Runtime.dll!::RenderingFeatures.get_msaa()";0.0002;0.0001;0.0012;1388;1444;1446;7;10;0.0735999981261557;0.0002453333;0.0002;0.0003;601;2;2;3;300;1147;0;0.0008;1444;1446;0.0002
"Unity.RenderPipelines.Universal.Runtime.dll!UnityEngine.Rendering.Universal::PostProcessPasses.get_postProcessPass()";0.0002;0.0001;0.0007;1388;1154;1446;13;13;0.0699999982243753;0.0002333333;0.0002;0.0003;602;2;2;4;300;1147;0;0.0003;1147;1446;0.0002
"Crest.dll!::SegmentRegistrarRingBuffer.ReleaseLast()";0.0002;0.0001;0.0007;1390;1148;1260;4;4;0.0736999974615173;0.0002456667;0.0002;0.0003;300;1;1;1;300;1147;0.0001;0.0007;1148;1260;0.0003
"UnityEngine.CoreModule.dll!UnityEngine.Rendering::VisibleLight.get_spotAngle()";0.0002;0.0001;0.0008;1390;1161;1446;20;20;0.0721999981687986;0.0002406667;0.0002;0.0003;602;2;2;4;300;1147;0;0.0003;1161;1446;0.0003
"UnityEngine.CoreModule.dll!UnityEngine::Vector3.get_back()";0.0002;0.0001;0.0008;1392;1164;1446;8;8;0.0712999981842586;0.0002376667;0.0002;0.0003;600;2;2;2;300;1147;0;0.0004;1157;1446;0.0002
"UnityEngine.UI.dll!UnityEngine.EventSystems::RaycasterManager.GetRaycasters()";0.0002;0.0001;0.0023;1392;1165;1218;10;10;0.0730999974621227;0.0002469594;0.0002;0.0003;296;1;1;1;296;1147;0.0001;0.0023;1165;1218;0.0003
"EarlyUpdate.PerformanceAnalyticsUpdate";0.0002;0.0001;0.0007;1393;1153;1184;2;2;0.0740999972840655;0.000247;0.0002;0.0003;300;1;1;1;300;1147;0.0001;0.0007;1153;1184;0.0002
"UnityEngine.UI.dll!UnityEngine.EventSystems::PointerEventData.get_twist()";0.0002;0.0001;0.0004;1394;1153;1264;10;10;0.0696999982392299;0.000235473;0.0002;0.0003;592;2;2;2;296;1147;0;0.0002;1152;1149;0.0002
"Crest.dll!Crest::LodDataMgrFoam.get_ShaderSim()";0.0002;0.0001;0.0037;1395;1179;1446;10;10;0.077399998132023;0.000258;0.0002;0.0003;630;2;2;20;300;1147;0;0.0005;1179;1446;0.0003
"mscorlib.dll!System::Nullable`1.GetValueOrDefault()";0.0002;0.0001;0.0029;1395;1164;1337;7;20;0.0760999980411725;0.0002536667;0.0002;0.0003;601;2;2;3;300;1147;0;0.0028;1164;1337;0.0002
"UnityEngine.CoreModule.dll!Unity.Collections::NativeSlice`1.get_Stride()";0.0002;0.0001;0.0007;1401;1181;1446;9;11;0.0746999981420231;0.000249;0.0002;0.0003;600;2;2;2;300;1147;0;0.0005;1181;1446;0.0002
"UnityEngine.CoreModule.dll!UnityEngine::BoundingSphere..ctor()";0.0002;0.0001;0.0025;1401;1166;1217;5;5;0.0731999981289846;0.000244;0.0002;0.0003;600;2;2;2;300;1147;0;0.0024;1149;1217;0.0003
"mscorlib.dll!System::Type.get_DefaultBinder()";0.0002;0.0001;0.0007;1405;1205;1227;8;8;0.0761999974783976;0.000254;0.0002;0.0003;300;1;1;1;300;1147;0.0001;0.0007;1205;1227;0.0003
"UnityEngine.UI.dll!UnityEngine.EventSystems::PointerEventData.set_altitudeAngle()";0.0002;0.0001;0.0004;1407;1149;1164;10;10;0.0714999981937581;0.0002415541;0.0002;0.0003;592;2;2;2;296;1147;0;0.0002;1149;1147;0.0003
"Assembly-CSharp-firstpass.dll!PixelCrushers.DialogueSystem::UnityUIQuestLogWindow.Update()";0.0002;0.0001;0.0009;1410;1147;1261;4;4;0.0820999977731844;0.0002736667;0.0002;0.0003;300;1;1;1;300;1147;0.0001;0.0009;1147;1261;0.0004
"Unity.RenderPipelines.Universal.Runtime.dll!UnityEngine.Rendering.Universal::PostProcessPasses.get_colorGradingLut()";0.0002;0.0001;0.003;1411;1213;1221;13;13;0.0764999980892753;0.000255;0.0002;0.0003;602;2;2;4;300;1147;0;0.0028;1157;1221;0.0002
"UnityEngine.UI.dll!UnityEngine.EventSystems::PointerEventData.set_pressure()";0.0002;0.0001;0.0026;1412;1158;1163;10;10;0.0728999981656671;0.0002462838;0.0002;0.0003;592;2;2;2;296;1147;0;0.0025;1155;1163;0.0003
"PostLateUpdate.UpdateRectTransform";0.0002;0.0001;0.0054;1414;1191;1366;2;2;0.0817999975843122;0.0002726667;0.0002;0.0003;300;1;1;1;300;1147;0.0001;0.0054;1191;1366;0.0002
"Inl_ScriptableRenderer.SetupLights";0.0002;0.0002;0.0006;1417;1147;1446;14;14;0.0736999972141348;0.0002456667;0.0002;0.0003;301;1;1;2;300;1147;0.0002;0.0004;1147;1200;0.0003
"Unity.RenderPipelines.Universal.Runtime.dll!UnityEngine.Rendering.Universal::XRSystem.UpdateMSAALevel()";0.0002;0.0001;0.0052;1417;1149;1379;6;6;0.0847999982215697;0.0002826667;0.0002;0.0003;301;1;1;2;300;1147;0.0001;0.0052;1149;1379;0.0002
"UnityEngine.CoreModule.dll!UnityEngine.Rendering::VisibleLight.get_finalColor()";0.0002;0.0001;0.0029;1421;1187;1408;20;20;0.0887999980186578;0.000296;0.0002;0.0003;602;2;2;4;300;1147;0;0.0028;1187;1408;0.0003
"Unity.RenderPipelines.Universal.Runtime.dll!UnityEngine.Rendering.Universal::UniversalAdditionalCameraData.get_volumeTrigger()";0.0002;0.0002;0.0026;1422;1147;1250;11;12;0.0778999980320805;0.0002596667;0.0002;0.0003;602;2;2;4;300;1147;0.0001;0.0025;1147;1250;0.0003
"EarlyUpdate.SpriteAtlasManagerUpdate";0.0002;0.0001;0.0008;1424;1155;1184;2;2;0.0751999973654165;0.0002506667;0.0002;0.0003;300;1;1;1;300;1147;0.0001;0.0008;1155;1184;0.0002
"Physics.UpdateVehicles";0.0002;0.0001;0.0018;1427;1201;1446;3;3;0.0843999978314969;0.0002813333;0.0002;0.0003;449;1;1;16;300;1147;0;0.0006;1151;1340;0.0002
"UnityEngine.UI.dll!UnityEngine.EventSystems::PointerEventData.set_radiusVariance()";0.0002;0.0001;0.003;1427;1148;1332;10;10;0.0778999982212554;0.0002631757;0.0002;0.0003;592;2;2;2;296;1147;0;0.0029;1148;1332;0.0003
"UnityEngine.CoreModule.dll!Unity.Collections::NativeSlice`1.get_Length()";0.0002;0.0001;0.0035;1428;1196;1270;9;11;0.0811999980942346;0.0002706667;0.0002;0.0003;600;2;2;2;300;1147;0;0.0033;1196;1270;0.0003
"EarlyUpdate.UpdateMainGameViewRect";0.0002;0.0001;0.0012;1429;1167;1446;2;2;0.079199997431715;0.000264;0.0002;0.0003;300;1;1;1;300;1147;0.0001;0.0012;1167;1446;0.0001
"Unity.InputSystem.dll!UnityEngine.InputSystem::InputControl.GetDeviceIndex()";0.0002;0.0001;0.0007;1432;1160;1277;10;10;0.0797999975184212;0.000266;0.0002;0.0003;393;1;1;2;300;1147;0.0001;0.0006;1153;1444;0.0002
"UnityEngine.CoreModule.dll!UnityEngine::Vector3Int.set_y()";0.0002;0.0001;0.0005;1434;1167;1152;8;8;0.0727999981099856;0.0002426667;0.0002;0.0003;600;2;2;2;300;1147;0;0.0003;1151;1152;0.0001
"Inl_RenderPassBlock.AfterRendering";0.0002;0.0002;0.0009999999;1436;1147;1446;14;14;0.0759999970177887;0.0002533333;0.0002;0.0003;301;1;1;2;300;1147;0.0002;0.0008;1147;1446;0.0002
"VisualDesignCafe.Nature.dll!VisualDesignCafe.Nature::RuntimeEntryPoint.OnGUI()";0.0002;0.0001;0.0004;1438;1151;1188;3;3;0.0757999980851309;0.0002535117;0.0002;0.0003;598;2;2;2;299;1147;0;0.0002;1151;1147;0.0002
"UnityEngine.CoreModule.dll!Unity.Collections::NativeArray`1.get_IsCreated()";0.0002;0.0001;0.0102;1440;1160;1248;4;8;0.0895999979038606;0.0002986667;0.0002;0.0003;393;1;1;2;300;1147;0.0001;0.0102;1155;1248;0.0005
"Unity.RenderPipelines.Universal.Runtime.dll!UnityEngine.Rendering.Universal::PostProcessPasses.get_colorGradingLutPass()";0.0002;0.0001;0.0051;1444;1147;1294;13;13;0.0796999979793327;0.0002656667;0.0002;0.0003;602;2;2;4;300;1147;0;0.005;1147;1294;0.0002
"Unity.InputSystem.dll!UnityEngine.InputSystem::InputSettings.get_editorInputBehaviorInPlayMode()";0.0002;0.0002;0.0003;1445;1444;1443;7;7;0.00089999996998813;0.000225;0.0002;0.0002;4;1;1;1;4;1443;0.0002;0.0003;1444;1443;0
"Unity.RenderPipelines.Universal.Runtime.dll!Beautify.Universal::BeautifySettings.UnloadBeautify()";0.0002;0.0002;0.0002;1446;1446;1446;16;16;0.000199999994947575;0.0002;0.0002;0.0002;1;1;1;1;1;1446;0.0002;0.0002;1446;1446;0
"UnityEngine.CoreModule.dll!UnityEngine::Mesh.DefaultDimensionForChannel()";0.0002;0.0002;0.0002;1446;1446;1446;23;25;0.000199999994947575;0.0002;0.0002;0.0002;2;2;2;2;1;1446;0.0001;0.0001;1446;1446;0
"UnityEngine.IMGUIModule.dll!::LayoutCache.set_id()";0.0002;0.0002;0.0002;1446;1446;1446;7;7;0.000199999994947575;0.0002;0.0002;0.0002;1;1;1;1;1;1446;0.0002;0.0002;1446;1446;0
"Send messages";0.0001;0;0.0005;1171;1147;1446;4;4;0.0170999996043975;5.7E-05;0;0.0001;300;1;1;1;300;1147;0;0.0005;1147;1446;0.0001
"ConstraintManager::Update::JobSetup";0.0001;0;0.0001;1175;1147;1150;4;4;0.0166999995781225;5.566666E-05;0;0.0001;300;1;1;1;300;1147;0;0.0001;1147;1150;0
"Physics.Contacts";0.0001;0;0.0009999999;1209;1154;1446;4;4;0.0231999994139187;7.733333E-05;0;0.0001;449;1;1;16;300;1147;0;0.0001;1148;1147;0.0001
"PostLateUpdate.UpdateCaptureScreenshot";0.0001;0;0.0001;1211;1147;1148;2;2;0.0187999995250721;6.266667E-05;0;0.0001;300;1;1;1;300;1147;0;0.0001;1147;1148;0
"UnityEngine.CoreModule.dll!UnityEngine::Ray.get_direction()";0.0001;0.0001;0.0002;1239;1147;1148;5;5;0.0164999995831749;0.0001330645;0.0001;0.0002;124;1;1;1;124;1147;0.0001;0.0002;1147;1148;0.0002
"Unity.InputSystem.dll!UnityEngine.InputSystem.LowLevel::InputMetrics.get_totalEventProcessingTime()";0.0001;0;0.0002;1262;1268;1155;7;7;0.0104999997347477;0.0001129032;0.0001;0.0001;93;1;1;1;93;1153;0;0.0002;1268;1155;0.0001
"TextureStreamingManager.Update";0.0001;0;0.0002;1263;1154;1149;3;3;0.0261999993381323;8.733333E-05;0.0001;0.0001;300;1;1;1;300;1147;0;0.0002;1154;1149;0.0001
"Unity.InputSystem.dll!UnityEngine.InputSystem.LowLevel::InputMetrics.get_totalEventCount()";0.0001;0;0.0002;1268;1201;1157;7;7;0.0106999997296953;0.0001150538;0.0001;0.0001;93;1;1;1;93;1153;0;0.0002;1201;1157;0.0001
"Unity.InputSystem.dll!UnityEngine.InputSystem.LowLevel::InputMetrics.set_totalEventCount()";0.0001;0.0001;0.0002;1269;1153;1155;7;7;0.0110999997195904;0.0001193548;0.0001;0.0001;93;1;1;1;93;1153;0.0001;0.0002;1153;1155;0.0001
"Unity.InputSystem.dll!UnityEngine.InputSystem::Mouse.set_current()";0.0001;0.0001;0.0002;1269;1153;1156;8;8;0.0111999997170642;0.0001204301;0.0001;0.0001;93;1;1;1;93;1153;0.0001;0.0002;1153;1156;0.0001
"Unity.InputSystem.dll!UnityEngine.InputSystem::Pointer.set_current()";0.0001;0.0001;0.0002;1273;1153;1154;9;9;0.0113999997120118;0.0001225806;0.0001;0.0001;93;1;1;1;93;1153;0.0001;0.0002;1153;1154;0.0001
"PostLateUpdate.ResetInputAxis";0.0001;0;0.0003;1276;1148;1260;2;2;0.0270999993008445;9.033333E-05;0.0001;0.0001;300;1;1;1;300;1147;0;0.0003;1148;1260;0.0001
"Unity.InputSystem.dll!UnityEngine.InputSystem::InputSettings.get_maxQueuedEventsPerUpdate()";0.0001;0.0001;0.0002;1276;1153;1155;7;7;0.0117999997019069;0.0001268817;0.0001;0.0002;93;1;1;1;93;1153;0.0001;0.0002;1153;1155;0.0001
"Profiler.CollectUICanvasStats";0.0001;0;0.0035;1277;1147;1323;3;3;0.0321999991792836;0.0001073333;0.0001;0.0001;300;1;1;1;300;1147;0;0.0035;1147;1323;0.0001
"Unity.InputSystem.dll!UnityEngine.InputSystem.LowLevel::InputMetrics.set_totalEventLagTime()";0.0001;0.0001;0.0002;1278;1153;1161;7;7;0.0118999996993807;0.000127957;0.0001;0.0002;93;1;1;1;93;1153;0.0001;0.0002;1153;1161;0.0001
"mscorlib.dll!System.Collections.Generic::Queue`1.get_Count()";0.0001;0;0.0003;1297;1210;1446;6;6;0.0302999992272817;0.000101;0.0001;0.0001;300;1;1;1;300;1147;0;0.0003;1210;1446;0.0001
"Unity.InputSystem.dll!UnityEngine.InputSystem.LowLevel::InputMetrics.get_totalEventLagTime()";0.0001;0.0001;0.0002;1301;1154;1153;7;7;0.0134999996589613;0.0001451613;0.0001;0.0002;93;1;1;1;93;1153;0.0001;0.0002;1154;1153;0.0001
"Assembly-CSharp.dll!UnityEngine.Rendering.LWRP::EnviroBlitPassVolumeClouds.get_filterMode()";0.0001;0;0.0002;1304;1246;1166;17;17;0.0318999991941382;0.0001063333;0.0001;0.0001;301;1;1;2;300;1147;0;0.0002;1246;1166;0.0001
"Crest.dll!Crest::OceanRenderer.get_CreateFlowSim()";0.0001;0;0.0004;1305;1161;1446;7;7;0.0321999991865596;0.0001073333;0.0001;0.0001;300;1;1;1;300;1147;0;0.0004;1161;1446;0.0001
"Unity.RenderPipelines.Universal.Runtime.dll!UnityEngine.Rendering.Universal.Internal::PostProcessPass.<Render>g__GetSource|57_0()";0.0001;0;0.0007;1305;1259;1446;20;20;0.0331999991467455;0.0001106667;0.0001;0.0001;301;1;1;2;300;1147;0;0.0006;1259;1446;0.0001
"Unity.RenderPipelines.Core.Runtime.dll!UnityEngine.Rendering::DebugActionState.get_actionState()";0.0001;0;0.0002;1306;1202;1158;6;6;0.0318999991941382;0.0001063333;0.0001;0.0001;300;1;1;1;300;1147;0;0.0002;1202;1158;0.0001
"Unity.RenderPipelines.Core.Runtime.dll!UnityEngine.Rendering::VolumeManager.set_stack()";0.0001;0;0.0004;1310;1177;1446;11;11;0.0326999991666526;0.000109;0.0001;0.0001;301;1;1;2;300;1147;0;0.0003;1177;1446;0.0001
"Assembly-CSharp.dll!Lux_SRP_GrassDisplacement::GrassDisplacementPass.get_transparentFilterSettings()";0.0001;0.0001;0.0004;1312;1147;1426;18;18;0.0340999991312856;0.0001136667;0.0001;0.0001;301;1;1;2;300;1147;0.0001;0.0004;1147;1426;0.0002
"Crest.dll!Crest::OceanRenderer.get_CreateFoamSim()";0.0001;0;0.0002;1313;1209;1148;7;7;0.0327999991714023;0.0001093333;0.0001;0.0001;300;1;1;1;300;1147;0;0.0002;1209;1148;0.0002
"Crest.dll!Crest::OceanRenderer.get_CreateAlbedoData()";0.0001;0.0001;0.0027;1315;1147;1299;7;7;0.035899999224057;0.0001196667;0.0001;0.0001;300;1;1;1;300;1147;0.0001;0.0027;1147;1299;0.0001
"mscorlib.dll!::NumberBuffer.get_sign()";0.0001;0.0001;0.0002;1315;1147;1162;9;9;0.0341999991360353;0.000114;0.0001;0.0001;300;1;1;1;300;1147;0.0001;0.0002;1147;1162;0.0001
"Crest.dll!Crest::OceanRenderer.get_CreateDynamicWaveSim()";0.0001;0;0.0002;1316;1170;1150;7;7;0.0334999991537188;0.0001116667;0.0001;0.0001;300;1;1;1;300;1147;0;0.0002;1170;1150;0.0001
"Unity.RenderPipelines.Universal.Runtime.dll!UnityEngine.Rendering.Universal::RenderingUtils.SupportsLightLayers()";0.0001;0;0.0022;1317;1159;1323;14;14;0.0360999991244171;0.0001203333;0.0001;0.0001;301;1;1;2;300;1147;0;0.0022;1159;1323;0.0002
"Crest.dll!::UniversalRegisterRendererRequirements.Execute()";0.0001;0;0.003;1319;1327;1189;16;16;0.0367999991649413;0.0001226667;0.0001;0.0001;301;1;1;2;300;1147;0;0.003;1327;1189;0.0001
"Crest.dll!Crest::SimSettingsAnimatedWaves.get_PingPongCombinePass()";0.0001;0.0001;0.0002;1323;1147;1153;9;9;0.0354999991031946;0.0001183333;0.0001;0.0001;300;1;1;1;300;1147;0.0001;0.0002;1147;1153;0.0001
"Unity.RenderPipelines.Universal.Runtime.dll!UnityEngine.Rendering.Universal::UniversalRenderPipelineAsset.get_numIterationsEnclosingSphere()";0.0001;0;0.0028;1324;1221;1299;12;12;0.0379999990109354;0.0001266667;0.0001;0.0001;301;1;1;2;300;1147;0;0.0028;1221;1299;0.0001
"Assembly-CSharp.dll!UnityEngine.Rendering.LWRP::EnviroBlitPass.get_setMainTexTo()";0.0001;0;0.0003;1325;1155;1446;17;17;0.035299999108247;0.0001176667;0.0001;0.0001;301;1;1;2;300;1147;0;0.0002;1155;1152;0.0002
"Unity.RenderPipelines.Universal.Runtime.dll!UnityEngine.Rendering.Universal.Internal::DepthNormalOnlyPass.set_allocateDepth()";0.0001;0.0001;0.0028;1325;1147;1300;13;13;0.0375999990137643;0.0001253333;0.0001;0.0001;301;1;1;2;300;1147;0.0001;0.0028;1147;1300;0.0001
"Unity.RenderPipelines.Universal.Runtime.dll!UnityEngine.Rendering.Universal::UniversalRenderPipelineAsset.get_reflectionProbeBoxProjection()";0.0001;0;0.0021;1325;1186;1205;14;14;0.0368999990387238;0.000123;0.0001;0.0001;301;1;1;2;300;1147;0;0.0021;1186;1205;0.0001
"Crest.dll!Crest::OceanRenderer.set_ViewerAltitudeLevelAlpha()";0.0001;0.0001;0.0002;1326;1147;1153;7;7;0.0344999991284567;0.000115;0.0001;0.0001;300;1;1;1;300;1147;0.0001;0.0002;1147;1153;0.0002
"FixedUpdate.PhysicsClothFixedUpdate";0.0001;0;0.0012;1327;1150;1446;2;2;0.0364999991143122;0.0001216667;0.0001;0.0002;449;1;1;16;300;1147;0;0.0005;1148;1258;0.0002
"Unity.InputSystem.dll!UnityEngine.InputSystem::Mouse.get_scroll()";0.0001;0;0.0005;1327;1188;1354;8;8;0.0359999991196673;0.00012;0.0001;0.0001;300;1;1;1;300;1147;0;0.0005;1188;1354;0.0001
"Unity.RenderPipelines.Universal.Runtime.dll!UnityEngine.Rendering.Universal::UniversalRenderPipelineAsset.get_fsrSharpness()";0.0001;0.0001;0.0031;1328;1147;1374;12;12;0.0410999991654535;0.000137;0.0001;0.0001;301;1;1;2;300;1147;0.0001;0.0031;1147;1374;0.0001
"Crest.dll!Crest::SimSettingsAnimatedWaves.get_MaximumAttenuationDepth()";0.0001;0;0.0002;1330;1171;1149;11;11;0.0357999990956159;0.0001193333;0.0001;0.0001;300;1;1;1;300;1147;0;0.0002;1171;1149;0.0001
"Unity.InputSystem.dll!::DoubleBuffers.get_valid()";0.0001;0.0001;0.0002;1330;1147;1148;13;13;0.0363999990804587;0.0001213333;0.0001;0.0001;300;1;1;1;300;1147;0.0001;0.0002;1147;1148;0.0001
"mscorlib.dll!System::AppDomain.IsAppXModel()";0.0001;0;0.0007;1332;1172;1446;8;25;0.0365999990681303;0.000122;0.0001;0.0001;303;1;1;4;300;1147;0;0.0004;1172;1446;0.0002
"FindShadowCastingLights";0.0001;0;0.0005;1333;1206;1269;17;17;0.0354999991177465;0.0001183333;0.0001;0.0001;301;1;1;2;300;1147;0;0.0005;1206;1269;0.0001
"Unity.RenderPipelines.Universal.Runtime.dll!UnityEngine.Rendering.Universal::UniversalAdditionalCameraData.get_antialiasing()";0.0001;0.0001;0.0027;1333;1147;1151;12;12;0.0408999990904704;0.0001363333;0.0001;0.0001;301;1;1;2;300;1147;0.0001;0.0027;1147;1151;0.0001
"Unity.RenderPipelines.Universal.Runtime.dll!UnityEngine.Rendering.Universal.Internal::DepthNormalOnlyPass.set_allocateNormal()";0.0001;0.0001;0.0004;1335;1147;1446;13;13;0.0370999990554992;0.0001236667;0.0001;0.0001;301;1;1;2;300;1147;0.0001;0.0003;1147;1446;0.0001
"mscorlib.dll!System::Convert.ToByte()";0.0001;0.0001;0.0002;1336;1147;1150;16;16;0.0367999990703538;0.0001226667;0.0001;0.0001;301;1;1;2;300;1147;0.0001;0.0002;1147;1150;0.0001
"UnityEngine.CoreModule.dll!UnityEngine.Rendering::ScriptableCullingParameters.set_conservativeEnclosingSphere()";0.0001;0.0001;0.0003;1336;1147;1446;12;12;0.0373999990551965;0.0001246667;0.0001;0.0001;301;1;1;2;300;1147;0.0001;0.0002;1147;1150;0.0002
"UnityEngine.CoreModule.dll!UnityEngine::Rect.get_y()";0.0001;0.0001;0.0029;1336;1147;1183;12;12;0.0410999990053824;0.000137;0.0001;0.0001;301;1;1;2;300;1147;0.0001;0.0029;1147;1183;0.0001
"UnityEngine.CoreModule.dll!UnityEngine.Rendering::SupportedRenderingFeatures.get_lightmapBakeTypes()";0.0001;0.0001;0.0003;1337;1147;1446;16;16;0.0362999990829849;0.000121;0.0001;0.0001;301;1;1;2;300;1147;0.0001;0.0002;1147;1151;0.0002
"Unity.RenderPipelines.Universal.Runtime.dll!UnityEngine.Rendering.Universal::UniversalAdditionalCameraData.get_volumeStack()";0.0001;0;0.0003;1338;1190;1446;10;10;0.0364999990779324;0.0001216667;0.0001;0.0001;301;1;1;2;300;1147;0;0.0002;1190;1152;0.0002
"Assembly-CSharp.dll!UnityEngine.Rendering.LWRP::EnviroBlitPassVolumeClouds.FrameCleanup()";0.0001;0.0001;0.0003;1340;1148;1446;14;14;0.0367999990703538;0.0001226667;0.0001;0.0001;301;1;1;2;300;1147;0.0001;0.0002;1148;1147;0.0001
"Unity.RenderPipelines.Universal.Runtime.dll!UnityEngine.Rendering.Universal::UniversalAdditionalCameraData.get_stopNaN()";0.0001;0;0.0002;1340;1216;1149;12;12;0.0369999990653014;0.0001233333;0.0001;0.0001;301;1;1;2;300;1147;0;0.0002;1216;1149;0.0001
"Unity.RenderPipelines.Universal.Runtime.dll!UnityEngine.Rendering.Universal::ScriptableRenderer.get_profilingExecute()";0.0001;0.0001;0.0003;1341;1147;1429;11;11;0.0361999990782351;0.0001206667;0.0001;0.0001;301;1;1;2;300;1147;0.0001;0.0003;1147;1429;0.0001
"Assembly-CSharp.dll!::<>c__DisplayClass16_0..ctor()";0.0001;0;0.0005;1342;1303;1446;5;5;0.0377999990814715;0.000126;0.0001;0.0002;300;1;1;1;300;1147;0;0.0005;1303;1446;0.0001
"Unity.RenderPipelines.Universal.Runtime.dll!UnityEngine.Rendering.Universal::UniversalAdditionalCameraData.get_renderShadows()";0.0001;0.0001;0.0028;1344;1147;1314;12;12;0.0449999991105869;0.00015;0.0001;0.0001;301;1;1;2;300;1147;0.0001;0.0028;1147;1314;0.0001
"Unity.RenderPipelines.Universal.Runtime.dll!UnityEngine.Rendering.Universal::ScriptableRenderer.get_stripAdditionalLightOffVariants()";0.0001;0.0001;0.0035;1347;1147;1149;16;16;0.0467999990432872;0.000156;0.0001;0.0002;301;1;1;2;300;1147;0.0001;0.0035;1147;1149;0.0001
"Unity.RenderPipelines.Universal.Runtime.dll!UnityEngine.Rendering.Universal::UniversalRenderPipelineAsset.get_opaqueDownsampling()";0.0001;0;0.0004;1348;1276;1391;12;12;0.0383999990153825;0.000128;0.0001;0.0002;301;1;1;2;300;1147;0;0.0004;1276;1391;0.0001
"Crest.dll!Crest::OceanRenderer.set_Scale()";0.0001;0.0001;0.0008;1351;1147;1446;7;7;0.0389999990147771;0.00013;0.0001;0.0002;300;1;1;1;300;1147;0.0001;0.0008;1147;1446;0.0001
"Unity.RenderPipelines.Core.Runtime.dll!UnityEngine.Rendering::LensFlareCommonSRP.get_Data()";0.0001;0;0.0005;1351;1242;1446;20;20;0.0388999990100274;0.0001296667;0.0001;0.0002;301;1;1;2;300;1147;0;0.0004;1242;1322;0.0002
"mscorlib.dll!::Reader.get_IsNull()";0.0001;0.0001;0.0002;1353;1147;1153;6;6;0.0377999990450917;0.000126;0.0001;0.0002;300;1;1;1;300;1147;0.0001;0.0002;1147;1153;0.0001
"Unity.RenderPipelines.Universal.Runtime.dll!UnityEngine.Rendering.Universal.Internal::PostProcessPass.CanRunOnTile()";0.0001;0;0.0031;1353;1181;1421;17;17;0.0460999989445554;0.0001536667;0.0001;0.0002;301;1;1;2;300;1147;0;0.0031;1181;1421;0.0001
"Unity.RenderPipelines.Universal.Runtime.dll!UnityEngine.Rendering.Universal::UniversalRenderPipelineAsset.get_upscalingFilter()";0.0001;0.0001;0.0037;1353;1147;1229;12;12;0.0470999989120173;0.000157;0.0001;0.0002;301;1;1;2;300;1147;0.0001;0.0037;1147;1229;0.0001
"Unity.RenderPipelines.Core.Runtime.dll!UnityEngine.Rendering::ColorUtils.StandardIlluminantY()";0.0001;0.0001;0.0007;1354;1148;1446;19;19;0.0387999989907257;0.0001293333;0.0001;0.0002;301;1;1;2;300;1147;0.0001;0.0006;1148;1446;0.0001
"Unity.RenderPipelines.Universal.Runtime.dll!UnityEngine.Rendering.Universal::UniversalRenderPipelineAsset.get_supportsAdditionalLightShadows()";0.0001;0.0001;0.0003;1355;1147;1446;14;14;0.0386999990223558;0.000129;0.0001;0.0002;301;1;1;2;300;1147;0.0001;0.0002;1147;1148;0.0002
"Unity.InputSystem.dll!UnityEngine.InputSystem.LowLevel::InputMetrics.set_totalUpdateCount()";0.0001;0.0001;0.0002;1356;1147;1148;7;7;0.0391999990097247;0.0001306667;0.0001;0.0002;300;1;1;1;300;1147;0.0001;0.0002;1147;1148;0.0002
"Unity.RenderPipelines.Universal.Runtime.dll!UnityEngine.Rendering.Universal::UniversalRenderPipelineAsset.get_reflectionProbeBlending()";0.0001;0.0001;0.0004;1358;1147;1446;14;14;0.0381999990204349;0.0001273333;0.0001;0.0002;301;1;1;2;300;1147;0.0001;0.0003;1147;1380;0.0002
"Crest.dll!Crest::LodTransform.get_ScaleDifferencePow2()";0.0001;0;0.0003;1359;1180;1446;9;9;0.0384999990201322;0.0001283333;0.0001;0.0002;300;1;1;1;300;1147;0;0.0003;1180;1446;0.0001
"mscorlib.dll!System::ReadOnlySpan`1..ctor()";0.0001;0.0001;0.004799999;1360;1147;1446;9;20;0.0434999989010976;0.000145;0.0001;0.0002;351;1;1;52;300;1147;0;0.0002;1446;1156;0.0001
"Unity.RenderPipelines.Universal.Runtime.dll!UnityEngine.Rendering.Universal::UniversalRenderPipelineAsset.get_shadowCascadeCount()";0.0001;0.0001;0.0004;1360;1149;1446;14;14;0.0396999989898177;0.0001323333;0.0001;0.0002;301;1;1;2;300;1147;0.0001;0.0003;1149;1446;0.0001
"UnityEngine.CoreModule.dll!UnityEngine::RectInt.get_x()";0.0001;0.0001;0.0029;1366;1150;1371;15;15;0.0453999988530995;0.0001513333;0.0001;0.0002;301;1;1;2;300;1147;0.0001;0.0029;1150;1371;0.0002
"Crest.dll!Crest::RegisterLodDataInputBase.get_FollowHorizontalMotion()";0.0001;0.0001;0.0003;1367;1147;1331;5;5;0.0398999989847653;0.000133;0.0001;0.0002;300;1;1;1;300;1147;0.0001;0.0003;1147;1331;0.0001
"Unity.RenderPipelines.Universal.Runtime.dll!UnityEngine.Rendering.Universal::LightCookieManager.set_IsKeywordLightCookieEnabled()";0.0001;0.0001;0.0002;1367;1147;1149;18;18;0.0400999989869888;0.0001336667;0.0001;0.0002;301;1;1;2;300;1147;0.0001;0.0002;1147;1149;0.0001
"Unity.RenderPipelines.Universal.Runtime.dll!UnityEngine.Rendering.Universal::UniversalRenderPipelineAsset.get_additionalLightsShadowmapResolution()";0.0001;0.0001;0.0025;1370;1148;1267;14;14;0.0421999989412143;0.0001406667;0.0001;0.0002;301;1;1;2;300;1147;0.0001;0.0025;1148;1267;0.0002
"Unity.RenderPipelines.Universal.Runtime.dll!UnityEngine.Rendering.Universal::UniversalRenderPipelineAsset.get_conservativeEnclosingSphere()";0.0001;0.0001;0.0006;1370;1147;1161;12;12;0.0411999989519245;0.0001373333;0.0001;0.0002;301;1;1;2;300;1147;0.0001;0.0006;1147;1161;0.0001
"Unity.InputSystem.dll!UnityEngine.InputSystem.Utilities::ReadOnlyArray`1..ctor()";0.0001;0.0001;0.0004;1371;1148;1446;7;7;0.0407999989620293;0.000136;0.0001;0.0002;300;1;1;1;300;1147;0.0001;0.0004;1148;1446;0.0002
"UnityEngine.CoreModule.dll!UnityEngine::Rect.get_x()";0.0001;0.0001;0.0002;1371;1147;1154;12;12;0.0409999989642529;0.0001366667;0.0001;0.0002;301;1;1;2;300;1147;0.0001;0.0002;1147;1154;0.0001
"Crest.dll!Crest::OceanRenderer.get_CreateSeaFloorDepthData()";0.0001;0.0001;0.0002;1372;1147;1151;7;7;0.0410999989617267;0.000137;0.0001;0.0002;300;1;1;1;300;1147;0.0001;0.0002;1147;1151;0.0002
"UnityEngine.CoreModule.dll!UnityEngine::Rect.get_yMax()";0.0001;0.0001;0.0004;1372;1147;1446;6;6;0.039999998989515;0.0001333333;0.0001;0.0002;300;1;1;1;300;1147;0.0001;0.0004;1147;1446;0.0001
"UnityEngine.CoreModule.dll!UnityEngine::Vector4.Dot()";0.0001;0.0001;0.0006;1373;1147;1446;8;8;0.0406999989572796;0.0001356667;0.0001;0.0002;300;1;1;1;300;1147;0.0001;0.0006;1147;1446;0.0002
"UnityEngine.UI.dll!UnityEngine.EventSystems::BaseInputModule.IsModuleSupported()";0.0001;0.0001;0.0002;1375;1147;1149;5;5;0.0400999989869888;0.0001336667;0.0001;0.0002;300;1;1;1;300;1147;0.0001;0.0002;1147;1149;0.0002
"Crest.dll!Crest::OceanRenderer.get_MaxVertDisplacement()";0.0001;0.0001;0.0002;1376;1147;1152;7;7;0.0392999990071985;0.000131;0.0001;0.0002;300;1;1;1;300;1147;0.0001;0.0002;1147;1152;0.0002
"Unity.RenderPipelines.Universal.Runtime.dll!UnityEngine.Rendering.Universal::UniversalRenderPipelineAsset.get_cascadeBorder()";0.0001;0.0001;0.0003;1376;1147;1446;14;14;0.0423999989288859;0.0001413333;0.0001;0.0002;301;1;1;2;300;1147;0.0001;0.0002;1147;1149;0.0001
"Assembly-CSharp.dll!UnityEngine.Rendering.LWRP::EnviroBlitPassVolumeClouds.set_source()";0.0001;0.0001;0.0006;1377;1147;1369;16;16;0.0438999989492004;0.0001463333;0.0001;0.0002;301;1;1;2;300;1147;0.0001;0.0006;1147;1369;0.0001
"UnityEngine.CoreModule.dll!UnityEngine.Rendering::ScriptableCullingParameters.set_shadowDistance()";0.0001;0.0001;0.003;1377;1147;1372;12;12;0.0464999990144861;0.000155;0.0001;0.0002;301;1;1;2;300;1147;0.0001;0.003;1147;1372;0.0002
"Crest.dll!Crest::OceanRenderer.LateUpdateResetMaxDisplacementFromShape()";0.0001;0.0001;0.0003;1378;1147;1423;6;6;0.0400999989797128;0.0001336667;0.0001;0.0002;300;1;1;1;300;1147;0.0001;0.0003;1147;1423;0.0001
"Unity.RenderPipelines.Universal.Runtime.dll!UnityEngine.Rendering.Universal.Internal::CopyDepthPass.set_MssaSamples()";0.0001;0.0001;0.0003;1379;1147;1446;13;13;0.0406999989718315;0.0001356667;0.0001;0.0002;301;1;1;2;300;1147;0.0001;0.0002;1147;1152;0.0002
"Unity.RenderPipelines.Universal.Runtime.dll!UnityEngine.Rendering.Universal.Internal::DepthNormalOnlyPass.get_shaderTagIds()";0.0001;0.0001;0.0004;1379;1147;1446;18;18;0.0415999989490956;0.0001386667;0.0001;0.0002;301;1;1;2;300;1147;0.0001;0.0002;1147;1148;0.0002
"Assembly-CSharp.dll!::<>c__DisplayClass7_0..ctor()";0.0001;0.0001;0.0005;1380;1148;1446;5;5;0.0410999989908305;0.000137;0.0001;0.0002;300;1;1;1;300;1147;0.0001;0.0005;1148;1446;0.0001
"Unity.RenderPipelines.Universal.Runtime.dll!UnityEngine.Rendering.Universal::UniversalRenderPipelineAsset.get_cascade4Split()";0.0001;0.0001;0.0002;1381;1147;1148;14;14;0.041899998941517;0.0001396667;0.0001;0.0002;301;1;1;2;300;1147;0.0001;0.0002;1147;1148;0.0002
"Assembly-CSharp.dll!::<>c__DisplayClass19_0..ctor()";0.0001;0.0001;0.0004;1383;1147;1432;7;7;0.0408999989667791;0.0001363333;0.0001;0.0002;300;1;1;1;300;1147;0.0001;0.0004;1147;1432;0.0002
"EarlyUpdate.ResetFrameStatsAfterPresent";0.0001;0;0.0005;1383;1245;1194;2;2;0.0424999988463242;0.0001416667;0.0001;0.0002;300;1;1;1;300;1147;0;0.0005;1245;1194;0.0001
"Unity.RenderPipelines.Universal.Runtime.dll!UnityEngine.Rendering.Universal.Internal::DepthNormalOnlyPass.set_shaderTagIds()";0.0001;0.0001;0.0005;1383;1148;1446;13;13;0.0411999989300966;0.0001373333;0.0001;0.0002;301;1;1;2;300;1147;0.0001;0.0003;1148;1253;0.0001
"Crest.dll!Crest::SimSettingsFoam.get_FilterWaves()";0.0001;0.0001;0.002;1384;1147;1446;10;10;0.0427999989551608;0.0001426667;0.0001;0.0002;315;1;1;10;300;1147;0;0.0005;1446;1446;0.0001
"Unity.RenderPipelines.Core.Runtime.dll!UnityEngine.Rendering::FloatRangeParameter.get_value()";0.0001;0.0001;0.0004;1384;1147;1446;15;15;0.0409999989569769;0.0001366667;0.0001;0.0002;301;1;1;2;300;1147;0.0001;0.0003;1147;1430;0.0001
"Unity.RenderPipelines.Universal.Runtime.dll!UnityEngine.Rendering.Universal::UniversalAdditionalCameraData.get_antialiasingQuality()";0.0001;0.0001;0.003;1384;1147;1251;12;12;0.0460999989300035;0.0001536667;0.0001;0.0002;301;1;1;2;300;1147;0.0001;0.003;1147;1251;0.0001
"Assembly-CSharp.dll!::<>c__DisplayClass14_0..ctor()";0.0001;0.0001;0.0023;1387;1147;1271;5;5;0.0435999990077107;0.0001453333;0.0001;0.0002;300;1;1;1;300;1147;0.0001;0.0023;1147;1271;0.0001
"Assembly-CSharp.dll!UnityEngine.Rendering.LWRP::EnviroBlitPass.set_source()";0.0001;0.0001;0.0003;1387;1149;1148;16;16;0.0405999989598058;0.0001353333;0.0001;0.0002;301;1;1;2;300;1147;0.0001;0.0003;1149;1148;0.0002
"Assembly-CSharp.dll!UnityEngine.Rendering.LWRP::EnviroBlitPassVolumeClouds.set_destination()";0.0001;0.0001;0.0003;1388;1147;1446;16;16;0.0411999989592005;0.0001373333;0.0001;0.0002;301;1;1;2;300;1147;0.0001;0.0002;1147;1148;0.0001
"mscorlib.dll!System.Threading::ExecutionContext.get_SynchronizationContext()";0.0001;0.0001;0.0004;1388;1149;1255;6;6;0.0416999989465694;0.000139;0.0001;0.0002;300;1;1;1;300;1147;0.0001;0.0004;1149;1255;0.0002
"Unity.RenderPipelines.Core.Runtime.dll!UnityEngine.Rendering::ObjectParameter`1.get_value()";0.0001;0.0001;0.0004;1389;1147;1446;15;15;0.0406999989645556;0.0001356667;0.0001;0.0002;301;1;1;2;300;1147;0.0001;0.0003;1147;1446;0.0002
"Unity.InputSystem.dll!UnityEngine.InputSystem.LowLevel::InputMetrics.get_totalUpdateCount()";0.0001;0.0001;0.0002;1390;1147;1150;7;7;0.0416999989465694;0.000139;0.0001;0.0002;300;1;1;1;300;1147;0.0001;0.0002;1147;1150;0.0001
"Assembly-CSharp.dll!UnityEngine.Rendering.LWRP::EnviroDistanceBlurPass.set_source()";0.0001;0.0001;0.0029;1391;1150;1222;16;16;0.0446999988998869;0.000149;0.0001;0.0002;301;1;1;2;300;1147;0.0001;0.0029;1150;1222;0.0002
"Unity.RenderPipelines.Universal.Runtime.dll!UnityEngine.Rendering.Universal::UniversalRenderPipelineAsset.get_supportsCameraOpaqueTexture()";0.0001;0.0001;0.0002;1391;1148;1147;13;13;0.0420999989364645;0.0001403333;0.0001;0.0002;301;1;1;2;300;1147;0.0001;0.0002;1148;1147;0.0001
"UnityEngine.CoreModule.dll!UnityEngine.Rendering::SupportedRenderingFeatures.get_enlighten()";0.0001;0.0001;0.0005;1391;1147;1446;16;16;0.041399998954148;0.000138;0.0001;0.0002;301;1;1;2;300;1147;0.0001;0.0004;1147;1446;0.0002
"UnityEngine.CoreModule.dll!UnityEngine::Rect.get_xMax()";0.0001;0.0001;0.0003;1391;1147;1446;6;6;0.0408999989595031;0.0001363333;0.0001;0.0002;300;1;1;1;300;1147;0.0001;0.0003;1147;1446;0.0002
"Unity.RenderPipelines.Universal.Runtime.dll!UnityEngine.Rendering.Universal::UniversalRenderPipelineAsset.get_maxAdditionalLightsCount()";0.0001;0.0001;0.0004;1392;1148;1446;14;14;0.0420999989364645;0.0001403333;0.0001;0.0002;301;1;1;2;300;1147;0.0001;0.0002;1148;1147;0.0002
"Crest.dll!Crest::OceanRenderer.get_CreateClipSurfaceData()";0.0001;0.0001;0.0005;1393;1149;1223;7;7;0.0431999989814358;0.000144;0.0001;0.0002;300;1;1;1;300;1147;0.0001;0.0005;1149;1223;0.0001
"Unity.RenderPipelines.Universal.Runtime.dll!UnityEngine.Rendering.Universal::UniversalRenderPipelineAsset.get_colorGradingMode()";0.0001;0.0001;0.0046;1394;1147;1324;13;13;0.0472999990015524;0.0001576667;0.0001;0.0002;301;1;1;2;300;1147;0.0001;0.0046;1147;1324;0.0002
"Assembly-CSharp.dll!::<>c__DisplayClass2_0..ctor()";0.0001;0.0001;0.0002;1395;1147;1148;5;5;0.0415999989490956;0.0001386667;0.0001;0.0002;300;1;1;1;300;1147;0.0001;0.0002;1147;1148;0.0001
"PreUpdate.CheckTexFieldInput";0.0001;0;0.0004;1395;1147;1446;2;2;0.0428999987416319;0.000143;0.0001;0.0002;300;1;1;1;300;1147;0;0.0004;1147;1446;0.0002
"UnityEngine.CoreModule.dll!UnityEngine::RectInt.get_height()";0.0001;0.0001;0.0027;1395;1147;1406;15;15;0.0443999990093289;0.000148;0.0001;0.0002;301;1;1;2;300;1147;0.0001;0.0027;1147;1406;0.0002
"mscorlib.dll!System.Text::ValueStringBuilder..ctor()";0.0001;0.0001;0.0002;1396;1147;1152;7;7;0.041899998941517;0.0001396667;0.0001;0.0002;300;1;1;1;300;1147;0.0001;0.0002;1147;1152;0.0001
"SortingGroupManager.Update";0.0001;0;0.0004;1397;1208;1265;3;3;0.0436999988232856;0.0001456667;0.0001;0.0002;300;1;1;1;300;1147;0;0.0004;1208;1265;0.0002
"Crest.dll!Crest::ShapeFFT.get_LoopPeriod()";0.0001;0.0001;0.0004;1401;1147;1446;10;10;0.0428999989162548;0.000143;0.0001;0.0002;300;1;1;1;300;1147;0.0001;0.0004;1147;1446;0.0001
"UnityEngine.CoreModule.dll!UnityEngine.Rendering::RenderStateBlock.get_mask()";0.0001;0.0001;0.0005;1401;1147;1446;15;15;0.0420999989291886;0.0001403333;0.0001;0.0002;301;1;1;2;300;1147;0.0001;0.0003;1147;1446;0.0002
"Unity.RenderPipelines.Universal.Runtime.dll!UnityEngine.Rendering.Universal::UniversalRenderPipelineAsset.get_supportsDynamicBatching()";0.0001;0.0001;0.0004;1402;1147;1446;12;12;0.0419999989389908;0.00014;0.0001;0.0002;301;1;1;2;300;1147;0.0001;0.0002;1147;1150;0.0001
"UnityEngine.CoreModule.dll!UnityEngine::Rect.set_center()";0.0001;0.0001;0.0028;1402;1148;1185;7;7;0.0450999988315743;0.0001503333;0.0001;0.0002;300;1;1;1;300;1147;0.0001;0.0028;1148;1185;0.0002
"mscorlib.dll!::Reader..ctor()";0.0001;0.0001;0.0004;1403;1147;1446;6;6;0.0427999988969532;0.0001426667;0.0001;0.0002;300;1;1;1;300;1147;0.0001;0.0004;1147;1446;0.0002
"mscorlib.dll!System::Nullable`1.get_Value()";0.0001;0.0001;0.0029;1403;1147;1270;21;21;0.047999998962041;0.00016;0.0001;0.0002;301;1;1;2;300;1147;0.0001;0.0029;1147;1270;0.0001
"AwesomeTechnologies.VegetationStudioPro.Runtime.dll!AwesomeTechnologies.VegetationSystem::VegetationSettings.GetBillboardDistance()";0.0001;0.0001;0.0027;1405;1148;1256;7;7;0.0447999990065;0.0001493333;0.0001;0.0002;300;1;1;1;300;1147;0.0001;0.0027;1148;1256;0.0002
"UnityEngine.CoreModule.dll!UnityEngine.Rendering::ScriptableRenderContext..ctor()";0.0001;0.0001;0.0028;1408;1147;1271;3;3;0.0456999988091411;0.0001523333;0.0001;0.0002;301;1;1;2;300;1147;0.0001;0.0028;1147;1271;0.0002
"UnityEngine.CoreModule.dll!UnityEngine.Rendering::ScriptableCullingParameters.set_numIterationsEnclosingSphere()";0.0001;0.0001;0.0009999999;1411;1150;1446;12;12;0.0435999988985714;0.0001453333;0.0001;0.0002;301;1;1;2;300;1147;0.0001;0.0009;1150;1446;0.0001
"Assembly-CSharp.dll!UnityEngine.Rendering.LWRP::EnviroDistanceBlurPass.set_destination()";0.0001;0.0001;0.0034;1413;1148;1169;16;16;0.0462999989540549;0.0001543333;0.0001;0.0002;301;1;1;2;300;1147;0.0001;0.0034;1148;1169;0.0002
"mscorlib.dll!System.Text::ValueStringBuilder.Dispose()";0.0001;0.0001;0.0003;1416;1148;1272;8;8;0.0436999988814932;0.0001456667;0.0001;0.0002;300;1;1;1;300;1147;0.0001;0.0003;1148;1272;0.0002
"UnityEngine.CoreModule.dll!UnityEngine.Rendering::ShadowDrawingSettings.set_useRenderingLayerMaskTest()";0.0001;0.0001;0.0003;1416;1147;1446;19;19;0.0439999988884665;0.0001466667;0.0001;0.0002;301;1;1;2;300;1147;0.0001;0.0002;1147;1151;0.0002
"Unity.RenderPipelines.Universal.Runtime.dll!UnityEngine.Rendering.Universal.Internal::CopyDepthPass.get_source()";0.0001;0.0001;0.0053;1417;1147;1246;18;18;0.0530999989350676;0.000177;0.0001;0.0002;301;1;1;2;300;1147;0.0001;0.0053;1147;1246;0.0003
"Assembly-CSharp.dll!UnityEngine.Rendering.LWRP::EnviroBlitPass.get_filterMode()";0.0001;0.0001;0.0003;1420;1148;1446;17;17;0.0435999988985714;0.0001453333;0.0001;0.0002;301;1;1;2;300;1147;0.0001;0.0002;1148;1147;0.0002
"Crest.dll!Crest::OceanRenderer.set_ViewerHeightAboveWater()";0.0001;0.0001;0.0003;1421;1147;1198;7;7;0.0436999988814932;0.0001456667;0.0001;0.0002;300;1;1;1;300;1147;0.0001;0.0003;1147;1198;0.0001
"Crest.dll!Crest::ShapeWaves.get_WaveDirectionHeadingAngle()";0.0001;0.0001;0.0003;1421;1147;1446;11;11;0.0436999988887692;0.0001456667;0.0001;0.0002;300;1;1;1;300;1147;0.0001;0.0003;1147;1446;0.0001
"mscorlib.dll!System.Runtime.InteropServices::MemoryMarshal.GetReference()";0.0001;0.0001;0.001;1422;1147;1446;11;11;0.0448999989384902;0.0001496667;0.0001;0.0002;300;1;1;1;300;1147;0.0001;0.001;1147;1446;0.0001
"Unity.RenderPipelines.Universal.Runtime.dll!UnityEngine.Rendering.Universal::LightCookieManager.get_IsKeywordLightCookieEnabled()";0.0001;0.0001;0.0002;1422;1147;1149;18;18;0.0438999988909927;0.0001463333;0.0001;0.0002;301;1;1;2;300;1147;0.0001;0.0002;1147;1149;0.0002
"UnityEngine.CoreModule.dll!UnityEngine::Bounds.set_center()";0.0001;0.0001;0.0029;1422;1147;1170;7;7;0.0517999988005613;0.0001726667;0.0001;0.0002;300;1;1;1;300;1147;0.0001;0.0029;1147;1170;0.0001
"Unity.RenderPipelines.Universal.Runtime.dll!UnityEngine.Rendering.Universal.Internal::CopyDepthPass.set_source()";0.0001;0.0001;0.0005;1425;1147;1446;13;13;0.0436999988887692;0.0001456667;0.0001;0.0002;301;1;1;2;300;1147;0.0001;0.0003;1147;1446;0.0001
"UnityEngine.CoreModule.dll!UnityEngine.Rendering::SupportedRenderingFeatures.get_rendersUIOverlay()";0.0001;0.0001;0.0006;1427;1147;1214;3;3;0.0447999988246011;0.0001493333;0.0001;0.0002;301;1;1;2;300;1147;0.0001;0.0006;1147;1214;0.0002
"UnityEngine.CoreModule.dll!UnityEngine::RectInt.get_width()";0.0001;0.0001;0.0028;1429;1151;1340;15;15;0.0468999987788266;0.0001563333;0.0001;0.0002;301;1;1;2;300;1147;0.0001;0.0028;1151;1340;0.0001
"UIEvents.AlignCanvasRectTransformWithCamera";0.0001;0.0001;0.0048;1430;1150;1394;3;3;0.0496999986062292;0.0001656667;0.0001;0.0002;300;1;1;1;300;1147;0.0001;0.0048;1150;1394;0.0002
"UnityEngine.CoreModule.dll!UnityEngine::Rect.get_xMin()";0.0001;0.0001;0.0005;1431;1147;1446;6;6;0.0446999989071628;0.000149;0.0001;0.0002;300;1;1;1;300;1147;0.0001;0.0005;1147;1446;0.0002
"Unity.InputSystem.dll!UnityEngine.InputSystem.Utilities::CallbackArray`1.LockForChanges()";0.0001;0.0001;0.0004;1433;1149;1446;8;8;0.0448999988584546;0.0001496667;0.0001;0.0002;300;1;1;1;300;1147;0.0001;0.0004;1149;1446;0.0002
"mscorlib.dll!System::String.op_Implicit()";0.0001;0.0001;0.0002;1435;1147;1150;7;7;0.0444999988758354;0.0001483333;0.0001;0.0002;300;1;1;1;300;1147;0.0001;0.0002;1147;1150;0.0002
"Unity.RenderPipelines.Universal.Runtime.dll!UnityEngine.Rendering.Universal::UniversalRenderer.PlatformRequiresExplicitMsaaResolve()";0.0001;0.0001;0.0027;1439;1147;1256;13;13;0.0473999989335425;0.000158;0.0001;0.0002;301;1;1;2;300;1147;0.0001;0.0027;1147;1256;0.0002
"AwesomeTechnologies.VegetationStudioPro.Runtime.dll!AwesomeTechnologies.VegetationSystem::VegetationSettings.GetBillboardShadowCastingMode()";0.0001;0.0001;0.0003;1444;1147;1390;7;7;0.0450999988461263;0.0001503333;0.0001;0.0002;300;1;1;1;300;1147;0.0001;0.0003;1147;1390;0.0002
"Unity.InputSystem.dll!UnityEngine.InputSystem.LowLevel::InputUpdate.IsEditorUpdate()";0.0001;0.0001;0.0008;1444;1147;1427;5;5;0.0458999988040887;0.000153;0.0001;0.0002;300;1;1;1;300;1147;0.0001;0.0008;1147;1427;0.0002
"UnityEngine.CoreModule.dll!UnityEngine.Rendering::DepthState.get_compareFunction()";0.0001;0.0001;0.0029;1445;1147;1166;15;15;0.048399998806417;0.0001613333;0.0001;0.0002;301;1;1;2;300;1147;0.0001;0.0029;1147;1166;0.0002
"Physics2D.InterpolatePoses";0.0001;0.0001;0.0005;1446;1150;1240;3;3;0.0455999988771509;0.000152;0.0001;0.0002;300;1;1;1;300;1147;0.0001;0.0005;1150;1240;0.0002
"Active Constraints";0;0;0;1296;1147;1147;3;4;0;0;0;0;600;2;2;2;300;1147;0;0;1147;1147;0
"Active Dynamic Bodies";0;0;0;1296;1147;1147;3;4;0;0;0;0;600;2;2;2;300;1147;0;0;1147;1147;0
"Active Kinematic Bodies";0;0;0;1296;1147;1147;3;4;0;0;0;0;600;2;2;2;300;1147;0;0;1147;1147;0
"AnimationClip Count";0;0;0;1296;1147;1147;3;3;0;0;0;0;300;1;1;1;300;1147;0;0;1147;1147;0
"AnimationClip Memory";0;0;0;1296;1147;1147;3;3;0;0;0;0;300;1;1;1;300;1147;0;0;1147;1147;0
"Articulation Bodies";0;0;0;1296;1147;1147;3;4;0;0;0;0;600;2;2;2;300;1147;0;0;1147;1147;0
"Asset Count";0;0;0;1296;1147;1147;3;3;0;0;0;0;300;1;1;1;300;1147;0;0;1147;1147;0
"Atlases";0;0;0;1296;1147;1147;3;3;0;0;0;0;300;1;1;1;300;1147;0;0;1147;1147;0
"Audio Reads";0;0;0;1296;1147;1147;3;3;0;0;0;0;300;1;1;1;300;1147;0;0;1147;1147;0
"Audio Reserved Memory";0;0;0;1296;1147;1147;3;3;0;0;0;0;300;1;1;1;300;1147;0;0;1147;1147;0
"Audio Used Memory";0;0;0;1296;1147;1147;3;3;0;0;0;0;300;1;1;1;300;1147;0;0;1147;1147;0
"AudioClip Count";0;0;0;1296;1147;1147;3;3;0;0;0;0;300;1;1;1;300;1147;0;0;1147;1147;0
"AudioClip Memory";0;0;0;1296;1147;1147;3;3;0;0;0;0;300;1;1;1;300;1147;0;0;1147;1147;0
"Broadphase Adds";0;0;0;1296;1147;1147;3;4;0;0;0;0;600;2;2;2;300;1147;0;0;1147;1147;0
"Broadphase Adds/Removes";0;0;0;1296;1147;1147;3;4;0;0;0;0;600;2;2;2;300;1147;0;0;1147;1147;0
"Broadphase Removes";0;0;0;1296;1147;1147;3;4;0;0;0;0;600;2;2;2;300;1147;0;0;1147;1147;0
"Colliders Synced";0;0;0;1296;1147;1147;3;4;0;0;0;0;600;2;2;2;300;1147;0;0;1147;1147;0
"Continuous Overlaps";0;0;0;1296;1147;1147;3;4;0;0;0;0;600;2;2;2;300;1147;0;0;1147;1147;0
"Discreet Overlaps";0;0;0;1296;1147;1147;3;4;0;0;0;0;600;2;2;2;300;1147;0;0;1147;1147;0
"Dynamic Bodies";0;0;0;1296;1147;1147;3;4;0;0;0;0;600;2;2;2;300;1147;0;0;1147;1147;0
"Entities Reads";0;0;0;1296;1147;1147;3;3;0;0;0;0;300;1;1;1;300;1147;0;0;1147;1147;0
"File Bytes Read";0;0;0;1296;1147;1147;3;3;0;0;0;0;300;1;1;1;300;1147;0;0;1147;1147;0
"File Bytes Written";0;0;0;1296;1147;1147;3;3;0;0;0;0;300;1;1;1;300;1147;0;0;1147;1147;0
"File Handles Open";0;0;0;1296;1147;1147;3;3;0;0;0;0;300;1;1;1;300;1147;0;0;1147;1147;0
"File Reads Finished";0;0;0;1296;1147;1147;3;3;0;0;0;0;300;1;1;1;300;1147;0;0;1147;1147;0
"File Reads Started";0;0;0;1296;1147;1147;3;3;0;0;0;0;300;1;1;1;300;1147;0;0;1147;1147;0
"File Seeks";0;0;0;1296;1147;1147;3;3;0;0;0;0;300;1;1;1;300;1147;0;0;1147;1147;0
"Files Closed";0;0;0;1296;1147;1147;3;3;0;0;0;0;300;1;1;1;300;1147;0;0;1147;1147;0
"Files Opened";0;0;0;1296;1147;1147;3;3;0;0;0;0;300;1;1;1;300;1147;0;0;1147;1147;0
"Game Object Count";0;0;0;1296;1147;1147;3;3;0;0;0;0;300;1;1;1;300;1147;0;0;1147;1147;0
"GC Allocated In Frame";0;0;0;1296;1147;1147;3;3;0;0;0;0;300;1;1;1;300;1147;0;0;1147;1147;0
"GC Allocation In Frame Count";0;0;0;1296;1147;1147;3;3;0;0;0;0;300;1;1;1;300;1147;0;0;1147;1147;0
"GC Reserved Memory";0;0;0;1296;1147;1147;3;3;0;0;0;0;300;1;1;1;300;1147;0;0;1147;1147;0
"GC Used Memory";0;0;0;1296;1147;1147;3;3;0;0;0;0;300;1;1;1;300;1147;0;0;1147;1147;0
"Gfx Reserved Memory";0;0;0;1296;1147;1147;3;3;0;0;0;0;300;1;1;1;300;1147;0;0;1147;1147;0
"Gfx Used Memory";0;0;0;1296;1147;1147;3;3;0;0;0;0;300;1;1;1;300;1147;0;0;1147;1147;0
"Global Illumination Support";0;0;0;1296;1147;1147;3;3;0;0;0;0;300;1;1;1;300;1147;0;0;1147;1147;0
"Material Count";0;0;0;1296;1147;1147;3;3;0;0;0;0;300;1;1;1;300;1147;0;0;1147;1147;0
"Material Memory";0;0;0;1296;1147;1147;3;3;0;0;0;0;300;1;1;1;300;1147;0;0;1147;1147;0
"Max Cache Demand";0;0;0;1296;1147;1147;3;3;0;0;0;0;300;1;1;1;300;1147;0;0;1147;1147;0
"Max Cache Mip Bias";0;0;0;1296;1147;1147;3;3;0;0;0;0;300;1;1;1;300;1147;0;0;1147;1147;0
"Mesh Count";0;0;0;1296;1147;1147;3;3;0;0;0;0;300;1;1;1;300;1147;0;0;1147;1147;0
"Mesh Memory";0;0;0;1296;1147;1147;3;3;0;0;0;0;300;1;1;1;300;1147;0;0;1147;1147;0
"Mesh Reads";0;0;0;1296;1147;1147;3;3;0;0;0;0;300;1;1;1;300;1147;0;0;1147;1147;0
"Missing Disk Data";0;0;0;1296;1147;1147;3;3;0;0;0;0;300;1;1;1;300;1147;0;0;1147;1147;0
"Missing Streaming Tiles";0;0;0;1296;1147;1147;3;3;0;0;0;0;300;1;1;1;300;1147;0;0;1147;1147;0
"Modified Overlaps";0;0;0;1296;1147;1147;3;4;0;0;0;0;600;2;2;2;300;1147;0;0;1147;1147;0
"Narrowphase Lost Touches";0;0;0;1296;1147;1147;3;4;0;0;0;0;600;2;2;2;300;1147;0;0;1147;1147;0
"Narrowphase New Touches";0;0;0;1296;1147;1147;3;4;0;0;0;0;600;2;2;2;300;1147;0;0;1147;1147;0
"Narrowphase Touches";0;0;0;1296;1147;1147;3;4;0;0;0;0;600;2;2;2;300;1147;0;0;1147;1147;0
"Object Count";0;0;0;1296;1147;1147;3;3;0;0;0;0;300;1;1;1;300;1147;0;0;1147;1147;0
"Other Reads";0;0;0;1296;1147;1147;3;3;0;0;0;0;300;1;1;1;300;1147;0;0;1147;1147;0
"Overlaps";0;0;0;1296;1147;1147;3;4;0;0;0;0;600;2;2;2;300;1147;0;0;1147;1147;0
"Physics Queries";0;0;0;1296;1147;1147;3;4;0;0;0;0;600;2;2;2;300;1147;0;0;1147;1147;0
"Physics Used Memory";0;0;0;1296;1147;1147;3;4;0;0;0;0;600;2;2;2;300;1147;0;0;1147;1147;0
"Profiler Reserved Memory";0;0;0;1296;1147;1147;3;3;0;0;0;0;300;1;1;1;300;1147;0;0;1147;1147;0
"Profiler Used Memory";0;0;0;1296;1147;1147;3;3;0;0;0;0;300;1;1;1;300;1147;0;0;1147;1147;0
"Read From Disk";0;0;0;1296;1147;1147;3;3;0;0;0;0;300;1;1;1;300;1147;0;0;1147;1147;0
"Reads in Flight";0;0;0;1296;1147;1147;3;3;0;0;0;0;300;1;1;1;300;1147;0;0;1147;1147;0
"Render Textures Bytes";0;0;0;1296;1147;1147;3;3;0;0;0;0;300;1;1;1;300;1147;0;0;1147;1147;0
"Render Textures Count";0;0;0;1296;1147;1147;3;3;0;0;0;0;300;1;1;1;300;1147;0;0;1147;1147;0
"Required Tiles";0;0;0;1296;1147;1147;3;3;0;0;0;0;300;1;1;1;300;1147;0;0;1147;1147;0
"Rigidbodies Synced";0;0;0;1296;1147;1147;3;4;0;0;0;0;600;2;2;2;300;1147;0;0;1147;1147;0
"Scene Object Count";0;0;0;1296;1147;1147;3;3;0;0;0;0;300;1;1;1;300;1147;0;0;1147;1147;0
"Scripting Reads";0;0;0;1296;1147;1147;3;3;0;0;0;0;300;1;1;1;300;1147;0;0;1147;1147;0
"Static Colliders";0;0;0;1296;1147;1147;3;4;0;0;0;0;600;2;2;2;300;1147;0;0;1147;1147;0
"System Used Memory";0;0;0;1296;1147;1147;3;3;0;0;0;0;300;1;1;1;300;1147;0;0;1147;1147;0
"Texture Count";0;0;0;1296;1147;1147;3;3;0;0;0;0;300;1;1;1;300;1147;0;0;1147;1147;0
"Texture Memory";0;0;0;1296;1147;1147;3;3;0;0;0;0;300;1;1;1;300;1147;0;0;1147;1147;0
"Texture Reads";0;0;0;1296;1147;1147;3;3;0;0;0;0;300;1;1;1;300;1147;0;0;1147;1147;0
"Total CPU Cache Size";0;0;0;1296;1147;1147;3;3;0;0;0;0;300;1;1;1;300;1147;0;0;1147;1147;0
"Total GPU Cache Size";0;0;0;1296;1147;1147;3;3;0;0;0;0;300;1;1;1;300;1147;0;0;1147;1147;0
"Total Reserved Memory";0;0;0;1296;1147;1147;3;3;0;0;0;0;300;1;1;1;300;1147;0;0;1147;1147;0
"Total Used Memory";0;0;0;1296;1147;1147;3;3;0;0;0;0;300;1;1;1;300;1147;0;0;1147;1147;0
"Trigger Overlaps";0;0;0;1296;1147;1147;3;4;0;0;0;0;900;3;3;3;300;1147;0;0;1147;1147;0
"Video Reserved Memory";0;0;0;1296;1147;1147;3;3;0;0;0;0;300;1;1;1;300;1147;0;0;1147;1147;0
"Video Used Memory";0;0;0;1296;1147;1147;3;3;0;0;0;0;300;1;1;1;300;1147;0;0;1147;1147;0
"Virtual Texture Reads";0;0;0;1296;1147;1147;3;3;0;0;0;0;300;1;1;1;300;1147;0;0;1147;1147;0
